{"pos": [[0, 0], [0, 1], [0, 2], [0, 3], [0, 4], [0, 5], [0, 6], [0, 7], [1, 0], [1, 1], [1, 2], [1, 3], [1, 4], [1, 5], [1, 6], [1, 7], [2, 0], [2, 1], [2, 2], [2, 3], [2, 4], [2, 5], [2, 6], [2, 7], [3, 0], [3, 1], [3, 2], [3, 3], [3, 4], [3, 5], [3, 6], [3, 7], [4, 0], [4, 1], [4, 2], [4, 3], [4, 4], [4, 5], [4, 6], [4, 7], [5, 0], [5, 1], [5, 2], [5, 3], [5, 4], [5, 5], [5, 6], [5, 7], [6, 0], [6, 1], [6, 2], [6, 3], [6, 4], [6, 5], [6, 6], [6, 7], [7, 0], [7, 1], [7, 2], [7, 3], [7, 4], [7, 5], [7, 6], [7, 7]], "edges": [[0, 8, 0.7314035164248891], [1, 9, 0.49003995496914643], [2, 3, 0.3534075930290015], [2, 10, 0.6011357936394531], [3, 4, 0.2872835482099053], [4, 5, 0.3085735671179589], [4, 12, 0.03146152131332358], [5, 6, 0.5746615110331189], [5, 13, 0.7333865969125147], [6, 7, 0.5258109770188923], [8, 9, 0.25921318541954974], [8, 16, 0.2810772564328293], [9, 10, 0.9885981973797594], [9, 17, 0.6731445727315396], [10, 11, 0.3647616386984366], [11, 12, 0.12239277810084437], [11, 19, 0.9676097773107192], [12, 13, 0.01588511538396231], [13, 14, 0.17021191022962356], [13, 21, 0.3383209524259506], [14, 15, 0.593766189035576], [14, 22, 0.13922042265611068], [16, 17, 0.7191078517629748], [16, 24, 0.4509466268454635], [17, 18, 0.5626340640475425], [17, 25, 0.6053312671718779], [18, 19, 0.09643873208849663], [18, 26, 0.430268965959416], [19, 20, 0.1153893713975549], [19, 27, 0.1775971553821386], [21, 22, 0.14843918244922472], [21, 29, 0.1536593654415519], [24, 32, 0.10711112246924936], [25, 33, 0.16585743338477477], [26, 27, 0.34817589165628193], [27, 28, 0.22738740206203856], [28, 29, 0.6342641016963517], [28, 36, 0.32532612245538584], [29, 30, 0.8053465229767544], [29, 37, 0.05266972338268827], [30, 31, 0.31858132159858743], [30, 38, 0.9738429081202563], [32, 33, 0.905281977671937], [33, 34, 0.23720898485491893], [33, 41, 0.06981362173486971], [34, 35, 0.22655437850766968], [34, 42, 0.35651670310914974], [36, 44, 0.997030665470214], [38, 46, 0.4496136299970943], [40, 41, 0.37305153388023893], [40, 48, 0.5567296207868436], [41, 42, 0.333053470195523], [41, 49, 0.22335274521881587], [42, 43, 0.46947616387409286], [43, 44, 0.141524440912013], [44, 45, 0.9114853402583736], [44, 52, 0.9249056671720528], [45, 46, 0.21271626169521218], [45, 53, 0.6969617095830946], [46, 47, 0.8731982501430029], [48, 49, 0.792385793682665], [48, 56, 0.7030012433282664], [49, 50, 0.6966356763197453], [49, 57, 0.6749521316643077], [50, 51, 0.19062075429172765], [50, 58, 0.963064336019217], [51, 52, 0.873668338584198], [51, 59, 0.13790800744969023], [52, 53, 0.10617298427607391], [52, 60, 0.35502409671567914], [53, 54, 0.07682803676271277], [53, 61, 0.7747129461999703], [15, 23, 0.3772046705480846], [23, 31, 0.21967058752257207], [31, 39, 0.5814001011276196], [39, 47, 0.025187549519807395], [47, 55, 0.6825661486519584], [55, 63, 0.37784607879348353], [58, 59, 0.834349224837382], [60, 61, 0.6813959636049828], [61, 62, 0.6942935129667821]], "oriented": false, "discover": false, "dist": true, "mode": "map"}