{"pos": [[0, 0], [0, 1], [0, 2], [0, 3], [0, 4], [0, 5], [0, 6], [0, 7], [1, 0], [1, 1], [1, 2], [1, 3], [1, 4], [1, 5], [1, 6], [1, 7], [2, 0], [2, 1], [2, 2], [2, 3], [2, 4], [2, 5], [2, 6], [2, 7], [3, 0], [3, 1], [3, 2], [3, 3], [3, 4], [3, 5], [3, 6], [3, 7], [4, 0], [4, 1], [4, 2], [4, 3], [4, 4], [4, 5], [4, 6], [4, 7], [5, 0], [5, 1], [5, 2], [5, 3], [5, 4], [5, 5], [5, 6], [5, 7], [6, 0], [6, 1], [6, 2], [6, 3], [6, 4], [6, 5], [6, 6], [6, 7], [7, 0], [7, 1], [7, 2], [7, 3], [7, 4], [7, 5], [7, 6], [7, 7]], "edges": [[0, 1, 0.47710683089914585], [0, 8, 0.4420281742323062], [1, 2, 0.025957260821111272], [2, 3, 0.8179428288290157], [2, 10, 0.6787871197095826], [3, 11, 0.5125343419547382], [4, 5, 0.7697923588023677], [4, 12, 0.0760796364934484], [6, 7, 0.4051489754085007], [6, 14, 0.5891508010712747], [8, 9, 0.5859003585055066], [8, 16, 0.7050947915712482], [9, 10, 0.5785345946378952], [9, 17, 0.16221940190012518], [10, 11, 0.04969774124266668], [11, 12, 0.05518102176763107], [11, 19, 0.9298975674820013], [12, 13, 0.6691517115403438], [12, 20, 0.7985072532126968], [13, 14, 0.7393169443434068], [13, 21, 0.6750112055205614], [14, 15, 0.1811735691998464], [14, 22, 0.6379876152240743], [16, 24, 0.6344149160549333], [17, 18, 0.8503174509829285], [17, 25, 0.42150208713034876], [18, 19, 0.2489595346069743], [19, 20, 0.671810499217249], [19, 27, 0.04863700218885603], [20, 21, 0.16509836535417954], [21, 22, 0.8382841520543831], [21, 29, 0.214264080516942], [24, 25, 0.07073200336552155], [24, 32, 0.560304298343947], [25, 26, 0.033921662752440684], [25, 33, 0.9172661198566726], [26, 27, 0.5380250392380694], [26, 34, 0.2501811055465345], [27, 28, 0.06622212570303265], [27, 35, 0.6570438650291975], [28, 36, 0.3806247794774784], [29, 30, 0.6439026698566281], [30, 31, 0.14643311156202332], [32, 40, 0.07963952077735215], [33, 41, 0.7872882851807509], [34, 35, 0.31623114893949467], [34, 42, 0.7283715425506417], [35, 36, 0.14136908893733113], [35, 43, 0.5612736467708879], [36, 37, 0.3091431752185403], [36, 44, 0.43987401802110515], [37, 38, 0.10745550078046084], [37, 45, 0.9885590672517254], [38, 46, 0.5007982722375054], [40, 48, 0.6899493716817527], [41, 49, 0.875998669978507], [42, 50, 0.3797378451071367], [44, 45, 0.4553739956765762], [44, 52, 0.31410271499599796], [45, 46, 0.7374084505381769], [46, 47, 0.49982522730368073], [48, 56, 0.019346667089712666], [49, 50, 0.23103989580921724], [49, 57, 0.828039481109439], [50, 51, 0.1453390102631077], [51, 52, 0.7644150930959884], [51, 59, 0.6054618388572619], [52, 53, 0.43950643904673214], [52, 60, 0.3642413973941876], [53, 54, 0.6471194521668131], [53, 61, 0.7273051565145714], [54, 62, 0.7485508941198752], [15, 23, 0.6957278137744545], [23, 31, 0.21322686401319046], [31, 39, 0.7950088767789023], [47, 55, 0.2452193882023107], [55, 63, 0.02250497220374026], [57, 58, 0.005039228264647866], [58, 59, 0.9390001933024578], [59, 60, 0.21410501064287513], [62, 63, 0.9823492325418243]], "oriented": false, "discover": false, "dist": true, "mode": "map"}