{"pos": [[0, 0], [0, 1], [0, 2], [0, 3], [0, 4], [0, 5], [0, 6], [0, 7], [1, 0], [1, 1], [1, 2], [1, 3], [1, 4], [1, 5], [1, 6], [1, 7], [2, 0], [2, 1], [2, 2], [2, 3], [2, 4], [2, 5], [2, 6], [2, 7], [3, 0], [3, 1], [3, 2], [3, 3], [3, 4], [3, 5], [3, 6], [3, 7], [4, 0], [4, 1], [4, 2], [4, 3], [4, 4], [4, 5], [4, 6], [4, 7], [5, 0], [5, 1], [5, 2], [5, 3], [5, 4], [5, 5], [5, 6], [5, 7], [6, 0], [6, 1], [6, 2], [6, 3], [6, 4], [6, 5], [6, 6], [6, 7], [7, 0], [7, 1], [7, 2], [7, 3], [7, 4], [7, 5], [7, 6], [7, 7]], "edges": [[0, 1, 0.5243329678144842], [0, 8, 0.8849214315168852], [1, 2, 0.447525507015065], [1, 9, 0.7500465601811303], [2, 3, 0.43474391162835446], [2, 10, 0.7853745915820287], [3, 4, 0.6363578130468445], [3, 11, 0.7132951233045886], [4, 5, 0.576349280700763], [5, 6, 0.7276484288158], [5, 13, 0.5186227556993488], [6, 7, 0.6221896990826308], [6, 14, 0.26693463118914396], [9, 10, 0.7571850154597658], [10, 18, 0.22787033767490616], [11, 12, 0.6816809783479255], [11, 19, 0.13817684401198593], [12, 13, 0.3666554454527181], [13, 14, 0.9956227761247445], [13, 21, 0.7828152673950388], [14, 15, 0.22087938193943557], [16, 17, 0.7642732000538521], [16, 24, 0.9469085405279417], [17, 18, 0.4043865576182347], [18, 19, 0.12038093249823334], [19, 20, 0.03512100477267899], [19, 27, 0.06959525300659064], [20, 28, 0.7862718930567989], [21, 22, 0.5001814575110668], [21, 29, 0.1792438606941954], [24, 25, 0.42379899744700567], [24, 32, 0.5074467378600119], [25, 26, 0.7030105349818946], [25, 33, 0.26685215811424523], [26, 27, 0.9836876859047768], [26, 34, 0.1722692749341761], [27, 28, 0.9424600964031251], [27, 35, 0.8386978986459409], [28, 29, 0.8478516591913343], [29, 30, 0.4963683666424352], [29, 37, 0.9719571723972513], [30, 31, 0.23565165397463939], [30, 38, 0.1968990014363906], [32, 40, 0.5140836444751772], [33, 34, 0.20869468455309825], [33, 41, 0.9309837906190682], [34, 35, 0.08731468714484092], [34, 42, 0.554276312818122], [35, 36, 0.11692927905021722], [35, 43, 0.7111960194697637], [37, 45, 0.38508317579047924], [38, 46, 0.9402568331166237], [40, 41, 0.9803452633325306], [40, 48, 0.342826075739437], [41, 49, 0.08539103477662235], [42, 50, 0.976566704387182], [43, 51, 0.9421570164428466], [44, 45, 0.5548574089716451], [44, 52, 0.8843042458567251], [45, 53, 0.8545685210842652], [46, 47, 0.9262564078096085], [46, 54, 0.5594683312401241], [48, 49, 0.7910111531730954], [48, 56, 0.7839903745493082], [49, 50, 0.4278943036034698], [49, 57, 0.4405892910291749], [50, 58, 0.32605500908758267], [51, 59, 0.7720368958170445], [53, 54, 0.46450293956217537], [53, 61, 0.028661949343248727], [54, 55, 0.936906450250123], [54, 62, 0.935227157824681], [7, 15, 0.41942571754370195], [15, 23, 0.39146277971143206], [31, 39, 0.47391276191686527], [47, 55, 0.007888802677067153], [56, 57, 0.20663858194323093], [57, 58, 0.10740157210835632], [58, 59, 0.9671804166484157], [60, 61, 0.9042266632826903], [62, 63, 0.6362599107091644]], "oriented": false, "discover": false, "dist": true, "mode": "map"}