{"pos": [[0, 0], [0, 1], [0, 2], [0, 3], [0, 4], [0, 5], [0, 6], [0, 7], [0, 8], [1, 0], [1, 1], [1, 2], [1, 3], [1, 4], [1, 5], [1, 6], [1, 7], [1, 8], [2, 0], [2, 1], [2, 2], [2, 3], [2, 4], [2, 5], [2, 6], [2, 7], [2, 8], [3, 0], [3, 1], [3, 2], [3, 3], [3, 4], [3, 5], [3, 6], [3, 7], [3, 8], [4, 0], [4, 1], [4, 2], [4, 3], [4, 4], [4, 5], [4, 6], [4, 7], [4, 8], [5, 0], [5, 1], [5, 2], [5, 3], [5, 4], [5, 5], [5, 6], [5, 7], [5, 8], [6, 0], [6, 1], [6, 2], [6, 3], [6, 4], [6, 5], [6, 6], [6, 7], [6, 8], [7, 0], [7, 1], [7, 2], [7, 3], [7, 4], [7, 5], [7, 6], [7, 7], [7, 8], [8, 0], [8, 1], [8, 2], [8, 3], [8, 4], [8, 5], [8, 6], [8, 7], [8, 8]], "edges": [[0, 1, 0.011006155873655499], [0, 9, 0.04120239934136205], [2, 3, 0.47873718159279566], [2, 11, 0.837673063818694], [3, 4, 0.29287576383033165], [3, 12, 0.46155832633481964], [4, 13, 0.6331096907619359], [5, 6, 0.5480107726334987], [5, 14, 0.033886149044474845], [6, 7, 0.16442581428994263], [6, 15, 0.436695233371708], [7, 8, 0.1807104750514401], [9, 10, 0.7642560978828588], [9, 18, 0.6462184984020091], [10, 11, 0.4370995098749084], [11, 12, 0.8761650676675107], [11, 20, 0.07939080081345029], [12, 13, 0.48748431914970325], [12, 21, 0.7232949553916375], [13, 14, 0.35491254416369244], [13, 22, 0.7801629176174385], [14, 15, 0.9327709967761381], [14, 23, 0.9725389214108748], [15, 16, 0.23237942955126045], [15, 24, 0.765281224403665], [16, 17, 0.22301053609999], [16, 25, 0.2128282147822561], [18, 19, 0.04660601150946486], [18, 27, 0.44870252616097195], [19, 28, 0.8546609570950766], [21, 30, 0.022095100360399633], [22, 31, 0.4409368333810413], [25, 26, 0.8108597954815734], [25, 34, 0.49739580865900745], [27, 28, 0.4042645197692647], [27, 36, 0.14690652169592733], [28, 29, 0.5508293296910767], [28, 37, 0.2621335320421859], [29, 30, 0.6329184190459671], [29, 38, 0.6935902441386713], [30, 31, 0.14853877992093112], [30, 39, 0.4533029674677487], [31, 32, 0.16801148972266622], [31, 40, 0.027578083742449855], [32, 33, 0.10453877943956524], [32, 41, 0.8276107904365423], [33, 34, 0.7327546215012012], [33, 42, 0.3161950752301418], [34, 43, 0.6274601519411922], [36, 37, 0.31471469940746755], [36, 45, 0.8930535851230361], [37, 38, 0.9455891195623931], [38, 39, 0.3472760057289169], [39, 48, 0.4416672475152116], [40, 49, 0.36472949322948944], [41, 42, 0.9024509007946283], [41, 50, 0.4606243963740808], [42, 43, 0.7380100150402472], [43, 44, 0.38453717705051715], [43, 52, 0.11335922700345591], [45, 46, 0.24640980844050453], [45, 54, 0.8945957237190899], [46, 47, 0.5973319478531621], [46, 55, 0.705580407454364], [47, 48, 0.16881533631751178], [47, 56, 0.7796999991067469], [49, 50, 0.8275332887912019], [49, 58, 0.8282931407846665], [50, 51, 0.10784963169967399], [50, 59, 0.12539912052807223], [52, 61, 0.8881770392737958], [54, 55, 0.6052705232809664], [54, 63, 0.6947616785420404], [55, 56, 0.7353171640018749], [55, 64, 0.6026835429451778], [56, 57, 0.7446090900564228], [56, 65, 0.03329980875576388], [57, 58, 0.8740407799084365], [58, 59, 0.9587832043876505], [59, 60, 0.334966881107968], [59, 68, 0.10716507694736843], [60, 69, 0.025129065319429156], [63, 72, 0.14292981820502915], [64, 65, 0.10859544125910081], [65, 66, 0.10053672693618765], [65, 74, 0.8811135784723279], [66, 67, 0.9647457267850225], [67, 76, 0.6346596585843787], [68, 69, 0.09779975371899186], [68, 77, 0.5638190875517022], [69, 70, 0.41567789207764017], [69, 78, 0.29667238887565794], [70, 71, 0.9165137627962525], [17, 26, 0.9669901738710569], [26, 35, 0.8227946171536146], [44, 53, 0.8864909034758107], [53, 62, 0.3460336189982077], [71, 80, 0.4166780876907089], [72, 73, 0.05585503857519536], [73, 74, 0.4895763260477183], [74, 75, 0.8255311798070366], [77, 78, 0.15326049353631865], [78, 79, 0.7136614021899348], [79, 80, 0.8537881343866142]], "oriented": false, "discover": false, "dist": true, "mode": "map"}