{"pos": [[0, 0], [0, 1], [0, 2], [0, 3], [0, 4], [0, 5], [0, 6], [0, 7], [0, 8], [1, 0], [1, 1], [1, 2], [1, 3], [1, 4], [1, 5], [1, 6], [1, 7], [1, 8], [2, 0], [2, 1], [2, 2], [2, 3], [2, 4], [2, 5], [2, 6], [2, 7], [2, 8], [3, 0], [3, 1], [3, 2], [3, 3], [3, 4], [3, 5], [3, 6], [3, 7], [3, 8], [4, 0], [4, 1], [4, 2], [4, 3], [4, 4], [4, 5], [4, 6], [4, 7], [4, 8], [5, 0], [5, 1], [5, 2], [5, 3], [5, 4], [5, 5], [5, 6], [5, 7], [5, 8], [6, 0], [6, 1], [6, 2], [6, 3], [6, 4], [6, 5], [6, 6], [6, 7], [6, 8], [7, 0], [7, 1], [7, 2], [7, 3], [7, 4], [7, 5], [7, 6], [7, 7], [7, 8], [8, 0], [8, 1], [8, 2], [8, 3], [8, 4], [8, 5], [8, 6], [8, 7], [8, 8]], "edges": [[0, 1, 0.221444556984413], [0, 9, 0.033311849110008285], [1, 2, 0.31788550638828195], [1, 10, 0.8642770810195127], [2, 3, 0.6731781257259161], [2, 11, 0.09480537593752991], [3, 4, 0.9573734055844954], [4, 5, 0.5206512851675534], [4, 13, 0.8323101432025188], [5, 6, 0.5927102519209165], [5, 14, 0.6855041290375332], [6, 7, 0.37030731219720403], [7, 8, 0.6027825704280568], [7, 16, 0.3991880504246297], [9, 10, 0.549474704075733], [9, 18, 0.1703356419354224], [11, 12, 0.6048112427080997], [11, 20, 0.6342209595725822], [12, 13, 0.37988234828446765], [12, 21, 0.5116769641556532], [13, 14, 0.13718291200143606], [13, 22, 0.47552856489246087], [14, 15, 0.871277845083665], [14, 23, 0.05315501136943279], [15, 24, 0.516467320071561], [16, 25, 0.8530268882900982], [18, 19, 0.12291177641055429], [18, 27, 0.016134603198930786], [19, 28, 0.9918804432042172], [21, 30, 0.5769035517152554], [22, 31, 0.5573899755167601], [23, 32, 0.3372449757617658], [24, 25, 0.35719471887585985], [24, 33, 0.47325183111160385], [25, 34, 0.30930445451081934], [27, 36, 0.5028348523569264], [28, 29, 0.08632468018360262], [28, 37, 0.42432315769439666], [30, 31, 0.3609453009163158], [30, 39, 0.3779133472672108], [31, 32, 0.5615059660564575], [31, 40, 0.2792790790750179], [32, 41, 0.6693641968044199], [33, 42, 0.8518911739478569], [34, 35, 0.8220224688295934], [34, 43, 0.7882124215929057], [36, 37, 0.3850710186063653], [36, 45, 0.7764743838333673], [37, 38, 0.7917758964626664], [38, 47, 0.509722607212281], [39, 40, 0.27824480335093793], [39, 48, 0.33967146116114744], [40, 41, 0.15405382720448746], [40, 49, 0.5602047613420963], [43, 44, 0.6989522851408999], [45, 46, 0.43066284232003205], [45, 54, 0.18737626687309517], [46, 47, 0.59653665829012], [47, 48, 0.7118077706360688], [47, 56, 0.7921021143610122], [48, 49, 0.7531779795856958], [48, 57, 0.5902171405004146], [49, 50, 0.1727407240551403], [49, 58, 0.5601460275947312], [50, 51, 0.4683946820642768], [50, 59, 0.18710683155219598], [51, 52, 0.8976695111637013], [51, 60, 0.9947340174905143], [52, 61, 0.08550191833613074], [54, 55, 0.20980416348479958], [54, 63, 0.055654263347954314], [55, 56, 0.5723378837833866], [55, 64, 0.9154428714351847], [57, 58, 0.3503395403980334], [57, 66, 0.4770735427372951], [58, 59, 0.49286479506232117], [59, 60, 0.17113875644938925], [59, 68, 0.43544854030804236], [60, 61, 0.341787617895552], [61, 62, 0.6545865758293709], [61, 70, 0.3808120293229915], [64, 65, 0.24223445708439806], [64, 73, 0.8326715673586607], [65, 66, 0.5245658231476552], [66, 67, 0.5140549500938532], [66, 75, 0.9936576873755459], [67, 76, 0.7590777289431011], [68, 69, 0.18638606936681223], [68, 77, 0.7224277593620804], [69, 78, 0.8523747626936045], [70, 71, 0.14166203339299854], [70, 79, 0.7787414976772414], [8, 17, 0.518569211031446], [17, 26, 0.8753006342887472], [44, 53, 0.1696766681487395], [71, 80, 0.6091676000950481], [72, 73, 0.6412582146711883], [73, 74, 0.506014421967813], [74, 75, 0.05913824192880379], [75, 76, 0.3096631966973947], [76, 77, 0.22254568641576644], [77, 78, 0.16358646504508179], [78, 79, 0.7975594400076679], [79, 80, 0.25054664434586504]], "oriented": false, "discover": false, "dist": true, "mode": "map"}