{"pos": [[0, 0], [0, 1], [0, 2], [0, 3], [0, 4], [0, 5], [0, 6], [0, 7], [1, 0], [1, 1], [1, 2], [1, 3], [1, 4], [1, 5], [1, 6], [1, 7], [2, 0], [2, 1], [2, 2], [2, 3], [2, 4], [2, 5], [2, 6], [2, 7], [3, 0], [3, 1], [3, 2], [3, 3], [3, 4], [3, 5], [3, 6], [3, 7], [4, 0], [4, 1], [4, 2], [4, 3], [4, 4], [4, 5], [4, 6], [4, 7], [5, 0], [5, 1], [5, 2], [5, 3], [5, 4], [5, 5], [5, 6], [5, 7], [6, 0], [6, 1], [6, 2], [6, 3], [6, 4], [6, 5], [6, 6], [6, 7], [7, 0], [7, 1], [7, 2], [7, 3], [7, 4], [7, 5], [7, 6], [7, 7]], "edges": [[0, 1, 0.12276928729690062], [0, 8, 0.5201461841663265], [1, 2, 0.29807390277019286], [2, 3, 0.5643306510334811], [2, 10, 0.9548311009146548], [3, 4, 0.3197195684161982], [3, 11, 0.35355557548507965], [4, 5, 0.3520234012706852], [4, 12, 0.9167880803592057], [5, 6, 0.4550859342344956], [6, 7, 0.7696908184164144], [6, 14, 0.5398782400270756], [8, 9, 0.12546004552968792], [8, 16, 0.5450534686012041], [9, 17, 0.2630947875270657], [10, 18, 0.7841769411057281], [11, 19, 0.8806388519334469], [12, 13, 0.6407024302695313], [13, 14, 0.12107799176085998], [13, 21, 0.2577795444652683], [14, 15, 0.9319992505469278], [14, 22, 0.4077197267295296], [16, 17, 0.5476819290214106], [16, 24, 0.37212697113100746], [17, 25, 0.6055438990974038], [18, 19, 0.861464219349338], [18, 26, 0.4698232710757655], [19, 27, 0.39316639400346876], [20, 28, 0.35999472110547726], [21, 22, 0.30758215119368193], [21, 29, 0.8946216610455088], [22, 30, 0.1715982701335529], [24, 25, 0.21678706596104003], [24, 32, 0.8559390490544467], [25, 26, 0.6796062861577841], [26, 27, 0.7513778940312524], [26, 34, 0.30638721459160156], [27, 28, 0.4621678252530005], [27, 35, 0.7566518948589381], [29, 37, 0.3533425911967055], [30, 31, 0.7271873191162994], [30, 38, 0.11406752531313069], [33, 34, 0.06356216945870685], [33, 41, 0.23633492459386873], [34, 35, 0.3115649105620337], [35, 36, 0.44097587526321713], [35, 43, 0.9758231684319568], [36, 37, 0.1929521424617574], [37, 45, 0.5079151878176971], [38, 39, 0.9766743391611216], [40, 41, 0.9264607233064933], [40, 48, 0.2852979561938669], [41, 42, 0.4637183058885723], [41, 49, 0.3493343933069858], [42, 43, 0.6613758952600377], [42, 50, 0.3943166195754626], [43, 51, 0.2532408992036357], [44, 45, 0.19196725674691917], [45, 46, 0.3510990294845634], [45, 53, 0.7084398476091195], [46, 54, 0.5343499584615249], [48, 49, 0.4413410163631891], [48, 56, 0.22433617773455206], [49, 50, 0.8962558197708367], [49, 57, 0.3383785172788413], [50, 51, 0.5165688113883814], [50, 58, 0.3885308475283159], [51, 52, 0.15068463133104226], [52, 53, 0.8168926555253054], [52, 60, 0.519982621011905], [53, 61, 0.6914982858931839], [54, 55, 0.8491278444745647], [54, 62, 0.4143849281670319], [15, 23, 0.5888596160479999], [23, 31, 0.8038284696959943], [39, 47, 0.9553936415551019], [55, 63, 0.2687471312430879], [57, 58, 0.7894183764717617], [58, 59, 0.6135264699588624], [59, 60, 0.02160745569594502], [62, 63, 0.4137149851645695]], "oriented": false, "discover": false, "dist": true, "mode": "map"}