{"pos": [[0, 0], [0, 1], [0, 2], [0, 3], [0, 4], [0, 5], [0, 6], [0, 7], [1, 0], [1, 1], [1, 2], [1, 3], [1, 4], [1, 5], [1, 6], [1, 7], [2, 0], [2, 1], [2, 2], [2, 3], [2, 4], [2, 5], [2, 6], [2, 7], [3, 0], [3, 1], [3, 2], [3, 3], [3, 4], [3, 5], [3, 6], [3, 7], [4, 0], [4, 1], [4, 2], [4, 3], [4, 4], [4, 5], [4, 6], [4, 7], [5, 0], [5, 1], [5, 2], [5, 3], [5, 4], [5, 5], [5, 6], [5, 7], [6, 0], [6, 1], [6, 2], [6, 3], [6, 4], [6, 5], [6, 6], [6, 7], [7, 0], [7, 1], [7, 2], [7, 3], [7, 4], [7, 5], [7, 6], [7, 7]], "edges": [[0, 1, 0.17048585136290495], [0, 8, 0.21213486463666786], [1, 2, 0.5632495133199129], [1, 9, 0.634495987641441], [2, 3, 0.5294326017595917], [2, 10, 0.23249663533364884], [3, 4, 0.4495479325584091], [3, 11, 0.9543760488629982], [4, 5, 0.3275312463467773], [5, 6, 0.6079195409641641], [5, 13, 0.22023836463811053], [6, 7, 0.49022700926478746], [8, 9, 0.7532554470186184], [9, 10, 0.4435480679121405], [9, 17, 0.9372354692585114], [10, 11, 0.6829209031537826], [10, 18, 0.627229069158923], [11, 12, 0.08857120385371853], [11, 19, 0.4651174872202327], [12, 13, 0.44482562821077887], [12, 20, 0.10367075440527485], [13, 14, 0.8328383779133515], [13, 21, 0.4439828773341279], [16, 17, 0.4611932094491863], [17, 25, 0.44063673639180145], [18, 26, 0.26830945467827183], [20, 21, 0.3256806326232248], [20, 28, 0.9856584867395805], [21, 22, 0.7664559961031633], [21, 29, 0.6299393575188247], [22, 23, 0.016180003861852588], [22, 30, 0.5589917206004911], [24, 25, 0.8495621023753244], [25, 33, 0.41869126101895693], [26, 27, 0.23010486769127436], [27, 28, 0.164171765032318], [28, 36, 0.46274796764927795], [29, 30, 0.528842531492971], [29, 37, 0.5745119455158729], [30, 31, 0.4445371875639619], [30, 38, 0.8311082725470119], [32, 33, 0.4969457354196122], [33, 34, 0.9743159820245777], [33, 41, 0.797860715226369], [34, 42, 0.9490210059305246], [35, 36, 0.46593283738274893], [35, 43, 0.33694929892634595], [36, 37, 0.3357191317323017], [36, 44, 0.042132065236968885], [37, 45, 0.879704126286127], [38, 46, 0.8131012306522326], [40, 41, 0.0063102896886884086], [40, 48, 0.6374622677274085], [41, 42, 0.29960903619634494], [41, 49, 0.2456346601235292], [42, 43, 0.2522768504156625], [42, 50, 0.39899966309787327], [43, 44, 0.10552992231394276], [44, 45, 0.37706172537509297], [44, 52, 0.9918118521117324], [45, 53, 0.9189199131934412], [46, 47, 0.27902018794441663], [46, 54, 0.42436536935199254], [48, 56, 0.6120513256647794], [49, 50, 0.5649834311796863], [49, 57, 0.14735793372038042], [50, 58, 0.8433442095384004], [51, 52, 0.6183243617260021], [51, 59, 0.7254396176644876], [52, 53, 0.36236391985859717], [52, 60, 0.7847550965637391], [53, 61, 0.7005219017953922], [7, 15, 0.7387012126171474], [15, 23, 0.5799060462144527], [23, 31, 0.994133780653385], [31, 39, 0.838609213400036], [47, 55, 0.2300882096354241], [55, 63, 0.18662964420349903], [56, 57, 0.5007010819011238], [59, 60, 0.964469883484398], [61, 62, 0.34258543713453027]], "oriented": false, "discover": false, "dist": true, "mode": "map"}