{"pos": [[0, 0], [0, 1], [0, 2], [0, 3], [0, 4], [0, 5], [0, 6], [0, 7], [1, 0], [1, 1], [1, 2], [1, 3], [1, 4], [1, 5], [1, 6], [1, 7], [2, 0], [2, 1], [2, 2], [2, 3], [2, 4], [2, 5], [2, 6], [2, 7], [3, 0], [3, 1], [3, 2], [3, 3], [3, 4], [3, 5], [3, 6], [3, 7], [4, 0], [4, 1], [4, 2], [4, 3], [4, 4], [4, 5], [4, 6], [4, 7], [5, 0], [5, 1], [5, 2], [5, 3], [5, 4], [5, 5], [5, 6], [5, 7], [6, 0], [6, 1], [6, 2], [6, 3], [6, 4], [6, 5], [6, 6], [6, 7], [7, 0], [7, 1], [7, 2], [7, 3], [7, 4], [7, 5], [7, 6], [7, 7]], "edges": [[0, 1, 0.163145536970423], [0, 8, 0.394614852758571], [1, 2, 0.254636246828452], [2, 3, 0.08018697325377033], [2, 10, 0.1005078769061809], [3, 4, 0.3903937753954898], [3, 11, 0.5917854454201831], [4, 5, 0.5315367177542265], [4, 12, 0.20593037180341522], [5, 6, 0.639766286645394], [5, 13, 0.8215572519195947], [6, 7, 0.9998337345877266], [6, 14, 0.624027289095907], [8, 9, 0.36019944744901156], [8, 16, 0.051225104500938534], [9, 17, 0.8673518830212802], [10, 18, 0.5317688872704542], [11, 12, 0.43212595139757326], [12, 13, 0.8082842554896119], [13, 21, 0.6395961158465951], [14, 15, 0.907777361786824], [16, 24, 0.1242474922498632], [17, 25, 0.09178878270118207], [18, 19, 0.6303716998151754], [18, 26, 0.738214582809239], [19, 20, 0.8783708469663778], [19, 27, 0.6108726922010245], [21, 22, 0.18621600352651235], [21, 29, 0.843608740507685], [24, 32, 0.03276298249246545], [25, 26, 0.26386095708637425], [26, 27, 0.5290014177695433], [26, 34, 0.6495858408294267], [27, 28, 0.5250463530051546], [27, 35, 0.5928525438203092], [28, 29, 0.6823399327557664], [29, 30, 0.034183408502370005], [29, 37, 0.7728153312530199], [30, 31, 0.21197958164649844], [32, 33, 0.5192666291139142], [32, 40, 0.8055587070038412], [33, 34, 0.10788132215711654], [33, 41, 0.20983818529402398], [34, 35, 0.7863408343843207], [34, 42, 0.5752776467801015], [35, 36, 0.3414894668921463], [35, 43, 0.6608087409492162], [37, 38, 0.977068622814871], [38, 39, 0.002827585434699187], [38, 46, 0.8083947120520181], [40, 41, 0.4008943270149574], [40, 48, 0.18702489704813152], [41, 42, 0.8425380613568149], [41, 49, 0.16546620814219293], [42, 43, 0.9969388735644965], [42, 50, 0.7255970424014868], [43, 44, 0.45877062800841295], [44, 45, 0.14273208288375583], [44, 52, 0.13063031588262064], [45, 53, 0.1985262626488904], [46, 54, 0.6425033102881664], [48, 49, 0.6181052685582515], [48, 56, 0.8453143545934954], [49, 57, 0.8212886723263458], [50, 51, 0.8766135320399011], [50, 58, 0.5395435441741471], [51, 52, 0.4316215377008077], [52, 53, 0.7997512467533828], [52, 60, 0.4756064573063018], [53, 61, 0.8614297201694674], [54, 55, 0.7040005926725738], [7, 15, 0.9943956037476593], [15, 23, 0.28607134342159946], [23, 31, 0.47882748923714946], [39, 47, 0.018327413920993352], [47, 55, 0.7367085327592379], [56, 57, 0.2460709464463886], [57, 58, 0.11656466327926152], [59, 60, 0.6468361930158522], [61, 62, 0.8421754988771513], [62, 63, 0.8481295116729767]], "oriented": false, "discover": false, "dist": true, "mode": "map"}