{"pos": [[0, 0], [0, 1], [0, 2], [0, 3], [0, 4], [0, 5], [0, 6], [0, 7], [1, 0], [1, 1], [1, 2], [1, 3], [1, 4], [1, 5], [1, 6], [1, 7], [2, 0], [2, 1], [2, 2], [2, 3], [2, 4], [2, 5], [2, 6], [2, 7], [3, 0], [3, 1], [3, 2], [3, 3], [3, 4], [3, 5], [3, 6], [3, 7], [4, 0], [4, 1], [4, 2], [4, 3], [4, 4], [4, 5], [4, 6], [4, 7], [5, 0], [5, 1], [5, 2], [5, 3], [5, 4], [5, 5], [5, 6], [5, 7], [6, 0], [6, 1], [6, 2], [6, 3], [6, 4], [6, 5], [6, 6], [6, 7], [7, 0], [7, 1], [7, 2], [7, 3], [7, 4], [7, 5], [7, 6], [7, 7]], "edges": [[0, 1, 0.4307877146429562], [0, 8, 0.8826828574615299], [1, 2, 0.7177570079882636], [1, 9, 0.909144948700273], [2, 3, 0.7333830137572087], [2, 10, 0.043640540588683496], [3, 4, 0.4925773489889318], [3, 11, 0.355684392563423], [4, 5, 0.04581076099081394], [4, 12, 0.35281530125791094], [5, 6, 0.21224111474927299], [5, 13, 0.9865935665307429], [6, 7, 0.2834237890652618], [6, 14, 0.5107117708657597], [8, 9, 0.22144900868014017], [9, 10, 0.7552208662311274], [9, 17, 0.5535237723012787], [11, 12, 0.590896419994544], [11, 19, 0.9282266564452208], [12, 20, 0.40410498403468387], [13, 21, 0.2125907306855026], [14, 15, 0.6152240001671626], [14, 22, 0.7277295815470183], [16, 17, 0.026562121775360548], [16, 24, 0.9863846559183522], [17, 25, 0.32242786957253755], [18, 19, 0.1988568332409837], [19, 27, 0.45136693407718986], [20, 21, 0.7048638288051857], [20, 28, 0.24426770706537526], [21, 29, 0.15905686193838942], [22, 23, 0.1565952874565878], [24, 25, 0.4570621045141773], [24, 32, 0.12773925481897308], [25, 26, 0.76707780686991], [25, 33, 0.43273083459380657], [27, 28, 0.7069567057272924], [27, 35, 0.6830495774357606], [28, 36, 0.8090804146052956], [29, 30, 0.37322697111538516], [29, 37, 0.24970969957582323], [30, 31, 0.7946580472925212], [30, 38, 0.03878897607550469], [32, 33, 0.049476387783833675], [33, 34, 0.05704405267541868], [33, 41, 0.3485623997590829], [34, 42, 0.06018394089854506], [35, 36, 0.3145579625289495], [35, 43, 0.22508400726591316], [36, 44, 0.2590838319301979], [37, 38, 0.08216576821106925], [38, 39, 0.17596126546641822], [38, 46, 0.5803341145709013], [40, 41, 0.6912727251985731], [40, 48, 0.09664530067526333], [41, 49, 0.47396928674831507], [42, 43, 0.3785264359189261], [42, 50, 0.7125461482887595], [43, 51, 0.010522379779303037], [44, 52, 0.711931077895254], [45, 46, 0.15662492832875574], [45, 53, 0.7884015517543982], [46, 54, 0.6182206384552861], [49, 57, 0.5418781178185533], [50, 51, 0.2053176986922417], [50, 58, 0.06664445130853236], [51, 52, 0.7185021121300543], [51, 59, 0.289792274732408], [52, 60, 0.1720026223217842], [53, 54, 0.5639290187671464], [54, 55, 0.18408132835439484], [54, 62, 0.8103457639275728], [7, 15, 0.0005442336012955185], [15, 23, 0.8540733845628161], [23, 31, 0.13614311771796084], [39, 47, 0.3657635483070317], [55, 63, 0.7286660909021726], [56, 57, 0.4345810307422787], [57, 58, 0.3477316749173003], [58, 59, 0.691696155952458], [61, 62, 0.7047935363227833]], "oriented": false, "discover": false, "dist": true, "mode": "map"}