{"pos": [[0, 0], [0, 1], [0, 2], [0, 3], [0, 4], [0, 5], [0, 6], [0, 7], [1, 0], [1, 1], [1, 2], [1, 3], [1, 4], [1, 5], [1, 6], [1, 7], [2, 0], [2, 1], [2, 2], [2, 3], [2, 4], [2, 5], [2, 6], [2, 7], [3, 0], [3, 1], [3, 2], [3, 3], [3, 4], [3, 5], [3, 6], [3, 7], [4, 0], [4, 1], [4, 2], [4, 3], [4, 4], [4, 5], [4, 6], [4, 7], [5, 0], [5, 1], [5, 2], [5, 3], [5, 4], [5, 5], [5, 6], [5, 7], [6, 0], [6, 1], [6, 2], [6, 3], [6, 4], [6, 5], [6, 6], [6, 7], [7, 0], [7, 1], [7, 2], [7, 3], [7, 4], [7, 5], [7, 6], [7, 7]], "edges": [[0, 1, 0.9256242565028358], [0, 8, 0.007424919438725364], [1, 2, 0.05555366986815813], [1, 9, 0.5506745723758685], [2, 3, 0.04261521541511237], [2, 10, 0.7431797198770913], [3, 4, 0.4595942818159411], [3, 11, 0.46152680304560145], [4, 5, 0.4246392165561378], [4, 12, 0.21384738993073704], [5, 6, 0.32279669876388395], [6, 7, 0.7334408701374425], [8, 9, 0.6397320066207707], [8, 16, 0.9976483152355449], [9, 10, 0.04964714821221872], [9, 17, 0.11608339195975681], [10, 18, 0.9434443458424641], [11, 12, 0.025325870756936597], [11, 19, 0.5493169161653204], [12, 13, 0.4582250310186954], [12, 20, 0.9623928284295789], [13, 14, 0.15116984466701622], [13, 21, 0.8494995242279357], [14, 22, 0.2850314907804741], [16, 24, 0.3637077538541048], [17, 18, 0.9764895733141914], [17, 25, 0.698484092666532], [18, 19, 0.3109165353604323], [19, 27, 0.7252264116136083], [20, 28, 0.5444657679319358], [22, 23, 0.0927976032248875], [22, 30, 0.6841557424607745], [24, 25, 0.03747899647596231], [25, 26, 0.22295414528280066], [25, 33, 0.5461309700771793], [26, 27, 0.09362222909515028], [27, 28, 0.536999790770262], [28, 36, 0.896973471587906], [29, 30, 0.4107806351703812], [29, 37, 0.25617198512654393], [30, 31, 0.9033525468488308], [30, 38, 0.22128143965813285], [32, 33, 0.3616114165154932], [32, 40, 0.17262810981912868], [33, 34, 0.23328688521006613], [33, 41, 0.22100772594266505], [34, 35, 0.6734109941951034], [35, 43, 0.633176708419608], [36, 37, 0.18106132068123015], [36, 44, 0.19437791630384038], [37, 45, 0.29053227404897874], [38, 46, 0.49739185282754905], [40, 48, 0.2768421792074598], [41, 42, 0.7893850064739223], [41, 49, 0.7248081259265312], [42, 43, 0.6416653986551312], [42, 50, 0.9187244306011728], [43, 44, 0.5668480499597054], [43, 51, 0.8830943255338057], [44, 52, 0.9327797006362227], [45, 53, 0.8488779460098227], [48, 49, 0.8993856728951464], [48, 56, 0.03255619317384162], [49, 57, 0.7962458698852599], [50, 51, 0.0013422447193017772], [50, 58, 0.6980540820066734], [51, 59, 0.8663647468553203], [52, 53, 0.9223881477043975], [53, 54, 0.7752894880291172], [53, 61, 0.40502484156876073], [54, 55, 0.7611270705616504], [54, 62, 0.6320017970308208], [7, 15, 0.042235654777581066], [15, 23, 0.4396749112999643], [31, 39, 0.7476211118144557], [39, 47, 0.09507034560401217], [58, 59, 0.23659031415038534], [59, 60, 0.6824752236179135], [60, 61, 0.1245677601733366], [61, 62, 0.1500741241043272], [62, 63, 0.584485248903574]], "oriented": false, "discover": false, "dist": true, "mode": "map"}