{"pos": [[0, 0], [0, 1], [0, 2], [0, 3], [0, 4], [0, 5], [0, 6], [0, 7], [1, 0], [1, 1], [1, 2], [1, 3], [1, 4], [1, 5], [1, 6], [1, 7], [2, 0], [2, 1], [2, 2], [2, 3], [2, 4], [2, 5], [2, 6], [2, 7], [3, 0], [3, 1], [3, 2], [3, 3], [3, 4], [3, 5], [3, 6], [3, 7], [4, 0], [4, 1], [4, 2], [4, 3], [4, 4], [4, 5], [4, 6], [4, 7], [5, 0], [5, 1], [5, 2], [5, 3], [5, 4], [5, 5], [5, 6], [5, 7], [6, 0], [6, 1], [6, 2], [6, 3], [6, 4], [6, 5], [6, 6], [6, 7], [7, 0], [7, 1], [7, 2], [7, 3], [7, 4], [7, 5], [7, 6], [7, 7]], "edges": [[0, 1, 0.16284550776144335], [0, 8, 0.6472544548487636], [1, 2, 0.4651167736507099], [1, 9, 0.2456716148440824], [2, 3, 0.8312626307628468], [3, 4, 0.08976428116455692], [3, 11, 0.36770679882569923], [4, 5, 0.22907975725755658], [4, 12, 0.27104861915077705], [5, 6, 0.811464611730789], [5, 13, 0.6872070929543185], [6, 7, 0.8063251338933638], [6, 14, 0.11518636787163594], [8, 16, 0.1003929041571362], [9, 10, 0.34620919275149187], [9, 17, 0.8370661538185535], [10, 11, 0.236440121538114], [10, 18, 0.018207315995562134], [11, 12, 0.8209517504321276], [11, 19, 0.46827147575305794], [12, 13, 0.9102145605379386], [13, 14, 0.21639829954707013], [13, 21, 0.09130197523618755], [14, 22, 0.11441442168876281], [16, 24, 0.8411102526322906], [17, 25, 0.37696794108378584], [18, 26, 0.010038436021446828], [19, 20, 0.5258274292119255], [19, 27, 0.3490048797518278], [20, 21, 0.11305088353625581], [20, 28, 0.3178334102062512], [21, 29, 0.09401457031844074], [22, 23, 0.3844661583907234], [22, 30, 0.09954708713635008], [24, 32, 0.7524297190401785], [25, 26, 0.9321497070106836], [25, 33, 0.6170185670131756], [27, 35, 0.6108900248024], [28, 29, 0.7876886606242876], [28, 36, 0.8521623826867513], [30, 38, 0.7859268675295087], [32, 33, 0.6388287984099648], [32, 40, 0.4639196720534807], [33, 34, 0.696745094482947], [34, 35, 0.4609382486983188], [34, 42, 0.2831258672243595], [35, 36, 0.37779176469004805], [36, 44, 0.3643132696255802], [37, 38, 0.6577810628115082], [38, 46, 0.24536197375470503], [40, 41, 0.008352086758182886], [40, 48, 0.7909235675486793], [42, 50, 0.6068195134103181], [43, 44, 0.9006746895858418], [43, 51, 0.9930954578175404], [44, 45, 0.6401322162951325], [44, 52, 0.5409399596840385], [46, 47, 0.8628471158264694], [46, 54, 0.3830513504008418], [48, 49, 0.12041782124014222], [48, 56, 0.7468105312549758], [49, 50, 0.029178848419029957], [49, 57, 0.8527938365103808], [51, 52, 0.46349296995416167], [51, 59, 0.4649479326346727], [52, 60, 0.08487578553816844], [53, 54, 0.7497669043213695], [53, 61, 0.4659017664597326], [54, 55, 0.5755451369150321], [54, 62, 0.5849675944993298], [7, 15, 0.19202909948571], [15, 23, 0.11920916249797797], [23, 31, 0.22232495319493895], [31, 39, 0.9227997895921405], [56, 57, 0.46148772843032715], [57, 58, 0.9404266734332248], [58, 59, 0.7665568153321249], [59, 60, 0.7619471041961239], [60, 61, 0.9920767155130384], [62, 63, 0.788551541020804]], "oriented": false, "discover": false, "dist": true, "mode": "map"}