{"pos": [[0, 0], [0, 1], [0, 2], [0, 3], [0, 4], [0, 5], [0, 6], [0, 7], [1, 0], [1, 1], [1, 2], [1, 3], [1, 4], [1, 5], [1, 6], [1, 7], [2, 0], [2, 1], [2, 2], [2, 3], [2, 4], [2, 5], [2, 6], [2, 7], [3, 0], [3, 1], [3, 2], [3, 3], [3, 4], [3, 5], [3, 6], [3, 7], [4, 0], [4, 1], [4, 2], [4, 3], [4, 4], [4, 5], [4, 6], [4, 7], [5, 0], [5, 1], [5, 2], [5, 3], [5, 4], [5, 5], [5, 6], [5, 7], [6, 0], [6, 1], [6, 2], [6, 3], [6, 4], [6, 5], [6, 6], [6, 7], [7, 0], [7, 1], [7, 2], [7, 3], [7, 4], [7, 5], [7, 6], [7, 7]], "edges": [[0, 1, 0.4181588761837006], [1, 2, 0.9400234759205934], [1, 9, 0.4485178164040309], [2, 3, 0.14961938884225745], [3, 4, 0.06801400415693937], [3, 11, 0.3936013029035431], [4, 5, 0.4624428986605451], [4, 12, 0.4200537812399303], [5, 6, 0.2742756482888902], [5, 13, 0.5088079763693157], [6, 7, 0.9500317134285684], [6, 14, 0.8638016981140046], [8, 9, 0.7242894669269158], [8, 16, 0.043893453012018635], [9, 10, 0.7843859245481878], [9, 17, 0.11090292858477557], [10, 11, 0.4112980547613375], [10, 18, 0.9676193365935996], [12, 13, 0.10157756648753213], [13, 21, 0.6409894092531139], [14, 15, 0.3393886049954292], [14, 22, 0.9320951519247661], [16, 17, 0.027515129602802002], [16, 24, 0.7265392250265081], [17, 25, 0.8138190132422659], [18, 26, 0.22677415276955648], [19, 20, 0.24457499540778638], [19, 27, 0.6951252884478238], [20, 21, 0.6771922266341097], [21, 29, 0.8701379908582164], [22, 30, 0.07593723309572364], [24, 25, 0.4156811945647171], [24, 32, 0.5293002265875157], [25, 33, 0.8399595688775291], [26, 27, 0.9080610095412677], [26, 34, 0.10458422285666025], [27, 35, 0.5189640587247468], [28, 29, 0.29798638107136965], [28, 36, 0.13167370287656077], [29, 30, 0.7580052449008351], [29, 37, 0.4710562524681048], [30, 38, 0.01623501818486961], [32, 40, 0.6987383215505738], [33, 34, 0.49567522530815267], [33, 41, 0.04690660860604756], [34, 35, 0.9508484282798435], [34, 42, 0.29431960137748814], [35, 36, 0.7975781352540618], [36, 37, 0.6956758581495277], [37, 38, 0.7222931156062987], [38, 39, 0.8613940420579185], [38, 46, 0.41983956904154307], [40, 48, 0.8951981776886919], [41, 42, 0.42687602555220616], [42, 43, 0.3611233362801314], [42, 50, 0.5080523950237293], [43, 44, 0.6903480693051561], [43, 51, 0.07356835903595327], [44, 45, 0.14349465600142441], [44, 52, 0.11449682060745903], [48, 49, 0.8264256108399737], [49, 50, 0.7120568748376122], [49, 57, 0.29124045435058754], [50, 58, 0.08675550623624695], [51, 52, 0.43178908561196716], [51, 59, 0.26317951597411426], [52, 53, 0.8951108109284888], [52, 60, 0.7543946148642552], [53, 54, 0.7577936696289815], [54, 55, 0.01800483252354501], [54, 62, 0.9871802535988179], [15, 23, 0.9526577227105053], [23, 31, 0.7097819190655581], [31, 39, 0.15002903988785143], [39, 47, 0.8101541559467147], [47, 55, 0.8138467034795009], [56, 57, 0.3279657313697034], [58, 59, 0.358299973958789], [59, 60, 0.6427147123671557], [60, 61, 0.3569038285471483], [62, 63, 0.9656198790480276]], "oriented": false, "discover": false, "dist": true, "mode": "map"}