{"pos": [[0, 0], [0, 1], [0, 2], [0, 3], [0, 4], [0, 5], [0, 6], [0, 7], [1, 0], [1, 1], [1, 2], [1, 3], [1, 4], [1, 5], [1, 6], [1, 7], [2, 0], [2, 1], [2, 2], [2, 3], [2, 4], [2, 5], [2, 6], [2, 7], [3, 0], [3, 1], [3, 2], [3, 3], [3, 4], [3, 5], [3, 6], [3, 7], [4, 0], [4, 1], [4, 2], [4, 3], [4, 4], [4, 5], [4, 6], [4, 7], [5, 0], [5, 1], [5, 2], [5, 3], [5, 4], [5, 5], [5, 6], [5, 7], [6, 0], [6, 1], [6, 2], [6, 3], [6, 4], [6, 5], [6, 6], [6, 7], [7, 0], [7, 1], [7, 2], [7, 3], [7, 4], [7, 5], [7, 6], [7, 7]], "edges": [[0, 1, 0.6857950295270276], [0, 8, 0.81082140838343], [1, 2, 0.07995055697784004], [1, 9, 0.28174961717647307], [2, 3, 0.4223762873781859], [2, 10, 0.9004728993041978], [3, 4, 0.6779324329437283], [3, 11, 0.49331563743308293], [4, 5, 0.34182885222927484], [5, 6, 0.3649819444520179], [5, 13, 0.6909290484648235], [6, 7, 0.27804178196257423], [8, 9, 0.33297754455813944], [9, 17, 0.5537658306758294], [10, 11, 0.5808905181032108], [10, 18, 0.09705344121104709], [11, 12, 0.9798600897793289], [12, 13, 0.9865160269021257], [13, 14, 0.8338345879468636], [13, 21, 0.681154714692223], [14, 15, 0.9382858021093519], [16, 17, 0.5800291609864436], [16, 24, 0.38868618652814824], [17, 18, 0.9381870096547533], [17, 25, 0.34081100751441706], [18, 19, 0.39148468786039825], [19, 20, 0.8782627788505528], [19, 27, 0.6789362809319297], [20, 21, 0.1840567779119423], [20, 28, 0.40290674264605253], [21, 22, 0.6143292406591924], [22, 23, 0.08428991200002978], [25, 26, 0.6452962215211993], [25, 33, 0.3318869970626489], [26, 34, 0.5292262667802977], [27, 35, 0.918973939824514], [28, 29, 0.43153800756437877], [28, 36, 0.4996703814608322], [29, 30, 0.35876769332424396], [29, 37, 0.7252347715247425], [30, 38, 0.9550597911492311], [32, 33, 0.8269545301079739], [32, 40, 0.4750954797866249], [33, 41, 0.7666298463481123], [34, 42, 0.22914392768463498], [35, 36, 0.1930826801851242], [35, 43, 0.4696761325333061], [36, 37, 0.2313596895592248], [36, 44, 0.8253663481162884], [37, 45, 0.792431146634317], [40, 48, 0.5912094108966339], [41, 49, 0.3342617806479595], [42, 50, 0.15387594337346877], [43, 44, 0.05157538373625925], [44, 45, 0.7195526795155024], [44, 52, 0.1851456037723046], [45, 46, 0.6334381640335769], [45, 53, 0.06524179089526283], [46, 47, 0.2616060772786606], [46, 54, 0.38852962325954266], [48, 49, 0.9614578759563502], [48, 56, 0.9780010201984668], [49, 57, 0.9804399374266987], [50, 58, 0.9171406956790332], [51, 52, 0.15879168186656256], [51, 59, 0.22968688077579968], [52, 60, 0.41751346347085616], [53, 54, 0.6949926686102096], [53, 61, 0.25082761165751977], [54, 55, 0.8983087394138328], [7, 15, 0.8303044640114963], [15, 23, 0.38474401963284266], [23, 31, 0.060113451661456874], [31, 39, 0.7513572019134774], [39, 47, 0.7493280031059918], [47, 55, 0.057328981107541255], [57, 58, 0.4641810675356709], [58, 59, 0.9434798445297353], [60, 61, 0.273994768921606], [61, 62, 0.48455197891175517], [62, 63, 0.04923152018997545]], "oriented": false, "discover": false, "dist": true, "mode": "map"}