{"pos": [[0, 0], [0, 1], [0, 2], [0, 3], [0, 4], [0, 5], [0, 6], [0, 7], [1, 0], [1, 1], [1, 2], [1, 3], [1, 4], [1, 5], [1, 6], [1, 7], [2, 0], [2, 1], [2, 2], [2, 3], [2, 4], [2, 5], [2, 6], [2, 7], [3, 0], [3, 1], [3, 2], [3, 3], [3, 4], [3, 5], [3, 6], [3, 7], [4, 0], [4, 1], [4, 2], [4, 3], [4, 4], [4, 5], [4, 6], [4, 7], [5, 0], [5, 1], [5, 2], [5, 3], [5, 4], [5, 5], [5, 6], [5, 7], [6, 0], [6, 1], [6, 2], [6, 3], [6, 4], [6, 5], [6, 6], [6, 7], [7, 0], [7, 1], [7, 2], [7, 3], [7, 4], [7, 5], [7, 6], [7, 7]], "edges": [[0, 1, 0.5699849472951156], [0, 8, 0.1333451400645922], [1, 2, 0.10238157087487698], [1, 9, 0.6150552204783908], [2, 3, 0.6777257756954425], [2, 10, 0.56428680776958], [3, 4, 0.4728680921742131], [4, 5, 0.6160926928900646], [4, 12, 0.25187386790369126], [5, 6, 0.28682301039203695], [5, 13, 0.5969916674827677], [6, 7, 0.5278538123609179], [6, 14, 0.4841799874067795], [8, 9, 0.7387666902827601], [9, 10, 0.36779967395158497], [9, 17, 0.33873479246906135], [11, 19, 0.6126832127922878], [12, 13, 0.09900167712631036], [12, 20, 0.8019784709865317], [13, 14, 0.7114593781609676], [13, 21, 0.9749484403124613], [14, 15, 0.7496686544756944], [14, 22, 0.6516416953669162], [16, 17, 0.24124251266104713], [16, 24, 0.9589087649146261], [17, 18, 0.06736038136826294], [17, 25, 0.14373634961341986], [19, 20, 0.4404297229595121], [19, 27, 0.7173055025762707], [20, 21, 0.09773859746428581], [21, 29, 0.5351820284471032], [22, 30, 0.7033826727460442], [24, 25, 0.7406639671867568], [24, 32, 0.7890240318072635], [25, 33, 0.8143348379016807], [26, 27, 0.1181681313675893], [27, 28, 0.7388509016141076], [28, 29, 0.45358476831939254], [28, 36, 0.18069463690551357], [29, 30, 0.578543219114057], [29, 37, 0.974512859497368], [30, 31, 0.9377755635285754], [30, 38, 0.5405346029535614], [33, 34, 0.9158609284410129], [33, 41, 0.2693694625750259], [34, 35, 0.36189097559009276], [35, 36, 0.9812402798956286], [35, 43, 0.30675398638737705], [37, 38, 0.918498634686136], [37, 45, 0.5142565318910746], [40, 41, 0.22981562089757712], [41, 42, 0.11341272387179124], [41, 49, 0.4535899302670746], [42, 43, 0.31107501840852225], [43, 44, 0.10465689630040387], [43, 51, 0.6087808002532684], [44, 52, 0.9951958285924944], [45, 53, 0.9023618402158495], [46, 47, 0.46991213534507514], [48, 49, 0.8007010975554879], [48, 56, 0.5016105063366861], [49, 50, 0.36948810119939135], [49, 57, 0.672480857098852], [50, 51, 0.43662879176735103], [52, 53, 0.6487396381238935], [52, 60, 0.16387717638232457], [53, 61, 0.7723300327103622], [54, 55, 0.09309554025117495], [54, 62, 0.9319012759226798], [15, 23, 0.75262694062619], [23, 31, 0.16546513156581388], [31, 39, 0.08115567315385608], [39, 47, 0.17706799663931905], [47, 55, 0.5406022198039163], [55, 63, 0.38261682220013205], [56, 57, 0.4313790128295574], [57, 58, 0.25024868730517424], [58, 59, 0.3554628578107578], [61, 62, 0.8393675218123031], [62, 63, 0.45824789300458413]], "oriented": false, "discover": false, "dist": true, "mode": "map"}