{"pos": [[0, 0], [0, 1], [0, 2], [0, 3], [0, 4], [0, 5], [0, 6], [0, 7], [0, 8], [1, 0], [1, 1], [1, 2], [1, 3], [1, 4], [1, 5], [1, 6], [1, 7], [1, 8], [2, 0], [2, 1], [2, 2], [2, 3], [2, 4], [2, 5], [2, 6], [2, 7], [2, 8], [3, 0], [3, 1], [3, 2], [3, 3], [3, 4], [3, 5], [3, 6], [3, 7], [3, 8], [4, 0], [4, 1], [4, 2], [4, 3], [4, 4], [4, 5], [4, 6], [4, 7], [4, 8], [5, 0], [5, 1], [5, 2], [5, 3], [5, 4], [5, 5], [5, 6], [5, 7], [5, 8], [6, 0], [6, 1], [6, 2], [6, 3], [6, 4], [6, 5], [6, 6], [6, 7], [6, 8], [7, 0], [7, 1], [7, 2], [7, 3], [7, 4], [7, 5], [7, 6], [7, 7], [7, 8], [8, 0], [8, 1], [8, 2], [8, 3], [8, 4], [8, 5], [8, 6], [8, 7], [8, 8]], "edges": [[0, 1, 0.4550316010284594], [0, 9, 0.18215832142595234], [1, 2, 0.9509532273788636], [1, 10, 0.13556362501052321], [2, 3, 0.10027236279193896], [2, 11, 0.6578783444857959], [3, 4, 0.9014741715227987], [3, 12, 0.18357921091478802], [4, 5, 0.16839810242034747], [5, 6, 0.9707035702327176], [5, 14, 0.615321217464912], [6, 7, 0.2806348201983536], [6, 15, 0.15701303999730376], [7, 8, 0.27115808258266116], [7, 16, 0.7840606290808191], [9, 10, 0.15719823567191338], [10, 11, 0.22759065239174203], [10, 19, 0.09911036069709322], [11, 12, 0.44359007020399166], [11, 20, 0.4259363075599495], [12, 13, 0.6000536563283214], [12, 21, 0.5247655985296638], [13, 14, 0.0125882024980708], [14, 15, 0.3940661308521315], [14, 23, 0.1944725090969126], [15, 16, 0.01343977044779654], [16, 17, 0.3916679510481249], [16, 25, 0.7751037824523502], [18, 19, 0.9964906254112342], [19, 28, 0.6442970706149574], [20, 21, 0.39606906217504434], [20, 29, 0.17038745997592264], [21, 22, 0.8392466654187545], [21, 30, 0.7992605397638798], [23, 24, 0.39686833728450366], [23, 32, 0.9741206877589728], [24, 25, 0.6296577943157443], [24, 33, 0.7293099418039364], [25, 26, 0.17948926777591712], [25, 34, 0.19501531687678308], [27, 36, 0.09525046468825549], [30, 31, 0.015253063226940311], [30, 39, 0.22756852330762167], [31, 32, 0.5363405120486584], [33, 34, 0.9231208361013835], [34, 35, 0.5900010456337117], [34, 43, 0.07350180342639046], [36, 37, 0.1130155616933185], [36, 45, 0.4242265540658291], [37, 38, 0.5591053642345855], [37, 46, 0.2560827777063768], [38, 39, 0.18310819744840756], [39, 40, 0.7658856020070491], [39, 48, 0.8689823423983276], [40, 49, 0.1313630733722514], [41, 42, 0.7140906081303057], [42, 43, 0.8597325682115422], [42, 51, 0.13529443066767832], [43, 44, 0.6614141044933617], [43, 52, 0.9159877714718209], [45, 54, 0.23547350257895694], [47, 48, 0.7424548820562505], [47, 56, 0.8430565312977191], [48, 57, 0.962287514576148], [49, 50, 0.7612218123930536], [49, 58, 0.9778332370384906], [50, 51, 0.9081706683383982], [50, 59, 0.25289398095446247], [51, 60, 0.9150761383222475], [52, 53, 0.25242138107750534], [52, 61, 0.7367485519898813], [54, 63, 0.14688650210580922], [55, 56, 0.9337803094940421], [56, 57, 0.7403095623704462], [56, 65, 0.1008645256832208], [57, 58, 0.5333200643683035], [57, 66, 0.9172436363456371], [58, 59, 0.21015656999766885], [58, 67, 0.8188162425141051], [60, 69, 0.10561860693045211], [61, 70, 0.73798943504775], [63, 64, 0.13547951723234108], [63, 72, 0.4662461284931856], [64, 73, 0.05237210252098412], [65, 66, 0.08550282099902273], [65, 74, 0.5303438035141559], [66, 75, 0.2548548910190348], [67, 68, 0.6873199922758126], [67, 76, 0.9276278545832224], [68, 69, 0.25057673459139607], [68, 77, 0.9336782551738383], [69, 70, 0.8381605515582617], [69, 78, 0.2547457822998853], [70, 79, 0.1980334948201431], [26, 35, 0.4020078323244092], [53, 62, 0.3360188807709751], [62, 71, 0.07402688496762588], [71, 80, 0.4257950004363994], [72, 73, 0.3768669615456447], [74, 75, 0.7405363341621995], [76, 77, 0.7386069203551787], [77, 78, 0.3070177090576769], [78, 79, 0.4601529264109302]], "oriented": false, "discover": false, "dist": true, "mode": "map"}