{"pos": [[0, 0], [0, 1], [0, 2], [0, 3], [0, 4], [0, 5], [0, 6], [0, 7], [1, 0], [1, 1], [1, 2], [1, 3], [1, 4], [1, 5], [1, 6], [1, 7], [2, 0], [2, 1], [2, 2], [2, 3], [2, 4], [2, 5], [2, 6], [2, 7], [3, 0], [3, 1], [3, 2], [3, 3], [3, 4], [3, 5], [3, 6], [3, 7], [4, 0], [4, 1], [4, 2], [4, 3], [4, 4], [4, 5], [4, 6], [4, 7], [5, 0], [5, 1], [5, 2], [5, 3], [5, 4], [5, 5], [5, 6], [5, 7], [6, 0], [6, 1], [6, 2], [6, 3], [6, 4], [6, 5], [6, 6], [6, 7], [7, 0], [7, 1], [7, 2], [7, 3], [7, 4], [7, 5], [7, 6], [7, 7]], "edges": [[0, 1, 0.5724291764072507], [0, 8, 0.793605177461082], [1, 2, 0.1755517602748229], [2, 3, 0.4134464794539733], [2, 10, 0.5083726469838705], [3, 4, 0.30352370583256794], [3, 11, 0.8164208219357584], [4, 12, 0.02737549263679051], [5, 13, 0.9878339806854797], [6, 14, 0.014411468366881341], [7, 15, 0.014411468366881341], [8, 9, 0.29326365016012435], [8, 16, 0.33533661566797457], [9, 10, 0.8034809418594114], [10, 11, 0.42610239638685665], [10, 18, 0.4536435505086176], [11, 12, 0.5553464999478873], [11, 19, 0.014926055002789096], [12, 13, 0.3877788513397805], [12, 20, 0.9122581542478457], [13, 14, 0.14812148675688208], [13, 21, 0.42723558476718093], [14, 15, 0.013328011751230107], [16, 17, 0.27620322640056316], [16, 24, 0.4593048521781784], [17, 18, 0.7178780065530015], [17, 25, 0.7992628441487238], [18, 19, 0.14067568535334973], [18, 26, 0.08126705777840881], [19, 27, 0.7599794281640548], [20, 28, 0.36610973653547274], [21, 22, 0.7151864496320638], [21, 29, 0.09270867359902712], [24, 25, 0.34150037671555233], [24, 32, 0.3356942482939561], [25, 33, 0.8705648535609517], [26, 34, 0.39805109581324205], [27, 35, 0.4771996992426002], [28, 29, 0.3444454957407752], [28, 36, 0.20763406882900037], [29, 30, 0.6283484540649673], [29, 37, 0.9583499508499081], [30, 31, 0.8651403375662554], [32, 33, 0.966315487036457], [32, 40, 0.19523204403897865], [33, 41, 0.033749205340826594], [34, 35, 0.5654998779018928], [35, 43, 0.37534705992540185], [36, 37, 0.1761003629334954], [37, 38, 0.38149340065129045], [37, 45, 0.38968128910302036], [38, 39, 0.04141700747903643], [38, 46, 0.5709396234441251], [40, 41, 0.6655436302779717], [40, 48, 0.13314618848809734], [41, 42, 0.3952625647614676], [42, 50, 0.03998494688095777], [43, 44, 0.18587831562813606], [43, 51, 0.9556647371672675], [44, 45, 0.5456234449466703], [45, 53, 0.6913208182749017], [46, 47, 0.5517806632510951], [46, 54, 0.24772152892970656], [48, 49, 0.4746518654837574], [48, 56, 0.9416140598343125], [49, 50, 0.3161153006966979], [51, 52, 0.5636444219128937], [52, 53, 0.6252628978961482], [53, 61, 0.5463142944258692], [54, 55, 0.10534674210005424], [15, 23, 0.21074063301399337], [23, 31, 0.9275837991857613], [31, 39, 0.6153767285520942], [39, 47, 0.173601788774431], [55, 63, 0.1494703707006988], [56, 57, 0.04999811833004464], [57, 58, 0.6892802899883076], [58, 59, 0.4789646810751016], [59, 60, 0.2556253052431209], [61, 62, 0.5519382922476375], [62, 63, 0.08753194761195005]], "oriented": false, "discover": false, "dist": true, "mode": "map"}