{"pos": [[0, 0], [0, 1], [0, 2], [0, 3], [0, 4], [0, 5], [0, 6], [0, 7], [1, 0], [1, 1], [1, 2], [1, 3], [1, 4], [1, 5], [1, 6], [1, 7], [2, 0], [2, 1], [2, 2], [2, 3], [2, 4], [2, 5], [2, 6], [2, 7], [3, 0], [3, 1], [3, 2], [3, 3], [3, 4], [3, 5], [3, 6], [3, 7], [4, 0], [4, 1], [4, 2], [4, 3], [4, 4], [4, 5], [4, 6], [4, 7], [5, 0], [5, 1], [5, 2], [5, 3], [5, 4], [5, 5], [5, 6], [5, 7], [6, 0], [6, 1], [6, 2], [6, 3], [6, 4], [6, 5], [6, 6], [6, 7], [7, 0], [7, 1], [7, 2], [7, 3], [7, 4], [7, 5], [7, 6], [7, 7]], "edges": [[0, 1, 0.3816402816535447], [0, 8, 0.5729440039666833], [1, 2, 0.2986601674128959], [2, 3, 0.32086397290471125], [2, 10, 0.4611352871608104], [3, 4, 0.7579761721062034], [3, 11, 0.12609365911716308], [4, 5, 0.3550462727445536], [4, 12, 0.5978793919142614], [5, 6, 0.1910612429234111], [5, 13, 0.33885230344995565], [6, 7, 0.09384801706382473], [6, 14, 0.4945258740403141], [8, 9, 0.5806258786313246], [8, 16, 0.9722836499500206], [9, 10, 0.8526511084597688], [10, 18, 0.040754166964150906], [11, 12, 0.010137413084129632], [12, 20, 0.027730731139522846], [13, 14, 0.5717203992910982], [13, 21, 0.5129642884444691], [14, 15, 0.435480518104171], [14, 22, 0.78120269857128], [16, 17, 0.7372319912617046], [16, 24, 0.6383414622412675], [17, 18, 0.6274752268239033], [17, 25, 0.7744223027971348], [18, 26, 0.49807462680903014], [19, 20, 0.8186024187096296], [19, 27, 0.22914753351421968], [20, 21, 0.16641557849436572], [20, 28, 0.9914966374737878], [21, 22, 0.7988576839052511], [22, 23, 0.9599651837296762], [22, 30, 0.9921260305882855], [24, 25, 0.6840891745350665], [25, 26, 0.3063005116183948], [25, 33, 0.5559234486798298], [26, 34, 0.001676619093507803], [27, 28, 0.9454977479105527], [27, 35, 0.9312493759512405], [28, 29, 0.962371598815086], [28, 36, 0.8286844371749508], [29, 30, 0.6612006561734782], [30, 31, 0.6061167361495835], [32, 40, 0.5173153459862193], [33, 34, 0.9833580403502787], [33, 41, 0.5323927955022828], [34, 42, 0.6656919411444606], [35, 36, 0.034687673100594174], [36, 37, 0.19812707266626117], [37, 38, 0.007994738238631505], [37, 45, 0.7622688365234995], [40, 41, 0.8952211557103266], [40, 48, 0.6058166222940852], [41, 49, 0.5390429728866046], [42, 43, 0.4186054531053117], [42, 50, 0.6599295293630728], [43, 44, 0.08503173961274813], [45, 46, 0.26879828007930806], [45, 53, 0.20337367467916945], [46, 54, 0.6810160944542692], [48, 49, 0.817918738630509], [48, 56, 0.6650884593144178], [50, 51, 0.7534716268836741], [50, 58, 0.30595970933987604], [51, 52, 0.6783216166567994], [51, 59, 0.9910020844383536], [52, 53, 0.06313682838113432], [52, 60, 0.2607611090263773], [53, 54, 0.7025638272584157], [54, 55, 0.647197223655317], [54, 62, 0.757982223315799], [7, 15, 0.9169654328004373], [23, 31, 0.22422792790457924], [31, 39, 0.2519812534570808], [39, 47, 0.20450159392361222], [56, 57, 0.9710786289091162], [58, 59, 0.6880729977715823], [61, 62, 0.4781263115155252], [62, 63, 0.1794572113815538]], "oriented": false, "discover": false, "dist": true, "mode": "map"}