{"pos": [[0, 0], [0, 1], [0, 2], [0, 3], [0, 4], [0, 5], [0, 6], [0, 7], [1, 0], [1, 1], [1, 2], [1, 3], [1, 4], [1, 5], [1, 6], [1, 7], [2, 0], [2, 1], [2, 2], [2, 3], [2, 4], [2, 5], [2, 6], [2, 7], [3, 0], [3, 1], [3, 2], [3, 3], [3, 4], [3, 5], [3, 6], [3, 7], [4, 0], [4, 1], [4, 2], [4, 3], [4, 4], [4, 5], [4, 6], [4, 7], [5, 0], [5, 1], [5, 2], [5, 3], [5, 4], [5, 5], [5, 6], [5, 7], [6, 0], [6, 1], [6, 2], [6, 3], [6, 4], [6, 5], [6, 6], [6, 7], [7, 0], [7, 1], [7, 2], [7, 3], [7, 4], [7, 5], [7, 6], [7, 7]], "edges": [[0, 1, 0.9168863015417504], [0, 8, 0.07046483642749313], [1, 2, 0.27422172306499626], [1, 9, 0.5583873315434216], [2, 3, 0.21048218757811776], [2, 10, 0.32167451904817346], [3, 4, 0.6823411682481122], [3, 11, 0.010265961731082851], [4, 5, 0.10556647327284985], [4, 12, 0.045654934110086365], [5, 6, 0.44876075317429487], [5, 13, 0.41466591752370785], [6, 7, 0.5810018419355641], [6, 14, 0.6678554781907214], [9, 10, 0.9541967481387977], [9, 17, 0.6067672498473021], [10, 18, 0.6972804514152893], [11, 12, 0.9248352295682354], [11, 19, 0.567257357460716], [12, 13, 0.9520735038962357], [12, 20, 0.44505589961783165], [13, 14, 0.7943018962679369], [13, 21, 0.5564354206742939], [14, 15, 0.023769202796427025], [14, 22, 0.6452789701394461], [16, 17, 0.1936189351054053], [16, 24, 0.32506696341683594], [17, 25, 0.6751412097538448], [18, 19, 0.3187331890413908], [18, 26, 0.7071054865141211], [20, 28, 0.7921248043258811], [21, 22, 0.49775604581519795], [21, 29, 0.3107342356813745], [22, 30, 0.11777195999225432], [24, 32, 0.29519698801866256], [25, 33, 0.019579918130425256], [26, 27, 0.4357627635400384], [26, 34, 0.905388320686226], [27, 35, 0.5571843089950234], [28, 36, 0.2763602426045594], [29, 37, 0.07281491763707915], [30, 31, 0.16151636678210757], [32, 40, 0.2122023545954902], [33, 34, 0.29904969559604055], [33, 41, 0.9984648508238098], [34, 35, 0.6065763663466683], [34, 42, 0.5694381155163634], [35, 36, 0.03627174419899459], [35, 43, 0.024233639317484124], [36, 37, 0.839920350779447], [37, 38, 0.4428550100348969], [37, 45, 0.3387552438362813], [38, 39, 0.4599020839800061], [38, 46, 0.5966084741856048], [40, 48, 0.49620497761770255], [42, 43, 0.45852626677445574], [42, 50, 0.23260232904065004], [43, 44, 0.26472656848379983], [46, 47, 0.0456324295498346], [48, 56, 0.2342935131611782], [49, 50, 0.9952272940871227], [49, 57, 0.4346322722166852], [50, 51, 0.5104252968604283], [50, 58, 0.29935911578466434], [51, 52, 0.06999955415693937], [51, 59, 0.5453985861813214], [52, 53, 0.43520037051394855], [53, 54, 0.5606080750139179], [54, 55, 0.09770788030982169], [54, 62, 0.3489138030425025], [7, 15, 0.035765724699139634], [15, 23, 0.6023224397664257], [23, 31, 0.6583766197300448], [39, 47, 0.37998615541722947], [47, 55, 0.8912055752591491], [55, 63, 0.7306978975527799], [56, 57, 0.5175134543303874], [59, 60, 0.8794548740672602], [60, 61, 0.9334127232339045], [61, 62, 0.5527282305594017], [62, 63, 0.6766894303525635]], "oriented": false, "discover": false, "dist": true, "mode": "map"}