{"pos": [[0, 0], [0, 1], [0, 2], [0, 3], [0, 4], [0, 5], [0, 6], [0, 7], [1, 0], [1, 1], [1, 2], [1, 3], [1, 4], [1, 5], [1, 6], [1, 7], [2, 0], [2, 1], [2, 2], [2, 3], [2, 4], [2, 5], [2, 6], [2, 7], [3, 0], [3, 1], [3, 2], [3, 3], [3, 4], [3, 5], [3, 6], [3, 7], [4, 0], [4, 1], [4, 2], [4, 3], [4, 4], [4, 5], [4, 6], [4, 7], [5, 0], [5, 1], [5, 2], [5, 3], [5, 4], [5, 5], [5, 6], [5, 7], [6, 0], [6, 1], [6, 2], [6, 3], [6, 4], [6, 5], [6, 6], [6, 7], [7, 0], [7, 1], [7, 2], [7, 3], [7, 4], [7, 5], [7, 6], [7, 7]], "edges": [[0, 1, 0.6885828819906692], [0, 8, 0.23072863965892598], [1, 2, 0.42906162261907876], [2, 3, 0.29517318685745786], [3, 4, 0.9183456686919812], [3, 11, 0.05483486010269656], [4, 5, 0.5788642469240068], [4, 12, 0.447444367801477], [5, 6, 0.49328522279267994], [5, 13, 0.5873243766938021], [6, 7, 0.14396252408805943], [6, 14, 0.6995589661935779], [8, 9, 0.020186469797482953], [8, 16, 0.1843137562935686], [9, 10, 0.40296600598797805], [9, 17, 0.08521945430283684], [10, 11, 0.16753866791340344], [10, 18, 0.9782829502750956], [11, 12, 0.8946678152668897], [11, 19, 0.2891741858663016], [12, 13, 0.39307173824834074], [13, 21, 0.27550007329779236], [14, 15, 0.053731438768097384], [14, 22, 0.5012007427641509], [16, 17, 0.7636677030692256], [16, 24, 0.7812970306110888], [17, 18, 0.5148090181754821], [17, 25, 0.5590187170179526], [19, 20, 0.9190516301585602], [19, 27, 0.7122250469710733], [20, 21, 0.7746161663069357], [21, 22, 0.6430532827460488], [21, 29, 0.6987714185303625], [22, 23, 0.42847649305204616], [22, 30, 0.22780120671347937], [24, 32, 0.3765218262501532], [25, 26, 0.7549772871278896], [26, 27, 0.8879002572702346], [27, 28, 0.9713107485242318], [27, 35, 0.26930278746035563], [29, 30, 0.5478626559537554], [29, 37, 0.2801639892564962], [30, 38, 0.10628466596895125], [32, 33, 0.1767204605722994], [32, 40, 0.7324924821268419], [33, 41, 0.7052995393807785], [34, 35, 0.061937939680042686], [34, 42, 0.5713934308749845], [35, 36, 0.12220669402320239], [35, 43, 0.6889270050924202], [36, 37, 0.3342148526599851], [36, 44, 0.35888264207727294], [37, 38, 0.6625651433452046], [37, 45, 0.12333282035849069], [38, 39, 0.4872557298221002], [38, 46, 0.6618781328808166], [40, 41, 0.9740029305065384], [40, 48, 0.7151705655877348], [41, 42, 0.1221937265513865], [41, 49, 0.8362573377265413], [42, 50, 0.8278735755043473], [44, 45, 0.22902491705407524], [44, 52, 0.8632034175317644], [45, 53, 0.8731655126138381], [46, 47, 0.3793181538328596], [46, 54, 0.8610188596988143], [48, 49, 0.9050343880487088], [48, 56, 0.058924859426709775], [49, 57, 0.6178619959831992], [51, 52, 0.641359502143134], [51, 59, 0.6648370377905899], [52, 53, 0.9587267599953649], [52, 60, 0.7067044118721405], [54, 55, 0.34543064467574325], [54, 62, 0.30262243561160074], [23, 31, 0.9879219985720056], [56, 57, 0.7046339814101757], [57, 58, 0.6395786626167481], [59, 60, 0.02861189882347448], [61, 62, 0.6936601658719649], [62, 63, 0.6471220203247374]], "oriented": false, "discover": false, "dist": true, "mode": "map"}