{"pos": [[0, 0], [0, 1], [0, 2], [0, 3], [0, 4], [0, 5], [0, 6], [0, 7], [0, 8], [1, 0], [1, 1], [1, 2], [1, 3], [1, 4], [1, 5], [1, 6], [1, 7], [1, 8], [2, 0], [2, 1], [2, 2], [2, 3], [2, 4], [2, 5], [2, 6], [2, 7], [2, 8], [3, 0], [3, 1], [3, 2], [3, 3], [3, 4], [3, 5], [3, 6], [3, 7], [3, 8], [4, 0], [4, 1], [4, 2], [4, 3], [4, 4], [4, 5], [4, 6], [4, 7], [4, 8], [5, 0], [5, 1], [5, 2], [5, 3], [5, 4], [5, 5], [5, 6], [5, 7], [5, 8], [6, 0], [6, 1], [6, 2], [6, 3], [6, 4], [6, 5], [6, 6], [6, 7], [6, 8], [7, 0], [7, 1], [7, 2], [7, 3], [7, 4], [7, 5], [7, 6], [7, 7], [7, 8], [8, 0], [8, 1], [8, 2], [8, 3], [8, 4], [8, 5], [8, 6], [8, 7], [8, 8]], "edges": [[0, 1, 0.22464664246144894], [0, 9, 0.7192824747727633], [1, 2, 0.028525323588238116], [1, 10, 0.13149238199740831], [2, 3, 0.25394394871939074], [2, 11, 0.6535665659155246], [3, 4, 0.9677838699265053], [3, 12, 0.6295165126507137], [4, 5, 0.24790115261661383], [4, 13, 0.9783947870696497], [5, 6, 0.7353772573810821], [5, 14, 0.7382275289729652], [6, 7, 0.37536569801438957], [7, 8, 0.48703335401113723], [7, 16, 0.9682445172884478], [9, 10, 0.4864649801560509], [9, 18, 0.07599576372546302], [11, 12, 0.7537639448431525], [11, 20, 0.2380050269533509], [13, 22, 0.23315706220040988], [14, 15, 0.14663928177125374], [14, 23, 0.25777042947659246], [16, 17, 0.9759358388580274], [18, 19, 0.9889485544499464], [18, 27, 0.8902279131761426], [19, 20, 0.4371043671508228], [20, 21, 0.9657367739338953], [20, 29, 0.5043926293399172], [21, 22, 0.9613660135171564], [21, 30, 0.29641107686054113], [22, 31, 0.8427352054002331], [23, 24, 0.44996954037200376], [23, 32, 0.16506516454278863], [24, 25, 0.13630339289567528], [24, 33, 0.5975273030290084], [27, 28, 0.6495548388269216], [27, 36, 0.08677473495274679], [29, 30, 0.18271890179337902], [29, 38, 0.9686234055534385], [30, 31, 0.32873104485689575], [30, 39, 0.08168071255742348], [31, 32, 0.4865362709414284], [31, 40, 0.9811354401901418], [32, 33, 0.9230693124299811], [32, 41, 0.05726829291964508], [33, 34, 0.5287039843449121], [33, 42, 0.3081710121722434], [34, 43, 0.9257955917873395], [36, 37, 0.23241972870079097], [36, 45, 0.21819489792124214], [37, 38, 0.19704640813533125], [38, 39, 0.0626679051838569], [38, 47, 0.6411912386244241], [39, 40, 0.7590602844913489], [40, 41, 0.2629996864149071], [40, 49, 0.7721033700188369], [41, 42, 0.27783491546445693], [41, 50, 0.2795108938993225], [43, 44, 0.6477376648802975], [43, 52, 0.4563592710461388], [46, 47, 0.17464933841941277], [46, 55, 0.3783673222030368], [47, 48, 0.23944785627482557], [47, 56, 0.18015010069431114], [48, 49, 0.5764095529732849], [48, 57, 0.32373149537099855], [49, 58, 0.5665764215992792], [50, 51, 0.885966582264318], [51, 60, 0.07935531909735227], [52, 53, 0.3919371665579313], [54, 55, 0.0808098169111171], [54, 63, 0.1192889761569037], [55, 56, 0.09702955328181084], [56, 65, 0.93358660152821], [57, 58, 0.14603794827256134], [58, 59, 0.9654700749180593], [59, 60, 0.968102131895311], [59, 68, 0.08195950106465177], [60, 61, 0.013950326359577825], [61, 62, 0.6321350962339375], [63, 64, 0.570440541242705], [64, 65, 0.9287666153922054], [64, 73, 0.8357825515083007], [65, 66, 0.5033219631039648], [65, 74, 0.7904416063015836], [66, 67, 0.9214359888851413], [66, 75, 0.7611246173073987], [68, 69, 0.4073610428689072], [68, 77, 0.23028643861559994], [69, 70, 0.82167301986065], [69, 78, 0.1290691933378052], [70, 71, 0.6223932606976096], [70, 79, 0.5645104121788769], [8, 17, 0.08392814961656403], [17, 26, 0.5947852501461341], [26, 35, 0.26604620001505663], [44, 53, 0.157293930290054], [62, 71, 0.5736003236594002], [71, 80, 0.16126932555050066], [72, 73, 0.42533138295322437], [73, 74, 0.8162412805226802], [74, 75, 0.4325196754201941], [75, 76, 0.7948505516116126], [78, 79, 0.0020647928517693037]], "oriented": false, "discover": false, "dist": true, "mode": "map"}