{"pos": [[0, 0], [0, 1], [0, 2], [0, 3], [0, 4], [0, 5], [0, 6], [0, 7], [0, 8], [1, 0], [1, 1], [1, 2], [1, 3], [1, 4], [1, 5], [1, 6], [1, 7], [1, 8], [2, 0], [2, 1], [2, 2], [2, 3], [2, 4], [2, 5], [2, 6], [2, 7], [2, 8], [3, 0], [3, 1], [3, 2], [3, 3], [3, 4], [3, 5], [3, 6], [3, 7], [3, 8], [4, 0], [4, 1], [4, 2], [4, 3], [4, 4], [4, 5], [4, 6], [4, 7], [4, 8], [5, 0], [5, 1], [5, 2], [5, 3], [5, 4], [5, 5], [5, 6], [5, 7], [5, 8], [6, 0], [6, 1], [6, 2], [6, 3], [6, 4], [6, 5], [6, 6], [6, 7], [6, 8], [7, 0], [7, 1], [7, 2], [7, 3], [7, 4], [7, 5], [7, 6], [7, 7], [7, 8], [8, 0], [8, 1], [8, 2], [8, 3], [8, 4], [8, 5], [8, 6], [8, 7], [8, 8]], "edges": [[0, 1, 0.046854643110591065], [0, 9, 0.10000201319471325], [1, 2, 0.3981362275727256], [1, 10, 0.981814691461006], [2, 3, 0.3411411378265282], [2, 11, 0.04897335568798045], [3, 4, 0.39285367678939664], [4, 5, 0.6253971842905265], [4, 13, 0.6974896105696666], [5, 6, 0.33186188460776533], [5, 14, 0.6541846362591964], [6, 7, 0.8513547182214354], [6, 15, 0.6870169249197206], [7, 8, 0.39933725944650045], [9, 10, 0.4394598423858517], [9, 18, 0.34435257183211576], [10, 19, 0.22838180256521634], [11, 12, 0.28010449679071225], [13, 22, 0.1681655634243283], [14, 15, 0.5056843665720737], [15, 16, 0.47238706917940765], [15, 24, 0.4909043383867626], [16, 17, 0.3090222491831799], [16, 25, 0.5478765337504392], [18, 19, 0.14003967307341536], [18, 27, 0.2502695772758603], [19, 20, 0.249239204621293], [19, 28, 0.028779782603691628], [20, 21, 0.9358717439561189], [20, 29, 0.6964724859101683], [21, 22, 0.7795746864739922], [21, 30, 0.02072433706727128], [22, 23, 0.831977963908315], [22, 31, 0.3099030758977792], [24, 33, 0.800735174438402], [25, 26, 0.03933106916485285], [25, 34, 0.8767851547673271], [27, 28, 0.7760417497815935], [28, 37, 0.6662081715463893], [29, 30, 0.18016359064889687], [29, 38, 0.8648121312829168], [31, 32, 0.9964100392778046], [31, 40, 0.42108607857553393], [32, 41, 0.6259625646264501], [33, 42, 0.0741785486380293], [34, 43, 0.8903091244743168], [36, 37, 0.6929853298149168], [36, 45, 0.3983854492981648], [37, 46, 0.9947507183181266], [39, 40, 0.002146626456389078], [39, 48, 0.5671547944985128], [40, 49, 0.7312520806709076], [41, 42, 0.2954197681135765], [41, 50, 0.7463132882832124], [42, 51, 0.8561552307983893], [43, 44, 0.7187911286400295], [43, 52, 0.5455326468372586], [45, 54, 0.1875316819578864], [46, 47, 0.22764262363217314], [46, 55, 0.7036694914544227], [47, 48, 0.8148077688693445], [48, 49, 0.9056103138690976], [48, 57, 0.8989059261227801], [49, 58, 0.44778157599670076], [50, 51, 0.6562019058862336], [50, 59, 0.28721673477948206], [51, 52, 0.28831691253216196], [52, 53, 0.5512921429951942], [52, 61, 0.04660295892711708], [54, 63, 0.5379423768011232], [55, 56, 0.9871068539143603], [55, 64, 0.7773272302605883], [56, 65, 0.3743328986862713], [57, 66, 0.6966134881235052], [58, 59, 0.8743222768244804], [58, 67, 0.4921418716793775], [59, 60, 0.384194212889173], [59, 68, 0.7817617682590131], [60, 61, 0.1142699112195471], [60, 69, 0.8367861655709645], [61, 62, 0.12818903283521887], [61, 70, 0.23988221820407007], [63, 64, 0.9266580595639772], [64, 65, 0.2341103989939921], [64, 73, 0.7072975263783654], [65, 66, 0.32536720515781614], [65, 74, 0.30013161459059456], [66, 75, 0.8148399323499355], [67, 68, 0.4131546188711194], [67, 76, 0.25839297036331266], [68, 69, 0.9273852340897352], [68, 77, 0.3239878101566426], [69, 78, 0.16956019949424428], [70, 71, 0.42385524259261653], [70, 79, 0.15389585905665515], [8, 17, 0.440343672996261], [17, 26, 0.4717382010030684], [26, 35, 0.6414661113621949], [35, 44, 0.33592002331526283], [44, 53, 0.1125376144691086], [71, 80, 0.5521417587521542], [72, 73, 0.1727197162327534], [76, 77, 0.028494848640225334], [78, 79, 0.5473461875836096]], "oriented": false, "discover": false, "dist": true, "mode": "map"}