{"pos": [[0, 0], [0, 1], [0, 2], [0, 3], [0, 4], [0, 5], [0, 6], [0, 7], [1, 0], [1, 1], [1, 2], [1, 3], [1, 4], [1, 5], [1, 6], [1, 7], [2, 0], [2, 1], [2, 2], [2, 3], [2, 4], [2, 5], [2, 6], [2, 7], [3, 0], [3, 1], [3, 2], [3, 3], [3, 4], [3, 5], [3, 6], [3, 7], [4, 0], [4, 1], [4, 2], [4, 3], [4, 4], [4, 5], [4, 6], [4, 7], [5, 0], [5, 1], [5, 2], [5, 3], [5, 4], [5, 5], [5, 6], [5, 7], [6, 0], [6, 1], [6, 2], [6, 3], [6, 4], [6, 5], [6, 6], [6, 7], [7, 0], [7, 1], [7, 2], [7, 3], [7, 4], [7, 5], [7, 6], [7, 7]], "edges": [[0, 1, 0.2897280269412543], [0, 8, 0.6016905379751719], [1, 2, 0.869458400581948], [1, 9, 0.23268845550616646], [2, 3, 0.6689979858051844], [2, 10, 0.5566520022866941], [3, 4, 0.5757505933334842], [4, 5, 0.8528718353841911], [4, 12, 0.38208473468691395], [5, 6, 0.6254447719443141], [5, 13, 0.12078531523135361], [6, 7, 0.08151034752081732], [6, 14, 0.824893624868064], [8, 16, 0.29147632206214336], [9, 10, 0.0005453505558700167], [10, 11, 0.7222682059022436], [10, 18, 0.7633040597314572], [11, 12, 0.6614963471858327], [11, 19, 0.2165772078018835], [13, 14, 0.5742959136984536], [14, 15, 0.5188248295376963], [14, 22, 0.21877315740721137], [16, 17, 0.7642730375850216], [16, 24, 0.39974705012611733], [17, 18, 0.34613683539164397], [17, 25, 0.1209189207168434], [18, 19, 0.9077299015637016], [18, 26, 0.772060660921874], [19, 20, 0.1493964789514869], [19, 27, 0.8210524675048031], [20, 21, 0.013442028660607397], [21, 22, 0.7013516733923518], [21, 29, 0.08887930100258035], [22, 23, 0.30204643529499053], [24, 32, 0.8054532052803444], [25, 33, 0.18892575872001183], [26, 34, 0.03280058722636725], [27, 28, 0.8817373135360902], [28, 29, 0.08660274603434948], [28, 36, 0.47338682649063335], [29, 30, 0.5498636455418298], [29, 37, 0.7236894823720852], [30, 31, 0.21580905157612595], [33, 41, 0.9635564485445227], [34, 35, 0.3541604658716295], [34, 42, 0.8036370641747098], [35, 43, 0.5639428295113296], [36, 44, 0.21964278935733716], [37, 38, 0.23512137319649473], [38, 39, 0.705785692390993], [38, 46, 0.9276552648747977], [40, 41, 0.6224546427223355], [41, 49, 0.08111738980859817], [42, 43, 0.810687582732076], [42, 50, 0.1403699822977642], [44, 45, 0.09141385051400375], [44, 52, 0.9608291055959811], [45, 46, 0.09012996090601944], [46, 54, 0.9506533424378537], [48, 49, 0.6815756176340368], [48, 56, 0.3489322928305755], [50, 51, 0.7797823549696358], [50, 58, 0.6163632943588254], [51, 52, 0.052024250517540116], [52, 53, 0.44969762222664567], [52, 60, 0.2457941627725454], [53, 61, 0.3978879855814771], [54, 55, 0.287610171471006], [54, 62, 0.7243995529416617], [7, 15, 0.358947616740952], [15, 23, 0.7509290474823845], [23, 31, 0.3321004589263359], [39, 47, 0.6119947826749034], [47, 55, 0.05339862808189533], [55, 63, 0.7213427844796524], [56, 57, 0.4488466961099299], [57, 58, 0.1182817780507115], [58, 59, 0.9357394002812218], [59, 60, 0.41311394828910186], [60, 61, 0.5784936461887058], [61, 62, 0.20811669838816282]], "oriented": false, "discover": false, "dist": true, "mode": "map"}