{"pos": [[0, 0], [0, 1], [0, 2], [0, 3], [0, 4], [0, 5], [0, 6], [0, 7], [0, 8], [1, 0], [1, 1], [1, 2], [1, 3], [1, 4], [1, 5], [1, 6], [1, 7], [1, 8], [2, 0], [2, 1], [2, 2], [2, 3], [2, 4], [2, 5], [2, 6], [2, 7], [2, 8], [3, 0], [3, 1], [3, 2], [3, 3], [3, 4], [3, 5], [3, 6], [3, 7], [3, 8], [4, 0], [4, 1], [4, 2], [4, 3], [4, 4], [4, 5], [4, 6], [4, 7], [4, 8], [5, 0], [5, 1], [5, 2], [5, 3], [5, 4], [5, 5], [5, 6], [5, 7], [5, 8], [6, 0], [6, 1], [6, 2], [6, 3], [6, 4], [6, 5], [6, 6], [6, 7], [6, 8], [7, 0], [7, 1], [7, 2], [7, 3], [7, 4], [7, 5], [7, 6], [7, 7], [7, 8], [8, 0], [8, 1], [8, 2], [8, 3], [8, 4], [8, 5], [8, 6], [8, 7], [8, 8]], "edges": [[0, 1, 0.39342577323417116], [0, 9, 0.6229976610347546], [1, 2, 0.819231678297436], [1, 10, 0.05992025360249709], [2, 3, 0.2130545336660279], [2, 11, 0.4183751680598933], [3, 4, 0.81352352333877], [4, 5, 0.3332162228193679], [5, 6, 0.09710781375972499], [5, 14, 0.6879382393295482], [6, 7, 0.8682586243016507], [6, 15, 0.35012856244115864], [7, 8, 0.8974024524856601], [9, 18, 0.23769122299707668], [10, 11, 0.44238060501126075], [10, 19, 0.41822974897336485], [11, 12, 0.9594965478743045], [11, 20, 0.47918960600696325], [12, 13, 0.7355987647297362], [12, 21, 0.8917672647036574], [13, 22, 0.9616258487985547], [14, 15, 0.5931259418836317], [15, 16, 0.20647742769546074], [16, 17, 0.11522819617743951], [16, 25, 0.7032206365146789], [18, 19, 0.38820122140204194], [18, 27, 0.9800105086247879], [19, 20, 0.214527594132643], [20, 21, 0.4471934928414789], [20, 29, 0.48975268168779784], [21, 30, 0.9918199636316629], [22, 23, 0.03766834662519336], [23, 24, 0.001416785226316275], [23, 32, 0.4196332266792364], [24, 25, 0.8739004567653295], [25, 26, 0.14500150975480075], [25, 34, 0.6390690179068838], [27, 36, 0.09183478591056271], [28, 29, 0.27481979016370006], [28, 37, 0.11476914964957718], [29, 30, 0.4584283088254407], [29, 38, 0.38477166269736474], [30, 31, 0.08387663836965142], [30, 39, 0.9902280037940053], [31, 32, 0.2980483490837187], [31, 40, 0.7310794101442223], [32, 33, 0.5986888245912064], [32, 41, 0.7252740826894477], [33, 42, 0.4860843306247822], [34, 35, 0.44365442081784257], [36, 45, 0.5014500797780225], [37, 38, 0.44245305203099217], [37, 46, 0.9063203520875833], [38, 47, 0.6962253008627408], [39, 48, 0.8135353288947857], [40, 41, 0.49859019466694765], [40, 49, 0.10902350630778068], [41, 50, 0.9874043030382957], [42, 43, 0.17041674451636368], [42, 51, 0.30038550772202355], [43, 44, 0.10996260516795675], [43, 52, 0.9408265677576526], [45, 54, 0.9728815384000454], [46, 55, 0.7102939839249461], [47, 48, 0.1248590799686724], [47, 56, 0.3660252972753698], [48, 49, 0.6902753853458294], [48, 57, 0.11036749463723738], [49, 58, 0.4167192525456468], [51, 52, 0.11763033862992545], [51, 60, 0.5224700206407574], [52, 53, 0.7478520022599064], [54, 55, 0.4014363857948393], [54, 63, 0.06821675544413741], [55, 64, 0.6146291239625153], [56, 65, 0.8577805746680167], [57, 58, 0.029740252669854916], [58, 59, 0.8441913860166165], [58, 67, 0.7049138433990754], [59, 68, 0.620101105087951], [60, 61, 0.41907066808220617], [63, 72, 0.6471396334117372], [64, 73, 0.7048934460028128], [65, 66, 0.8972976203741071], [65, 74, 0.8269585276253649], [67, 68, 0.9934225768982572], [67, 76, 0.6745887796078226], [68, 69, 0.33943442182924566], [68, 77, 0.5811831963833689], [69, 70, 0.8689331784203322], [69, 78, 0.7416818461630874], [8, 17, 0.29242181770999387], [26, 35, 0.2232916725027878], [35, 44, 0.0830843844198832], [44, 53, 0.26253778088092916], [53, 62, 0.6399500011787512], [62, 71, 0.6271034742055543], [71, 80, 0.9357303249041565], [72, 73, 0.26012976308075986], [73, 74, 0.6861081366437689], [75, 76, 0.39725083046483256], [76, 77, 0.8185706041440732], [77, 78, 0.6522571257002631], [78, 79, 0.5687250853361513]], "oriented": false, "discover": false, "dist": true, "mode": "map"}