{"pos": [[0, 0], [0, 1], [0, 2], [0, 3], [0, 4], [0, 5], [0, 6], [0, 7], [1, 0], [1, 1], [1, 2], [1, 3], [1, 4], [1, 5], [1, 6], [1, 7], [2, 0], [2, 1], [2, 2], [2, 3], [2, 4], [2, 5], [2, 6], [2, 7], [3, 0], [3, 1], [3, 2], [3, 3], [3, 4], [3, 5], [3, 6], [3, 7], [4, 0], [4, 1], [4, 2], [4, 3], [4, 4], [4, 5], [4, 6], [4, 7], [5, 0], [5, 1], [5, 2], [5, 3], [5, 4], [5, 5], [5, 6], [5, 7], [6, 0], [6, 1], [6, 2], [6, 3], [6, 4], [6, 5], [6, 6], [6, 7], [7, 0], [7, 1], [7, 2], [7, 3], [7, 4], [7, 5], [7, 6], [7, 7]], "edges": [[0, 1, 0.24907513593785757], [0, 8, 0.5690592922605561], [1, 2, 0.01928804841754783], [2, 3, 0.9882372072329046], [2, 10, 0.1702536060364318], [3, 4, 0.8307054173377222], [3, 11, 0.7569957606137642], [4, 5, 0.18203916832167855], [5, 6, 0.14637872209465297], [5, 13, 0.3669513829393024], [6, 7, 0.3380217766105812], [6, 14, 0.6861145540208559], [8, 9, 0.07507908633516236], [8, 16, 0.8820881940155331], [9, 10, 0.4267335706018922], [11, 12, 0.13198073904428187], [11, 19, 0.850936970229405], [12, 13, 0.744075774746405], [12, 20, 0.30606212546504863], [13, 21, 0.20708903203481444], [14, 22, 0.3423819971543166], [16, 17, 0.3844862139125016], [16, 24, 0.010635194251931712], [17, 18, 0.46141080817494673], [17, 25, 0.8817889717960844], [18, 19, 0.9690077112114338], [19, 20, 0.4346550890872459], [20, 28, 0.9508085190761232], [21, 29, 0.6646544637109171], [22, 30, 0.2091602147597017], [24, 25, 0.8300932697661662], [24, 32, 0.455548298976316], [25, 26, 0.48077844581329743], [25, 33, 0.8878924560314069], [26, 27, 0.8132091872842827], [26, 34, 0.8099732252494409], [27, 28, 0.9439471575345024], [27, 35, 0.16161641267938354], [29, 37, 0.36841736867453134], [30, 38, 0.2209122446908076], [32, 33, 0.09649074652560097], [32, 40, 0.3543212015015935], [33, 34, 0.24793563872900393], [33, 41, 0.034203978220567754], [34, 35, 0.26272900935761623], [34, 42, 0.6932382315062209], [35, 36, 0.9014615454440095], [35, 43, 0.022615372969620906], [36, 44, 0.5828975920482935], [37, 45, 0.623704748862329], [38, 39, 0.08066570875625745], [38, 46, 0.5364271539070744], [40, 41, 0.4314406691148005], [40, 48, 0.5146210793684919], [41, 49, 0.2198743363179282], [42, 43, 0.8907195201955946], [44, 45, 0.6887502870036707], [44, 52, 0.724434883487662], [45, 53, 0.6187782278984731], [46, 47, 0.9912352538692104], [46, 54, 0.7572275001294158], [48, 56, 0.5241833881949415], [49, 50, 0.07784232347967501], [49, 57, 0.46101072577292546], [50, 51, 0.5009976971294046], [50, 58, 0.7842371203689792], [51, 52, 0.8291127878794173], [52, 53, 0.6575206827766557], [52, 60, 0.07383817251467717], [53, 54, 0.43548354031214176], [53, 61, 0.5988225017319898], [7, 15, 0.9841121865395959], [15, 23, 0.7764466281057248], [23, 31, 0.9405255048449526], [31, 39, 0.3391042360427253], [47, 55, 0.1563327301669295], [55, 63, 0.4844092061795886], [56, 57, 0.09969451092020587], [57, 58, 0.8436073967345464], [58, 59, 0.04339487682834553], [61, 62, 0.15808325400190393]], "oriented": false, "discover": false, "dist": true, "mode": "map"}