{"pos": [[0, 0], [0, 1], [0, 2], [0, 3], [0, 4], [0, 5], [0, 6], [0, 7], [0, 8], [1, 0], [1, 1], [1, 2], [1, 3], [1, 4], [1, 5], [1, 6], [1, 7], [1, 8], [2, 0], [2, 1], [2, 2], [2, 3], [2, 4], [2, 5], [2, 6], [2, 7], [2, 8], [3, 0], [3, 1], [3, 2], [3, 3], [3, 4], [3, 5], [3, 6], [3, 7], [3, 8], [4, 0], [4, 1], [4, 2], [4, 3], [4, 4], [4, 5], [4, 6], [4, 7], [4, 8], [5, 0], [5, 1], [5, 2], [5, 3], [5, 4], [5, 5], [5, 6], [5, 7], [5, 8], [6, 0], [6, 1], [6, 2], [6, 3], [6, 4], [6, 5], [6, 6], [6, 7], [6, 8], [7, 0], [7, 1], [7, 2], [7, 3], [7, 4], [7, 5], [7, 6], [7, 7], [7, 8], [8, 0], [8, 1], [8, 2], [8, 3], [8, 4], [8, 5], [8, 6], [8, 7], [8, 8]], "edges": [[0, 9, 0.737212408330142], [1, 2, 0.33739952439887777], [1, 10, 0.9835552823791216], [2, 3, 0.010266964927521327], [2, 11, 0.5017624080784339], [3, 4, 0.48938813609431076], [4, 5, 0.9550411236356624], [5, 6, 0.5705215360354178], [5, 14, 0.7802536772634521], [6, 7, 0.8365160926984012], [7, 8, 0.5833233379158463], [7, 16, 0.33126422732991545], [9, 10, 0.4078237985484522], [9, 18, 0.5381035153632565], [10, 11, 0.8713320554177445], [11, 20, 0.921453432058412], [12, 13, 0.7057473042897477], [12, 21, 0.16491162489839883], [13, 14, 0.997669037369251], [13, 22, 0.35257961099847235], [14, 23, 0.563026933859173], [15, 16, 0.8713304534715155], [16, 17, 0.9888246567527592], [16, 25, 0.8756792156164425], [18, 19, 0.4161844120525675], [18, 27, 0.16769351074147576], [19, 20, 0.034659684682781466], [19, 28, 0.4457356575893071], [20, 29, 0.6285482730533555], [21, 30, 0.7365996147719474], [22, 31, 0.7726826166562125], [23, 24, 0.9646737123061547], [23, 32, 0.27651564131538775], [24, 33, 0.7025292316746838], [25, 34, 0.1946721377087557], [27, 28, 0.2562479284397715], [27, 36, 0.1397760846264836], [28, 37, 0.9182045098404538], [29, 30, 0.41184936678114226], [30, 31, 0.25523960705055115], [31, 40, 0.7194541671920996], [32, 33, 0.04946630390809137], [32, 41, 0.9850485036055516], [33, 42, 0.9081159725089688], [34, 35, 0.48924404033304736], [34, 43, 0.15613563312090073], [36, 45, 0.503816252319949], [37, 38, 0.6882583013679957], [37, 46, 0.6355022575665443], [38, 39, 0.5120821984078923], [39, 40, 0.4859679997662728], [39, 48, 0.38603425929443413], [40, 41, 0.22089065670219188], [41, 42, 0.578215547797247], [41, 50, 0.9213517253709098], [42, 43, 0.05507533257949382], [43, 44, 0.5872515058230842], [45, 46, 0.16181336734636265], [46, 47, 0.9925313807626165], [46, 55, 0.8961452148594815], [47, 48, 0.3631697129099588], [48, 49, 0.15976136006020836], [48, 57, 0.6382130949721242], [49, 50, 0.6654761136465318], [49, 58, 0.39185405064851586], [50, 51, 0.7090480697741225], [50, 59, 0.7462556591983115], [51, 52, 0.036348725773339585], [52, 53, 0.4507781392195481], [54, 55, 0.04281656242272014], [54, 63, 0.07728488780264076], [55, 56, 0.4650976196737956], [55, 64, 0.2724395135502329], [56, 57, 0.8947467098951386], [56, 65, 0.10476594121470773], [58, 59, 0.15854158701525067], [59, 60, 0.1382067608460229], [59, 68, 0.9949236573480565], [60, 61, 0.8031743903189059], [61, 62, 0.9412322436128292], [61, 70, 0.5480527878904309], [64, 65, 0.893693417918412], [64, 73, 0.5898275763858232], [65, 66, 0.9612449677365872], [66, 67, 0.3138272779868555], [66, 75, 0.5113395146419113], [67, 68, 0.9073482033918994], [67, 76, 0.08042894946687418], [68, 69, 0.7021671974981523], [68, 77, 0.6482331588309208], [69, 70, 0.46029771453904234], [70, 71, 0.48429454527504623], [17, 26, 0.47669890945442317], [35, 44, 0.6186332909525112], [53, 62, 0.529029689499463], [72, 73, 0.3932894630214464], [73, 74, 0.3421814321931851], [75, 76, 0.5460520011050312], [76, 77, 0.4803285073485264], [77, 78, 0.8941087611586017], [78, 79, 0.45663388782967396], [79, 80, 0.007272904354398868]], "oriented": false, "discover": false, "dist": true, "mode": "map"}