{"pos": [[0, 0], [0, 1], [0, 2], [0, 3], [0, 4], [0, 5], [0, 6], [0, 7], [1, 0], [1, 1], [1, 2], [1, 3], [1, 4], [1, 5], [1, 6], [1, 7], [2, 0], [2, 1], [2, 2], [2, 3], [2, 4], [2, 5], [2, 6], [2, 7], [3, 0], [3, 1], [3, 2], [3, 3], [3, 4], [3, 5], [3, 6], [3, 7], [4, 0], [4, 1], [4, 2], [4, 3], [4, 4], [4, 5], [4, 6], [4, 7], [5, 0], [5, 1], [5, 2], [5, 3], [5, 4], [5, 5], [5, 6], [5, 7], [6, 0], [6, 1], [6, 2], [6, 3], [6, 4], [6, 5], [6, 6], [6, 7], [7, 0], [7, 1], [7, 2], [7, 3], [7, 4], [7, 5], [7, 6], [7, 7]], "edges": [[0, 1, 0.7258558067978483], [0, 8, 0.38511093581140665], [1, 2, 0.7379397908939318], [1, 9, 0.03292590453054034], [2, 3, 0.8668543143147087], [2, 10, 0.9897393880481008], [3, 4, 0.8870103641516165], [3, 11, 0.024652320223342405], [4, 5, 0.10995211051339515], [4, 12, 0.3632683318241109], [5, 6, 0.2044631435435773], [5, 13, 0.6047549505543234], [6, 7, 0.2506862575979165], [6, 14, 0.5497821851388186], [8, 9, 0.21389501247648746], [9, 10, 0.12808377805226434], [9, 17, 0.42273353612273123], [10, 18, 0.8753474098568036], [11, 19, 0.07425069920235283], [12, 13, 0.5240178206624801], [12, 20, 0.0037364809123567877], [13, 21, 0.08979912186429773], [14, 15, 0.11862508324880483], [16, 17, 0.6460764680586558], [16, 24, 0.9932960410728444], [17, 25, 0.607372838533436], [18, 19, 0.7080512370336945], [18, 26, 0.35717813057381864], [19, 27, 0.6845376775073376], [20, 21, 0.9380166527165735], [20, 28, 0.4918711913918523], [21, 22, 0.33220271078152264], [21, 29, 0.777467597624059], [22, 23, 0.47311413386996526], [24, 32, 0.44245709978954584], [25, 26, 0.5660532795308456], [25, 33, 0.43810911524671625], [26, 27, 0.383001706809452], [27, 35, 0.7410472921427067], [28, 29, 0.2036804168502525], [28, 36, 0.5694765231159478], [29, 30, 0.792545437819361], [30, 38, 0.53666614286845], [33, 41, 0.7772432034001218], [34, 35, 0.7946986472986095], [34, 42, 0.22830511454657276], [35, 36, 0.9411533899631276], [36, 37, 0.5983402337222001], [36, 44, 0.7972917938090834], [37, 38, 0.019285659325149695], [38, 39, 0.5126211642849895], [38, 46, 0.6982625325077665], [40, 41, 0.4378657170604787], [40, 48, 0.7939998599897332], [41, 42, 0.6352851309641978], [41, 49, 0.4377061874012921], [42, 50, 0.6476061633960511], [43, 44, 0.42348868050537836], [44, 45, 0.008907591254213476], [44, 52, 0.6117216050271709], [45, 46, 0.42810319958961063], [45, 53, 0.844207965190892], [46, 54, 0.8748616212892093], [48, 49, 0.2993417770373269], [49, 57, 0.9688602756101196], [50, 58, 0.6818552127065645], [51, 52, 0.8660573180851394], [51, 59, 0.13588046290856148], [52, 53, 0.48074239933007146], [52, 60, 0.9309534341910133], [54, 55, 0.2654964032636783], [54, 62, 0.7255731656947196], [7, 15, 0.8891417120218247], [23, 31, 0.186039638582286], [39, 47, 0.2254791726026193], [55, 63, 0.8260224836856028], [56, 57, 0.12475631622108385], [57, 58, 0.003296410153710738], [58, 59, 0.27166840167158246], [60, 61, 0.28129755885286145], [61, 62, 0.09680745637218979]], "oriented": false, "discover": false, "dist": true, "mode": "map"}