{"names": ["P", "V1", "V2", "V3", "V4", "V5", "V6", "V7", "V8", "V9", "V10", "V11", "V12", "V13", "V14", "V15", "V16", "V17", "V18", "V19", "V20", "S"], 
"pos": [[834.607784, 921.228333], [741.101772, 985.453979], [660.841023, 872.83313], [531.952371, 979.003906], [415.191744, 886.878784], [208.804896, 945.738708], [662.781956, 692.309937], [538.513555, 691.034119], [278.101604, 795.322327], [677.334377, 519.3797], [869.461315, 379.542725], [605.6204, 304.542023], [487.588171, 107.363998], [368.052782, 511.453888], [485.930609, 349.169983], [286.490965, 630.280151], [333.678629, 443.792511], [397.645156, 284.011108], [201.293026, 431.667969], [209.483368, 531.663452], [28.540947, 444.404785], [0.770719, 401.405762]], 
"edges": [[1, 0, 150, 239.40000000000003, 0], [2, 1, 181, 239.40000000000003, 0], [3, 2, 193, 102.60000000000001, 0], [4, 3, 206, 68.4, 0], [5, 4, 320, 34.2, 0], [6, 2, 202, 136.8, 0], [7, 3, 372, 34.2, 0], [7, 6, 178, 34.2, 0], [8, 7, 368, 34.2, 0], [8, 5, 204, 34.2, 0], [8, 4, 218, 34.2, 0], [9, 6, 194, 102.60000000000001, 0], [10, 9, 333, 34.2, 0], [11, 9, 308, 34.2, 0], [11, 10, 347, 34.2, 0], [12, 11, 279, 34.2, 0], [13, 14, 238, 34.2, 0], [14, 7, 422, 34.2, 0], [14, 9, 313, 34.2, 0], [14, 11, 143, 34.2, 0], [14, 12, 298, 34.2, 0], [15, 8, 187, 68.4, 0], [13, 15, 173, 34.2, 0], [16, 14, 195, 34.2, 0], [16, 13, 98, 34.2, 0], [17, 12, 254, 34.2, 0], [17, 14, 135, 34.2, 0], [18, 17, 312, 68.4, 0], [18, 16, 157, 34.2, 0], [19, 13, 212, 34.2, 0], [19, 16, 183, 34.2, 0], [19, 15, 144, 34.2, 0], [18, 19, 107, 34.2, 0], [20, 19, 231, 68.4, 0], [21, 18, 243, 136.8, 0], [21, 20, 71, 68.4, 0]], 
"dist": false, "oriented": true, "mode": "map", "valNames": ["val", "capacite", "flux"]}
