{"pos": [[0, 0], [0, 1], [0, 2], [0, 3], [0, 4], [0, 5], [0, 6], [0, 7], [1, 0], [1, 1], [1, 2], [1, 3], [1, 4], [1, 5], [1, 6], [1, 7], [2, 0], [2, 1], [2, 2], [2, 3], [2, 4], [2, 5], [2, 6], [2, 7], [3, 0], [3, 1], [3, 2], [3, 3], [3, 4], [3, 5], [3, 6], [3, 7], [4, 0], [4, 1], [4, 2], [4, 3], [4, 4], [4, 5], [4, 6], [4, 7], [5, 0], [5, 1], [5, 2], [5, 3], [5, 4], [5, 5], [5, 6], [5, 7], [6, 0], [6, 1], [6, 2], [6, 3], [6, 4], [6, 5], [6, 6], [6, 7], [7, 0], [7, 1], [7, 2], [7, 3], [7, 4], [7, 5], [7, 6], [7, 7]], "edges": [[0, 1, 0.15295629268917865], [1, 2, 0.08123800241252388], [1, 9, 0.3782852242488033], [2, 3, 0.8990446383262123], [2, 10, 0.6408486994204603], [3, 4, 0.4412495056211596], [4, 5, 0.5442725707852772], [4, 12, 0.11437426459077371], [5, 6, 0.6758761868041718], [5, 13, 0.09975376289273474], [6, 7, 0.021210515940870533], [6, 14, 0.518412816670391], [8, 9, 0.7804635406459002], [8, 16, 0.2839078108567885], [9, 10, 0.8401388545796736], [9, 17, 0.34242388008007096], [10, 11, 0.9454198897131779], [10, 18, 0.11470580135082653], [11, 12, 0.06486512957829771], [11, 19, 0.20010151533853582], [12, 20, 0.7409042776686736], [13, 14, 0.7006886891004305], [14, 15, 0.9971472669472878], [14, 22, 0.16072021246630896], [16, 24, 0.3618093783331402], [17, 25, 0.08220484678337225], [18, 19, 0.7296767886876091], [18, 26, 0.7427922027757374], [19, 27, 0.7218890372507148], [20, 21, 0.1429323460285188], [21, 22, 0.24617072334136902], [21, 29, 0.00803944102258336], [22, 30, 0.6653399953794888], [24, 32, 0.21423690274227447], [25, 26, 0.5615691566164334], [25, 33, 0.08156623812981156], [27, 28, 0.8357640630819878], [27, 35, 0.5181727926928386], [28, 36, 0.7319161083789351], [29, 30, 0.6903894782046203], [29, 37, 0.7220417835902829], [30, 38, 0.10531964911312897], [33, 41, 0.5403596027033514], [34, 35, 0.42371658232173104], [34, 42, 0.7015112980270498], [35, 36, 0.5930627945299725], [36, 44, 0.33623240513789343], [37, 45, 0.7461076069451615], [38, 39, 0.5840187798613977], [38, 46, 0.3159997700756233], [40, 41, 0.9514322148992246], [40, 48, 0.3306739744298066], [41, 42, 0.39892344679312197], [41, 49, 0.2351051465079984], [42, 43, 0.39282678431079143], [43, 44, 0.36411496901407536], [43, 51, 0.49192891143634365], [44, 52, 0.04748804081527036], [45, 53, 0.8153171363606542], [46, 47, 0.051544843139457286], [46, 54, 0.28403744101888995], [48, 49, 0.2322146782474036], [48, 56, 0.9675453587097439], [49, 50, 0.20277107778669934], [49, 57, 0.7858597058455801], [50, 51, 0.6189669752078617], [50, 58, 0.99512840354647], [51, 59, 0.2145480390103528], [52, 53, 0.669352661555899], [52, 60, 0.3106752362960742], [53, 54, 0.2656013593075466], [53, 61, 0.05392979936993458], [54, 55, 0.1403249043245176], [54, 62, 0.6746727241714477], [7, 15, 0.07576412125090493], [15, 23, 0.31590140410416945], [23, 31, 0.6092892407889114], [31, 39, 0.5964091202401851], [57, 58, 0.6150767194520942], [59, 60, 0.9302957047811425], [62, 63, 0.23658326758496628]], "oriented": false, "discover": false, "dist": true, "mode": "map"}