{"pos": [[0, 0], [0, 1], [0, 2], [0, 3], [0, 4], [0, 5], [0, 6], [0, 7], [0, 8], [1, 0], [1, 1], [1, 2], [1, 3], [1, 4], [1, 5], [1, 6], [1, 7], [1, 8], [2, 0], [2, 1], [2, 2], [2, 3], [2, 4], [2, 5], [2, 6], [2, 7], [2, 8], [3, 0], [3, 1], [3, 2], [3, 3], [3, 4], [3, 5], [3, 6], [3, 7], [3, 8], [4, 0], [4, 1], [4, 2], [4, 3], [4, 4], [4, 5], [4, 6], [4, 7], [4, 8], [5, 0], [5, 1], [5, 2], [5, 3], [5, 4], [5, 5], [5, 6], [5, 7], [5, 8], [6, 0], [6, 1], [6, 2], [6, 3], [6, 4], [6, 5], [6, 6], [6, 7], [6, 8], [7, 0], [7, 1], [7, 2], [7, 3], [7, 4], [7, 5], [7, 6], [7, 7], [7, 8], [8, 0], [8, 1], [8, 2], [8, 3], [8, 4], [8, 5], [8, 6], [8, 7], [8, 8]], "edges": [[0, 1, 0.8332545144427289], [0, 9, 0.9274744997577697], [1, 2, 0.46592875968417724], [1, 10, 0.1567153642577196], [2, 3, 0.6436013631880303], [3, 4, 0.13502658602685758], [3, 12, 0.5699458714626648], [4, 5, 0.4652894059520146], [4, 13, 0.33840245687731985], [5, 6, 0.26752417468272305], [5, 14, 0.3778720866317338], [6, 7, 0.16577533557306479], [7, 8, 0.6816652898618172], [7, 16, 0.275026005024258], [10, 11, 0.4764433247517459], [10, 19, 0.6004637687414182], [11, 20, 0.5382199012910229], [12, 13, 0.2270943170547869], [13, 22, 0.6556710879668667], [14, 15, 0.7844872332377343], [14, 23, 0.36689221625182056], [15, 24, 0.6487449687468255], [16, 17, 0.20303779248889353], [16, 25, 0.9547232419196302], [18, 19, 0.7621197295896252], [19, 20, 0.32449301189041735], [19, 28, 0.8591221537678201], [20, 21, 0.6610809963963801], [20, 29, 0.30283493808024375], [21, 22, 0.8377231326579815], [22, 31, 0.40317780700539907], [23, 24, 0.24843402185752983], [24, 33, 0.8160180871930717], [25, 26, 0.2871417145442704], [27, 28, 0.7687155464127684], [28, 29, 0.13313801745001863], [28, 37, 0.6083734641786395], [29, 30, 0.9818338564198927], [29, 38, 0.21558529657884196], [30, 39, 0.013191134412520733], [31, 32, 0.12582009540060268], [31, 40, 0.1643497143890268], [32, 41, 0.4765865800364304], [33, 34, 0.2715258531337579], [34, 35, 0.2870867456406303], [34, 43, 0.9306977062007783], [36, 37, 0.770039759164725], [36, 45, 0.22210383423179192], [37, 38, 0.7758230843877902], [37, 46, 0.599414810440389], [38, 47, 0.40410640996533875], [39, 48, 0.8856503858153172], [40, 41, 0.8301365403515505], [40, 49, 0.47403588856738854], [41, 42, 0.11268219303340676], [41, 50, 0.028831293293178906], [42, 43, 0.9738621579275494], [42, 51, 0.7357556381518359], [43, 44, 0.8679878985520094], [46, 47, 0.7849109849656378], [46, 55, 0.3805844526990382], [47, 48, 0.4188452730927561], [48, 57, 0.861312646158066], [49, 50, 0.11699477414066783], [49, 58, 0.6874493662563465], [50, 51, 0.29854470371608155], [51, 52, 0.5680444432080476], [51, 60, 0.5292942818730995], [52, 61, 0.04324034343476335], [54, 55, 0.6408358022989897], [54, 63, 0.2963048741094706], [55, 56, 0.1358628505369075], [55, 64, 0.6872592924151183], [56, 65, 0.2427265513869249], [57, 58, 0.3303722635284996], [58, 59, 0.7435898037750441], [59, 60, 0.628934433799247], [59, 68, 0.43019243375610494], [60, 61, 0.5195864073180056], [61, 70, 0.5877580244947631], [63, 64, 0.45927613328215355], [64, 65, 0.7503175125588291], [64, 73, 0.820938036982369], [65, 66, 0.6616293370791658], [65, 74, 0.33016059347985616], [66, 67, 0.0937518467609959], [66, 75, 0.12590722840611357], [68, 69, 0.40813017468673884], [68, 77, 0.04029859634372668], [69, 78, 0.6643677099402522], [70, 71, 0.13415659412961434], [70, 79, 0.44869317840643574], [8, 17, 0.3516932693803294], [17, 26, 0.16120499698522517], [26, 35, 0.3503303834871474], [35, 44, 0.9713749190732148], [44, 53, 0.8497105000602352], [53, 62, 0.04375393826188667], [62, 71, 0.7920645226833543], [71, 80, 0.8213670643427007], [72, 73, 0.16015741724760424], [73, 74, 0.15410438201698085], [75, 76, 0.3133972635138783], [76, 77, 0.3311415929072913]], "oriented": false, "discover": false, "dist": true, "mode": "map"}