{"pos": [[0, 0], [0, 1], [0, 2], [0, 3], [0, 4], [0, 5], [0, 6], [0, 7], [0, 8], [1, 0], [1, 1], [1, 2], [1, 3], [1, 4], [1, 5], [1, 6], [1, 7], [1, 8], [2, 0], [2, 1], [2, 2], [2, 3], [2, 4], [2, 5], [2, 6], [2, 7], [2, 8], [3, 0], [3, 1], [3, 2], [3, 3], [3, 4], [3, 5], [3, 6], [3, 7], [3, 8], [4, 0], [4, 1], [4, 2], [4, 3], [4, 4], [4, 5], [4, 6], [4, 7], [4, 8], [5, 0], [5, 1], [5, 2], [5, 3], [5, 4], [5, 5], [5, 6], [5, 7], [5, 8], [6, 0], [6, 1], [6, 2], [6, 3], [6, 4], [6, 5], [6, 6], [6, 7], [6, 8], [7, 0], [7, 1], [7, 2], [7, 3], [7, 4], [7, 5], [7, 6], [7, 7], [7, 8], [8, 0], [8, 1], [8, 2], [8, 3], [8, 4], [8, 5], [8, 6], [8, 7], [8, 8]], "edges": [[0, 1, 0.6689040931506729], [0, 9, 0.6430025901678127], [1, 2, 0.8097095010041431], [2, 3, 0.6639287806151629], [2, 11, 0.6446318304361045], [3, 4, 0.5874102901716913], [3, 12, 0.9933853381443043], [4, 5, 0.3755324561101868], [4, 13, 0.17989844292975476], [5, 6, 0.9519352786638514], [5, 14, 0.2035014773058611], [6, 7, 0.8568528370818403], [7, 8, 0.03128958794493453], [9, 10, 0.8286449084983525], [9, 18, 0.20887991531371164], [10, 11, 0.130450146632897], [11, 12, 0.14447007133766032], [11, 20, 0.01515181501019447], [12, 21, 0.47345736885765133], [13, 14, 0.29945984380465585], [14, 15, 0.11398855620162762], [14, 23, 0.07723563880205842], [15, 16, 0.6252581751686613], [15, 24, 0.5047428287244708], [16, 17, 0.2604275436416833], [18, 19, 0.8000738288288947], [18, 27, 0.7201760843809868], [19, 20, 0.3635702102956181], [19, 28, 0.7963682566054505], [20, 21, 0.5998437131426637], [21, 22, 0.8918005666614873], [21, 30, 0.10201626694723964], [22, 31, 0.4730178585639925], [23, 32, 0.020762072472051418], [24, 25, 0.9591301399857832], [24, 33, 0.05245310684978377], [25, 34, 0.7166142537842684], [27, 28, 0.05094252809962907], [27, 36, 0.22401573219441806], [28, 29, 0.5752152330187672], [28, 37, 0.5648685950565225], [29, 38, 0.029035148064157967], [30, 31, 0.6204312015138338], [30, 39, 0.7330613826388651], [31, 40, 0.382763070499732], [32, 33, 0.9621969388266495], [32, 41, 0.6421633662981776], [33, 34, 0.6902653239270394], [33, 42, 0.394397136987252], [34, 35, 0.060985877988116055], [34, 43, 0.229947494728032], [36, 45, 0.285788725656858], [37, 46, 0.5973212782559079], [39, 40, 0.17385932370948431], [39, 48, 0.8871976981976887], [40, 41, 0.8471658408005989], [40, 49, 0.8510400730079926], [41, 42, 0.3631506362378245], [42, 43, 0.8665283129477908], [42, 51, 0.3105023241962884], [43, 44, 0.8142636420247193], [45, 46, 0.09338334669220782], [45, 54, 0.7040618498023095], [46, 47, 0.9478284797978317], [46, 55, 0.3292849329346176], [47, 48, 0.6294682075831673], [48, 57, 0.6823444209777917], [49, 50, 0.3121018727760717], [50, 51, 0.05887992329529146], [50, 59, 0.0480302296115237], [51, 52, 0.6834202717665925], [52, 53, 0.1696303526737698], [52, 61, 0.037058826092149943], [54, 55, 0.08964128915451341], [54, 63, 0.9219888319884708], [55, 56, 0.5006428273797866], [56, 65, 0.507833928658032], [57, 58, 0.057828974475281236], [58, 59, 0.9374662739446867], [59, 60, 0.5243476891822463], [60, 69, 0.48909728377521167], [63, 64, 0.7728763133776287], [63, 72, 0.09502433152221368], [64, 65, 0.1161831712194954], [65, 66, 0.12608342155475982], [65, 74, 0.7297160242442897], [66, 67, 0.050091715516949686], [67, 68, 0.7756890692092582], [68, 69, 0.43681035180446226], [68, 77, 0.4396866127940544], [69, 70, 0.873204484224858], [69, 78, 0.4819629548855744], [70, 79, 0.33161591301971816], [17, 26, 0.06274933481884959], [53, 62, 0.5956410248210152], [62, 71, 0.19351475852687672], [72, 73, 0.4192494693498643], [73, 74, 0.5045767341101315], [74, 75, 0.06592605298435883], [75, 76, 0.387274546455599], [76, 77, 0.8833462833180319], [77, 78, 0.9398193876153587], [78, 79, 0.5529126201088647], [79, 80, 0.7420364470290356]], "oriented": false, "discover": false, "dist": true, "mode": "map"}