{"pos": [[0, 0], [0, 1], [0, 2], [0, 3], [0, 4], [0, 5], [0, 6], [0, 7], [1, 0], [1, 1], [1, 2], [1, 3], [1, 4], [1, 5], [1, 6], [1, 7], [2, 0], [2, 1], [2, 2], [2, 3], [2, 4], [2, 5], [2, 6], [2, 7], [3, 0], [3, 1], [3, 2], [3, 3], [3, 4], [3, 5], [3, 6], [3, 7], [4, 0], [4, 1], [4, 2], [4, 3], [4, 4], [4, 5], [4, 6], [4, 7], [5, 0], [5, 1], [5, 2], [5, 3], [5, 4], [5, 5], [5, 6], [5, 7], [6, 0], [6, 1], [6, 2], [6, 3], [6, 4], [6, 5], [6, 6], [6, 7], [7, 0], [7, 1], [7, 2], [7, 3], [7, 4], [7, 5], [7, 6], [7, 7]], "edges": [[0, 1, 0.483952882228162], [0, 8, 0.6419246791263179], [1, 2, 0.622206483084378], [1, 9, 0.757418384329324], [2, 3, 0.12866934566100807], [2, 10, 0.15804107053307181], [3, 4, 0.8492156471337872], [3, 11, 0.31954591482672823], [4, 5, 0.350677716426977], [5, 6, 0.793000739744657], [5, 13, 0.8193410497695968], [6, 7, 0.6204036661538727], [6, 14, 0.6185737742402405], [8, 9, 0.5880265601911857], [8, 16, 0.9818785704444284], [9, 10, 0.49697984777600557], [10, 18, 0.08351903305243691], [11, 12, 0.6997407947688277], [11, 19, 0.5737375695590359], [13, 14, 0.9386625293298049], [13, 21, 0.01591618654119631], [16, 17, 0.917477596332109], [16, 24, 0.013777322355145838], [17, 18, 0.1761993792379627], [17, 25, 0.8780963953558872], [18, 26, 0.6807970582537579], [19, 20, 0.7292519530474509], [20, 21, 0.46699561384603927], [20, 28, 0.49721927011199973], [21, 22, 0.5896604595801871], [22, 30, 0.4438201143378002], [24, 25, 0.0322164324505847], [24, 32, 0.7694252636426671], [25, 33, 0.40784957008274847], [26, 27, 0.29595453678034034], [26, 34, 0.7163037345011694], [28, 29, 0.6658949146861135], [29, 30, 0.806217868630135], [29, 37, 0.043574689518506515], [30, 31, 0.8425850070228416], [32, 33, 0.0019896472973305324], [32, 40, 0.3449834760189475], [33, 34, 0.17031643921400352], [34, 35, 0.32546492816391015], [35, 36, 0.8729873322763974], [35, 43, 0.5566080412469577], [36, 37, 0.6167231533307354], [36, 44, 0.06454766782417021], [37, 38, 0.9087081415745396], [38, 39, 0.8968014506263218], [38, 46, 0.8295326977771983], [40, 41, 0.8334406554984797], [40, 48, 0.214698227557357], [41, 42, 0.6815538566018536], [41, 49, 0.2339405457538859], [42, 43, 0.6214176109547809], [42, 50, 0.4976564634450229], [43, 51, 0.4949001465967786], [44, 45, 0.4549763164311188], [44, 52, 0.2773374948835823], [45, 53, 0.7121265942759968], [46, 47, 0.14520786058533075], [48, 56, 0.1613509189861504], [50, 58, 0.6559551242965637], [51, 59, 0.1504219393601256], [52, 53, 0.9949653089507784], [52, 60, 0.12216592145834826], [53, 54, 0.4857227085816357], [53, 61, 0.5214142932801191], [54, 62, 0.44647441870937643], [7, 15, 0.9101990243141167], [15, 23, 0.6215020562027243], [23, 31, 0.1266422976137913], [31, 39, 0.9691409972015259], [39, 47, 0.8323361619558772], [47, 55, 0.4226937373173755], [55, 63, 0.882520706210747], [56, 57, 0.941500964781512], [57, 58, 0.8360759862413528], [58, 59, 0.40459758062230655], [61, 62, 0.4969483163228461]], "oriented": false, "discover": false, "dist": true, "mode": "map"}