{"pos": [[0, 0], [0, 1], [0, 2], [0, 3], [0, 4], [0, 5], [0, 6], [0, 7], [1, 0], [1, 1], [1, 2], [1, 3], [1, 4], [1, 5], [1, 6], [1, 7], [2, 0], [2, 1], [2, 2], [2, 3], [2, 4], [2, 5], [2, 6], [2, 7], [3, 0], [3, 1], [3, 2], [3, 3], [3, 4], [3, 5], [3, 6], [3, 7], [4, 0], [4, 1], [4, 2], [4, 3], [4, 4], [4, 5], [4, 6], [4, 7], [5, 0], [5, 1], [5, 2], [5, 3], [5, 4], [5, 5], [5, 6], [5, 7], [6, 0], [6, 1], [6, 2], [6, 3], [6, 4], [6, 5], [6, 6], [6, 7], [7, 0], [7, 1], [7, 2], [7, 3], [7, 4], [7, 5], [7, 6], [7, 7]], "edges": [[0, 1, 0.7897026336911271], [1, 2, 0.9573496447588941], [1, 9, 0.40837880695444806], [2, 3, 0.5488552277913133], [2, 10, 0.5429963794317323], [3, 4, 0.2355422131742282], [3, 11, 0.36721173902730175], [4, 5, 0.0939328348133166], [4, 12, 0.5403471853303278], [5, 6, 0.22640066261815506], [5, 13, 0.5398972297443654], [6, 7, 0.43287383665542145], [6, 14, 0.5379914607241228], [8, 9, 0.9303945426758659], [9, 10, 0.807709864494686], [9, 17, 0.07759942950680943], [10, 11, 0.5047343534089948], [10, 18, 0.33140232033382955], [12, 13, 0.2853041551835632], [12, 20, 0.5733793342750483], [13, 14, 0.5565342105137338], [13, 21, 0.06974057379613463], [16, 17, 0.04941846592199972], [16, 24, 0.28277874304722284], [17, 25, 0.6941412038337834], [18, 19, 0.704572916330296], [21, 22, 0.9425304222988496], [21, 29, 0.8496593513559018], [24, 32, 0.8993520299797065], [25, 26, 0.4298905325834428], [25, 33, 0.9060953432100789], [26, 27, 0.1875381422262805], [26, 34, 0.8684132653147533], [27, 28, 0.06858796200175976], [27, 35, 0.45962021109176665], [28, 29, 0.229298153292803], [29, 30, 0.38322281012896386], [29, 37, 0.7757271571563801], [30, 31, 0.5879446260816512], [30, 38, 0.10330131034892165], [32, 33, 0.9516097024748296], [32, 40, 0.81853971118136], [33, 34, 0.10729194001560927], [33, 41, 0.35661475965143197], [34, 42, 0.6153382324284677], [35, 43, 0.47414035571939317], [36, 37, 0.9983821196669943], [36, 44, 0.7834404874517661], [37, 38, 0.0873146315808887], [37, 45, 0.027722467987056576], [40, 48, 0.21704499161442037], [41, 42, 0.4217441135851294], [41, 49, 0.355786748177092], [42, 43, 0.18337632447133023], [42, 50, 0.2948857993740801], [43, 44, 0.8154971481008635], [44, 45, 0.036795802835560165], [45, 53, 0.8394077247276492], [46, 47, 0.30596244787102445], [46, 54, 0.1076324041332809], [49, 50, 0.5972530947924635], [50, 51, 0.4886048689811966], [50, 58, 0.4100931951057406], [51, 52, 0.11196291309699802], [51, 59, 0.3377677400950312], [53, 54, 0.8586179194686069], [53, 61, 0.5655490273683114], [54, 55, 0.998884561013796], [54, 62, 0.7979674438957157], [7, 15, 0.7811337814166586], [15, 23, 0.4010322894226289], [31, 39, 0.07268308154606551], [39, 47, 0.10507028727026813], [55, 63, 0.9553346833294452], [56, 57, 0.8699838451242197], [57, 58, 0.5445919776610108], [58, 59, 0.6098283233575829], [59, 60, 0.46694908918645794], [60, 61, 0.9316610010318049], [61, 62, 0.6569226480337469], [62, 63, 0.6168261462508924]], "oriented": false, "discover": false, "dist": true, "mode": "map"}