{"pos": [[0, 0], [0, 1], [0, 2], [0, 3], [0, 4], [0, 5], [0, 6], [0, 7], [1, 0], [1, 1], [1, 2], [1, 3], [1, 4], [1, 5], [1, 6], [1, 7], [2, 0], [2, 1], [2, 2], [2, 3], [2, 4], [2, 5], [2, 6], [2, 7], [3, 0], [3, 1], [3, 2], [3, 3], [3, 4], [3, 5], [3, 6], [3, 7], [4, 0], [4, 1], [4, 2], [4, 3], [4, 4], [4, 5], [4, 6], [4, 7], [5, 0], [5, 1], [5, 2], [5, 3], [5, 4], [5, 5], [5, 6], [5, 7], [6, 0], [6, 1], [6, 2], [6, 3], [6, 4], [6, 5], [6, 6], [6, 7], [7, 0], [7, 1], [7, 2], [7, 3], [7, 4], [7, 5], [7, 6], [7, 7]], "edges": [[0, 1, 0.27550552842461973], [1, 2, 0.7219790241348569], [1, 9, 0.4683873259544422], [2, 3, 0.10445382021654437], [3, 4, 0.9313626607010019], [3, 11, 0.3887322816881812], [4, 5, 0.5504736046984069], [4, 12, 0.3683802165179362], [5, 6, 0.5597955465905422], [5, 13, 0.06792785722091921], [6, 7, 0.4984728257330878], [8, 9, 0.025416709341751997], [9, 10, 0.2518334963987826], [9, 17, 0.3263004591897528], [10, 11, 0.24405299964209892], [10, 18, 0.730803822075525], [11, 12, 0.23458915652535817], [11, 19, 0.4471000700543605], [12, 20, 0.3328223227903703], [13, 14, 0.5157362962172344], [14, 22, 0.0654678090156523], [16, 17, 0.4793454291116289], [16, 24, 0.295548983073153], [17, 18, 0.819913594298221], [17, 25, 0.8851137859930728], [18, 19, 0.21082028626840643], [19, 20, 0.6901257929495203], [19, 27, 0.2271211072381607], [20, 21, 0.1203267586032215], [20, 28, 0.6031277926496894], [21, 22, 0.4701526255051105], [21, 29, 0.09866467699300152], [22, 23, 0.9458987851902029], [22, 30, 0.7458036870034521], [24, 25, 0.29665822317362933], [25, 26, 0.7375128869612105], [25, 33, 0.9606389632520163], [26, 27, 0.20126895463267092], [26, 34, 0.6308466305135085], [27, 28, 0.8258429844853441], [27, 35, 0.46069379726786], [28, 36, 0.5932437045319623], [30, 31, 0.4163490908062524], [30, 38, 0.13394790440248183], [32, 33, 0.7243762147019752], [32, 40, 0.370178184765128], [33, 34, 0.5416530322634551], [33, 41, 0.4318870821225549], [34, 35, 0.9270868079755054], [36, 44, 0.2775426326934535], [37, 45, 0.2809273936509935], [38, 46, 0.6511337232994552], [40, 41, 0.11831224548756569], [40, 48, 0.7886111060038248], [41, 42, 0.5880996782706214], [41, 49, 0.357754183094792], [43, 44, 0.8291116697306956], [43, 51, 0.4889231310216925], [44, 45, 0.22723352201361746], [45, 46, 0.42697807432409907], [45, 53, 0.935990716026871], [46, 47, 0.640884724947474], [48, 49, 0.5267427116876416], [48, 56, 0.21002987329412537], [49, 50, 0.6677495420190941], [49, 57, 0.2934875145076892], [50, 51, 0.1480630657217522], [50, 58, 0.8390852485542462], [51, 59, 0.8964279798522244], [52, 53, 0.8962520828739378], [52, 60, 0.4029252267395984], [53, 54, 0.532369175688279], [53, 61, 0.7668745522705679], [54, 55, 0.4196197213959336], [54, 62, 0.5019743354404471], [7, 15, 0.7263950933039066], [15, 23, 0.3667208046064724], [31, 39, 0.8724225144119553], [39, 47, 0.6840791450990348], [60, 61, 0.8276662057199347], [62, 63, 0.013222566415030945]], "oriented": false, "discover": false, "dist": true, "mode": "map"}