{"pos": [[0, 0], [0, 1], [0, 2], [0, 3], [0, 4], [0, 5], [0, 6], [0, 7], [1, 0], [1, 1], [1, 2], [1, 3], [1, 4], [1, 5], [1, 6], [1, 7], [2, 0], [2, 1], [2, 2], [2, 3], [2, 4], [2, 5], [2, 6], [2, 7], [3, 0], [3, 1], [3, 2], [3, 3], [3, 4], [3, 5], [3, 6], [3, 7], [4, 0], [4, 1], [4, 2], [4, 3], [4, 4], [4, 5], [4, 6], [4, 7], [5, 0], [5, 1], [5, 2], [5, 3], [5, 4], [5, 5], [5, 6], [5, 7], [6, 0], [6, 1], [6, 2], [6, 3], [6, 4], [6, 5], [6, 6], [6, 7], [7, 0], [7, 1], [7, 2], [7, 3], [7, 4], [7, 5], [7, 6], [7, 7]], "edges": [[0, 1, 0.2418665827486559], [0, 8, 0.09233855504260502], [1, 2, 0.6029898295115831], [1, 9, 0.9898886217394387], [2, 3, 0.31164084925526436], [3, 4, 0.7456175311815498], [4, 5, 0.3441641475520434], [4, 12, 0.7785022449263436], [5, 6, 0.5921089267017001], [6, 7, 0.7680598619246891], [6, 14, 0.8040799213511959], [9, 10, 0.5837610715146307], [9, 17, 0.2929727616918073], [10, 11, 0.21519213397191472], [11, 12, 0.42926638390588756], [12, 13, 0.3167702704679576], [12, 20, 0.9602468233823614], [13, 14, 0.3008483057111162], [13, 21, 0.9810850182607828], [14, 15, 0.6795393991672571], [14, 22, 0.39492246080067905], [16, 17, 0.7029210062285209], [17, 18, 0.9262876742823323], [17, 25, 0.9613145294460486], [18, 19, 0.6122302007671195], [19, 20, 0.15148467868160964], [21, 29, 0.05335163654194952], [22, 23, 0.8793699154202759], [22, 30, 0.9200442657572584], [24, 25, 0.6583406794464135], [24, 32, 0.9515911199043375], [25, 26, 0.7165622496117492], [25, 33, 0.5104272150164211], [26, 27, 0.7180507363568934], [26, 34, 0.5315327243726299], [27, 28, 0.7048458763884998], [30, 38, 0.3363414425546619], [32, 33, 0.5456000359500076], [33, 41, 0.19771359080369144], [34, 35, 0.6094245745636058], [34, 42, 0.596252721507318], [35, 36, 0.659483427312147], [35, 43, 0.752200141223968], [36, 37, 0.5057336324993718], [36, 44, 0.5809339558671139], [37, 38, 0.11829742281184386], [37, 45, 0.7619334137028829], [38, 39, 0.3188391470484985], [38, 46, 0.1556170330538006], [40, 41, 0.7381227212409199], [40, 48, 0.6579948133105259], [41, 49, 0.5772813693662016], [43, 44, 0.6158760102469343], [43, 51, 0.27303590385127086], [44, 45, 0.9257595229678381], [44, 52, 0.2716147719701909], [45, 46, 0.18760574413131492], [46, 47, 0.6550708325624206], [46, 54, 0.7427643899119023], [48, 49, 0.2752425875079819], [49, 50, 0.5172005608326111], [49, 57, 0.8312800305171086], [50, 51, 0.9485444393512582], [51, 52, 0.45002129791699363], [51, 59, 0.8488761138378692], [52, 53, 0.878081853231997], [52, 60, 0.1800147277707843], [53, 54, 0.736428760084101], [53, 61, 0.0621540327364114], [54, 55, 0.4964055348611428], [54, 62, 0.0690433480769933], [7, 15, 0.7019596847094399], [15, 23, 0.15625791152557356], [23, 31, 0.08079061973746926], [39, 47, 0.18928842888039554], [47, 55, 0.8967958221469072], [55, 63, 0.24316584530495433], [56, 57, 0.4435215377505798], [58, 59, 0.6795090207675093], [61, 62, 0.16202163501385236], [62, 63, 0.7803236153344008]], "oriented": false, "discover": false, "dist": true, "mode": "map"}