{"pos": [[0, 0], [0, 1], [0, 2], [0, 3], [0, 4], [0, 5], [0, 6], [0, 7], [1, 0], [1, 1], [1, 2], [1, 3], [1, 4], [1, 5], [1, 6], [1, 7], [2, 0], [2, 1], [2, 2], [2, 3], [2, 4], [2, 5], [2, 6], [2, 7], [3, 0], [3, 1], [3, 2], [3, 3], [3, 4], [3, 5], [3, 6], [3, 7], [4, 0], [4, 1], [4, 2], [4, 3], [4, 4], [4, 5], [4, 6], [4, 7], [5, 0], [5, 1], [5, 2], [5, 3], [5, 4], [5, 5], [5, 6], [5, 7], [6, 0], [6, 1], [6, 2], [6, 3], [6, 4], [6, 5], [6, 6], [6, 7], [7, 0], [7, 1], [7, 2], [7, 3], [7, 4], [7, 5], [7, 6], [7, 7]], "edges": [[0, 1, 0.8440107315190527], [0, 8, 0.43847922796852745], [2, 3, 0.5795961219597155], [2, 10, 0.5079453519895661], [3, 4, 0.642420824878524], [3, 11, 0.3094913472034101], [4, 5, 0.9918989671506387], [4, 12, 0.9095522191974672], [5, 6, 0.5052252129749939], [6, 7, 0.03990731802607961], [8, 9, 0.4991513542397952], [8, 16, 0.6343012135170117], [9, 10, 0.2840864863627992], [9, 17, 0.13368163741126826], [10, 11, 0.3147438451589044], [10, 18, 0.28315197655315727], [11, 19, 0.3572839964047423], [12, 13, 0.5394137486717498], [12, 20, 0.9737358610541652], [13, 14, 0.5947311584315004], [14, 22, 0.4737422232515648], [16, 17, 0.12087314322623621], [16, 24, 0.6242126793508304], [17, 18, 0.3267705473768002], [18, 19, 0.3796281544128055], [18, 26, 0.4534348801971033], [19, 20, 0.10699500271832707], [20, 21, 0.9394848519505101], [20, 28, 0.8449965884393545], [21, 29, 0.930906248217132], [22, 23, 0.5341747544588047], [22, 30, 0.7730100617109879], [24, 32, 0.45621282593601287], [25, 26, 0.7301206136716283], [25, 33, 0.923435816097736], [26, 34, 0.9815659249723967], [27, 28, 0.4922866938928159], [28, 36, 0.6361220184470947], [29, 30, 0.3039419270516469], [30, 31, 0.811699437416509], [30, 38, 0.5362118881495506], [32, 33, 0.3370274923605485], [33, 34, 0.9357281759521174], [33, 41, 0.6963839396117234], [34, 35, 0.7640240175238606], [35, 36, 0.8571852882276806], [35, 43, 0.2846570315008008], [36, 37, 0.44338578271505813], [37, 38, 0.7669540388832811], [38, 46, 0.1546195408336457], [40, 41, 0.3024227398736973], [41, 42, 0.7197034634128294], [41, 49, 0.8410399418715876], [42, 50, 0.5199748008011436], [43, 44, 0.22343303981500828], [44, 45, 0.6408489359721997], [44, 52, 0.7354457946088981], [45, 46, 0.9109165482128544], [45, 53, 0.7038555934825462], [46, 47, 0.9934149981878282], [46, 54, 0.8259853850261951], [48, 49, 0.6685388146511865], [48, 56, 0.45744834517066135], [49, 50, 0.07689570924040257], [49, 57, 0.3997461250449901], [50, 51, 0.7775728662667062], [50, 58, 0.48297288406013617], [51, 52, 0.566833034523651], [51, 59, 0.2236172521543437], [52, 53, 0.47079518207383775], [52, 60, 0.17797441828024763], [54, 55, 0.8326403802913531], [54, 62, 0.916995850714362], [7, 15, 0.7943161152396433], [31, 39, 0.973159443836196], [39, 47, 0.05242329723952133], [57, 58, 0.6247234761319556], [59, 60, 0.7031585354261679], [60, 61, 0.25790341045400456], [61, 62, 0.9847565905685566], [62, 63, 0.05923344696091437]], "oriented": false, "discover": false, "dist": true, "mode": "map"}