{"pos": [[0, 0], [0, 1], [0, 2], [0, 3], [0, 4], [0, 5], [0, 6], [0, 7], [1, 0], [1, 1], [1, 2], [1, 3], [1, 4], [1, 5], [1, 6], [1, 7], [2, 0], [2, 1], [2, 2], [2, 3], [2, 4], [2, 5], [2, 6], [2, 7], [3, 0], [3, 1], [3, 2], [3, 3], [3, 4], [3, 5], [3, 6], [3, 7], [4, 0], [4, 1], [4, 2], [4, 3], [4, 4], [4, 5], [4, 6], [4, 7], [5, 0], [5, 1], [5, 2], [5, 3], [5, 4], [5, 5], [5, 6], [5, 7], [6, 0], [6, 1], [6, 2], [6, 3], [6, 4], [6, 5], [6, 6], [6, 7], [7, 0], [7, 1], [7, 2], [7, 3], [7, 4], [7, 5], [7, 6], [7, 7]], "edges": [[0, 1, 0.06598189234588625], [0, 8, 0.9509128327934129], [1, 2, 0.8322667042677145], [2, 3, 0.5400881596542862], [2, 10, 0.10096582696644829], [3, 4, 0.3015445153394206], [3, 11, 0.4785360029814334], [4, 5, 0.7138835205090978], [4, 12, 0.30624120867806925], [5, 6, 0.07595308270087231], [6, 7, 0.06948800770212171], [8, 9, 0.4495879494449968], [8, 16, 0.45269796704064424], [9, 10, 0.30108921934700594], [9, 17, 0.8808964623214549], [10, 11, 0.20015505793678567], [10, 18, 0.7262083727909603], [11, 12, 0.02897654520489823], [12, 13, 0.2993029857433127], [13, 14, 0.4673190648685467], [13, 21, 0.8860586355113302], [14, 22, 0.7001399507390164], [16, 17, 0.6968879248384149], [16, 24, 0.07500598170111217], [17, 25, 0.5917640900367259], [18, 19, 0.9305810360493216], [18, 26, 0.8894601185591884], [20, 21, 0.009906042235054646], [20, 28, 0.9176932778221338], [21, 29, 0.17815110442121695], [24, 32, 0.9704150967450466], [25, 26, 0.08774165808513268], [26, 34, 0.8862881465078215], [27, 28, 0.876341675280018], [27, 35, 0.9353191112403842], [28, 29, 0.7107630820706756], [28, 36, 0.13649722576746381], [29, 30, 0.3571502736424824], [29, 37, 0.18369332634227886], [30, 38, 0.38414522458080425], [32, 40, 0.11061753702013921], [33, 34, 0.13409193809729691], [33, 41, 0.7179749131269813], [34, 35, 0.30419812760108034], [37, 45, 0.5980982102400534], [38, 39, 0.9205017583321385], [38, 46, 0.3056120946848182], [40, 48, 0.18172875756930285], [41, 42, 0.0888876298705098], [42, 43, 0.1369868191686835], [42, 50, 0.5183804203372616], [43, 44, 0.02820780728253358], [43, 51, 0.8118775624684795], [44, 45, 0.13032698817249389], [44, 52, 0.3865610162966454], [45, 46, 0.9437530302240544], [45, 53, 0.004087849164529422], [46, 47, 0.9171570390078896], [48, 49, 0.3058415394280576], [48, 56, 0.9639038826755513], [49, 50, 0.9399039607614987], [49, 57, 0.9960704427821031], [50, 58, 0.33878080504961994], [51, 59, 0.28235233531967674], [52, 60, 0.5887519297188959], [53, 54, 0.5865916701035802], [53, 61, 0.43637677502790484], [54, 55, 0.45712078856516947], [54, 62, 0.08493657826562095], [7, 15, 0.81036333569894], [15, 23, 0.4204451037105177], [23, 31, 0.7781431837781184], [39, 47, 0.26382622788462917], [47, 55, 0.001603094152431761], [55, 63, 0.7921680757205639], [56, 57, 0.3312887853540958], [57, 58, 0.030358447388870613], [58, 59, 0.6545807326853847], [59, 60, 0.34058630622645847], [60, 61, 0.42698769150070204], [62, 63, 0.5776091615490234]], "oriented": false, "discover": false, "dist": true, "mode": "map"}