{"pos": [[0, 0], [0, 1], [0, 2], [0, 3], [0, 4], [0, 5], [0, 6], [0, 7], [1, 0], [1, 1], [1, 2], [1, 3], [1, 4], [1, 5], [1, 6], [1, 7], [2, 0], [2, 1], [2, 2], [2, 3], [2, 4], [2, 5], [2, 6], [2, 7], [3, 0], [3, 1], [3, 2], [3, 3], [3, 4], [3, 5], [3, 6], [3, 7], [4, 0], [4, 1], [4, 2], [4, 3], [4, 4], [4, 5], [4, 6], [4, 7], [5, 0], [5, 1], [5, 2], [5, 3], [5, 4], [5, 5], [5, 6], [5, 7], [6, 0], [6, 1], [6, 2], [6, 3], [6, 4], [6, 5], [6, 6], [6, 7], [7, 0], [7, 1], [7, 2], [7, 3], [7, 4], [7, 5], [7, 6], [7, 7]], "edges": [[0, 1, 0.37617997861564634], [1, 2, 0.4301719462245398], [1, 9, 0.6217562384508495], [2, 3, 0.6588584832739663], [2, 10, 0.18685707581317668], [3, 4, 0.8204887158211155], [3, 11, 0.7394022934191077], [4, 5, 0.4981862232465877], [5, 6, 0.5213397782505038], [5, 13, 0.1496988649643094], [6, 7, 0.1778574758499908], [6, 14, 0.31621325034988546], [8, 9, 0.7206637140199845], [8, 16, 0.7094940370924269], [9, 10, 0.12340210639971172], [9, 17, 0.5667609882766655], [10, 11, 0.8855282899953076], [10, 18, 0.9367555923144486], [12, 13, 0.5996505192627177], [13, 14, 0.5327887337713427], [13, 21, 0.25384748210621455], [14, 22, 0.2572647771438541], [16, 24, 0.4369994161118058], [17, 25, 0.7538975069024633], [18, 19, 0.46167267706552517], [19, 27, 0.46080800835081615], [20, 21, 0.9861287332939227], [20, 28, 0.9581242572709471], [21, 29, 0.8615435654701746], [22, 23, 0.5968139773682484], [22, 30, 0.30457794912112046], [24, 25, 0.9402945411518744], [24, 32, 0.7282831045960013], [25, 26, 0.8807657972530315], [25, 33, 0.3062878810503622], [26, 27, 0.518616067612335], [26, 34, 0.5087712673119865], [27, 28, 0.012118468909475433], [27, 35, 0.5264841082764102], [28, 36, 0.31388140257259534], [29, 30, 0.43497229669742765], [29, 37, 0.194681127667659], [30, 38, 0.18520896324648028], [33, 41, 0.6896004004112726], [34, 35, 0.3676714185932064], [36, 37, 0.3236544882967002], [36, 44, 0.6215589409107164], [37, 45, 0.748665237451273], [38, 46, 0.48203755865770714], [40, 41, 0.2403346023865649], [40, 48, 0.40088339265590855], [41, 42, 0.9907162462850125], [41, 49, 0.12211270883719394], [42, 43, 0.79594412786816], [42, 50, 0.5420214220792516], [43, 51, 0.08634875311663226], [44, 45, 0.8127557439613321], [44, 52, 0.20213524122843118], [45, 46, 0.9604539906932414], [45, 53, 0.2622831633395831], [46, 47, 0.5229553981346929], [48, 56, 0.045962523648522935], [49, 50, 0.6329405399744589], [50, 58, 0.3891585858004092], [51, 59, 0.36898011484492044], [52, 53, 0.13233721375287377], [52, 60, 0.4867231577918041], [53, 54, 0.3805973998172745], [53, 61, 0.7924539088882478], [54, 55, 0.9900487445038982], [7, 15, 0.09994183882699914], [15, 23, 0.3238830136746236], [23, 31, 0.13495773326240712], [31, 39, 0.01678478686775875], [39, 47, 0.26827092733412994], [47, 55, 0.7590955919465047], [55, 63, 0.06305614429821371], [57, 58, 0.4652550972078251], [58, 59, 0.7412374459832319], [60, 61, 0.8940936195013379], [61, 62, 0.9017817993263954]], "oriented": false, "discover": false, "dist": true, "mode": "map"}