{"pos": [[0, 0], [0, 1], [0, 2], [0, 3], [0, 4], [0, 5], [0, 6], [0, 7], [1, 0], [1, 1], [1, 2], [1, 3], [1, 4], [1, 5], [1, 6], [1, 7], [2, 0], [2, 1], [2, 2], [2, 3], [2, 4], [2, 5], [2, 6], [2, 7], [3, 0], [3, 1], [3, 2], [3, 3], [3, 4], [3, 5], [3, 6], [3, 7], [4, 0], [4, 1], [4, 2], [4, 3], [4, 4], [4, 5], [4, 6], [4, 7], [5, 0], [5, 1], [5, 2], [5, 3], [5, 4], [5, 5], [5, 6], [5, 7], [6, 0], [6, 1], [6, 2], [6, 3], [6, 4], [6, 5], [6, 6], [6, 7], [7, 0], [7, 1], [7, 2], [7, 3], [7, 4], [7, 5], [7, 6], [7, 7]], "edges": [[0, 1, 0.30971590335022037], [0, 8, 0.6102768909741216], [1, 2, 0.2745881345340847], [1, 9, 0.8748236570050419], [2, 3, 0.12751321771636637], [2, 10, 0.774402494304831], [3, 4, 0.7109661741450951], [3, 11, 0.66233634511995], [4, 5, 0.21014930730199344], [4, 12, 0.09202444725382886], [5, 6, 0.9842991776152494], [6, 7, 0.25039629547229103], [8, 16, 0.686009351278933], [9, 17, 0.9119426792725639], [10, 11, 0.6880855849031807], [10, 18, 0.9696274186988013], [11, 19, 0.8342461962992397], [12, 20, 0.3215919064340551], [13, 14, 0.6273506755915889], [14, 15, 0.8752122973886405], [14, 22, 0.4102514752878109], [16, 17, 0.5667498068064202], [16, 24, 0.641016974030453], [17, 18, 0.2899407030004537], [18, 19, 0.2274409571706777], [20, 21, 0.7239150253317365], [20, 28, 0.7015834772088788], [21, 22, 0.6829785045028003], [21, 29, 0.047091420683045726], [22, 23, 0.1651353202505168], [22, 30, 0.7617036914201094], [24, 25, 0.026219030116834907], [24, 32, 0.16708386176581302], [25, 26, 0.8678612826694603], [25, 33, 0.884689386477234], [26, 34, 0.4109729897708757], [27, 28, 0.19691093918210345], [27, 35, 0.5719416169083044], [28, 36, 0.6224139968813053], [29, 30, 0.2642709168722872], [30, 38, 0.8056641059824136], [32, 33, 0.8160549872331602], [32, 40, 0.5886683503499008], [33, 41, 0.1810103269428377], [35, 36, 0.11785512173597545], [36, 37, 0.2584958411607201], [36, 44, 0.35691230296746823], [37, 38, 0.09791909537705767], [37, 45, 0.8269735138828543], [38, 46, 0.18466629789287092], [40, 41, 0.9230872941685049], [40, 48, 0.4813092574036021], [41, 42, 0.6481019396630266], [43, 44, 0.6345855273714244], [44, 45, 0.7245290774832915], [44, 52, 0.6808218510690253], [45, 46, 0.03633028429322549], [45, 53, 0.8808024990483969], [46, 47, 0.6883752010305888], [46, 54, 0.8529202927260753], [48, 49, 0.758300357832772], [48, 56, 0.09770082585416251], [49, 57, 0.4965619804903072], [50, 51, 0.0946114992690783], [50, 58, 0.4042581147732952], [51, 52, 0.9058968426915003], [51, 59, 0.19405120007044807], [52, 53, 0.5911212958053091], [53, 54, 0.9369233883631483], [54, 55, 0.4636477264206508], [54, 62, 0.5945304359645162], [7, 15, 0.41221025258119637], [15, 23, 0.8772812901498822], [31, 39, 0.6629327831582282], [39, 47, 0.6146549119653724], [47, 55, 0.7359732220468207], [55, 63, 0.7880582927633473], [56, 57, 0.8890869085028786], [60, 61, 0.1464802447721819], [61, 62, 0.9428490121329858], [62, 63, 0.20770424335710413]], "oriented": false, "discover": false, "dist": true, "mode": "map"}