{"pos": [[0, 0], [0, 1], [0, 2], [0, 3], [0, 4], [0, 5], [0, 6], [0, 7], [1, 0], [1, 1], [1, 2], [1, 3], [1, 4], [1, 5], [1, 6], [1, 7], [2, 0], [2, 1], [2, 2], [2, 3], [2, 4], [2, 5], [2, 6], [2, 7], [3, 0], [3, 1], [3, 2], [3, 3], [3, 4], [3, 5], [3, 6], [3, 7], [4, 0], [4, 1], [4, 2], [4, 3], [4, 4], [4, 5], [4, 6], [4, 7], [5, 0], [5, 1], [5, 2], [5, 3], [5, 4], [5, 5], [5, 6], [5, 7], [6, 0], [6, 1], [6, 2], [6, 3], [6, 4], [6, 5], [6, 6], [6, 7], [7, 0], [7, 1], [7, 2], [7, 3], [7, 4], [7, 5], [7, 6], [7, 7]], "edges": [[0, 1, 0.6643749783672244], [0, 8, 0.02934330638608995], [1, 2, 0.30608049165359763], [1, 9, 0.9396220356008929], [2, 3, 0.996858884870997], [3, 4, 0.09041859943642838], [4, 5, 0.2583129778590143], [5, 6, 0.9785868565001219], [6, 7, 0.08934878384027756], [6, 14, 0.6065550448863557], [9, 10, 0.8187575749086553], [9, 17, 0.11355662990361759], [10, 11, 0.12101714618641235], [10, 18, 0.14707248131968276], [11, 12, 0.23900787982229388], [11, 19, 0.9756978793368813], [12, 13, 0.4611303901361483], [14, 15, 0.8762936300410668], [14, 22, 0.6889680402917763], [16, 17, 0.37824443501983407], [17, 25, 0.049596775522442904], [18, 19, 0.09850921476248631], [18, 26, 0.9312127071806778], [19, 20, 0.03611721230654852], [19, 27, 0.7298289462956261], [20, 21, 0.12184902125669139], [21, 22, 0.23301515232320869], [21, 29, 0.6709846496523636], [22, 23, 0.606520013239234], [22, 30, 0.05772370422084694], [24, 25, 0.16271674349273557], [25, 26, 0.4140795548079296], [25, 33, 0.05589596089180293], [27, 28, 0.43824794449623117], [27, 35, 0.3475678020651449], [28, 36, 0.9565511124287531], [29, 37, 0.5687075046681812], [30, 31, 0.4649839322361893], [30, 38, 0.7454681023437169], [32, 33, 0.8419085987017635], [33, 41, 0.5401825588578757], [34, 35, 0.4967969115658203], [35, 43, 0.26249175986660833], [36, 44, 0.3823438255982101], [37, 38, 0.5158572021541065], [37, 45, 0.008219077829749732], [38, 39, 0.7690242548210064], [38, 46, 0.8091750816301341], [40, 41, 0.7305224713635482], [41, 42, 0.986172723148821], [41, 49, 0.5372178704038989], [42, 50, 0.9667417005122407], [43, 44, 0.4920561716226529], [43, 51, 0.919433735268948], [44, 45, 0.7503407892661493], [44, 52, 0.764171463423749], [45, 46, 0.19429816257816146], [45, 53, 0.9937817735297024], [46, 47, 0.7802937466369799], [48, 49, 0.7258612244061053], [48, 56, 0.5855127539585084], [49, 57, 0.2763116834121857], [50, 51, 0.37027428473844115], [50, 58, 0.3597563694670507], [51, 52, 0.38042206416675795], [51, 59, 0.6107017284871225], [52, 53, 0.01115136352455337], [52, 60, 0.6813048930969285], [53, 54, 0.40176829648750556], [53, 61, 0.39257455394009155], [54, 62, 0.7209722852194035], [7, 15, 0.2552052816159053], [15, 23, 0.8854543444644034], [39, 47, 0.34528393896340503], [47, 55, 0.01831312138696417], [55, 63, 0.03416183862743882], [56, 57, 0.39436487304579404], [59, 60, 0.3532823383569892], [60, 61, 0.1923968709825884], [61, 62, 0.2596056386057045], [62, 63, 0.6226051701962921]], "oriented": false, "discover": false, "dist": true, "mode": "map"}