{"pos": [[0, 0], [0, 1], [0, 2], [0, 3], [0, 4], [0, 5], [0, 6], [0, 7], [0, 8], [1, 0], [1, 1], [1, 2], [1, 3], [1, 4], [1, 5], [1, 6], [1, 7], [1, 8], [2, 0], [2, 1], [2, 2], [2, 3], [2, 4], [2, 5], [2, 6], [2, 7], [2, 8], [3, 0], [3, 1], [3, 2], [3, 3], [3, 4], [3, 5], [3, 6], [3, 7], [3, 8], [4, 0], [4, 1], [4, 2], [4, 3], [4, 4], [4, 5], [4, 6], [4, 7], [4, 8], [5, 0], [5, 1], [5, 2], [5, 3], [5, 4], [5, 5], [5, 6], [5, 7], [5, 8], [6, 0], [6, 1], [6, 2], [6, 3], [6, 4], [6, 5], [6, 6], [6, 7], [6, 8], [7, 0], [7, 1], [7, 2], [7, 3], [7, 4], [7, 5], [7, 6], [7, 7], [7, 8], [8, 0], [8, 1], [8, 2], [8, 3], [8, 4], [8, 5], [8, 6], [8, 7], [8, 8]], "edges": [[0, 1, 0.15398524047812467], [0, 9, 0.6774388375015967], [1, 2, 0.7065715373918193], [1, 10, 0.4043533649319475], [2, 3, 0.3487593607101548], [2, 11, 0.5105102955432291], [3, 4, 0.7270644034205759], [4, 5, 0.2018171144908999], [5, 6, 0.9127325917418694], [5, 14, 0.11115664723636476], [6, 7, 0.6543645755549798], [6, 15, 0.1803255513947718], [7, 16, 0.5630184173432317], [9, 10, 0.07267243519281852], [9, 18, 0.6891996195585073], [10, 11, 0.6824060696001542], [10, 19, 0.26611227867670817], [11, 12, 0.6415306728718464], [12, 13, 0.6675964614270418], [12, 21, 0.10569278070142174], [13, 14, 0.37812452972470134], [14, 15, 0.6061723249064137], [15, 16, 0.614581158814888], [15, 24, 0.004514161111822457], [16, 17, 0.49197175394012815], [16, 25, 0.5532819023774752], [18, 19, 0.4302579000841529], [18, 27, 0.12668975690956874], [19, 20, 0.5882764030977465], [19, 28, 0.021865897143380164], [20, 29, 0.5884455634805712], [21, 22, 0.4830582997884424], [21, 30, 0.06361769353168778], [22, 23, 0.9553062219264168], [22, 31, 0.8785456871688567], [24, 25, 0.3886211975843099], [25, 26, 0.8955716863124683], [25, 34, 0.4338627915992207], [27, 28, 0.6827728641238585], [27, 36, 0.5464226183694967], [28, 29, 0.32636640224607705], [28, 37, 0.6065804978807852], [29, 38, 0.698590395971443], [30, 31, 0.6244763203850547], [31, 32, 0.031829765362067386], [31, 40, 0.669213375067385], [32, 33, 0.5663573431074764], [32, 41, 0.012648763196022594], [36, 37, 0.20241223404669895], [36, 45, 0.7990682286659787], [37, 46, 0.4896448457632485], [38, 39, 0.7859858878829767], [39, 48, 0.8112476638147458], [40, 49, 0.20477366106965011], [41, 42, 0.44838630894579456], [41, 50, 0.5345738694746776], [42, 43, 0.2224082091016777], [42, 51, 0.8242054111445284], [43, 52, 0.9418551744360406], [45, 54, 0.9738670509987826], [46, 47, 0.7451148786500069], [47, 48, 0.2907213045434578], [47, 56, 0.2449713859169773], [48, 49, 0.933243941212698], [49, 58, 0.027285624501419692], [50, 51, 0.08060288268999838], [50, 59, 0.6571962298528072], [51, 52, 0.270131092216491], [52, 53, 0.3984416391091353], [52, 61, 0.5177135067035877], [54, 55, 0.22133360995560514], [54, 63, 0.9750630644491957], [55, 56, 0.5842929487094559], [55, 64, 0.6117029619865386], [56, 57, 0.5203347385696325], [56, 65, 0.9751443226629669], [58, 59, 0.6275802259401708], [58, 67, 0.03522869284212393], [59, 60, 0.0342925649257968], [59, 68, 0.6251815598503846], [60, 69, 0.8445313187743557], [61, 62, 0.8624799823329196], [63, 72, 0.5207369252224358], [64, 73, 0.644905378293095], [65, 66, 0.3718345486878766], [65, 74, 0.2712536200090746], [66, 75, 0.11072699607569259], [67, 68, 0.569595200714922], [67, 76, 0.43773312654235974], [68, 69, 0.849140340560723], [68, 77, 0.13232014118293278], [69, 70, 0.343303748481703], [69, 78, 0.33175023686468186], [70, 79, 0.8937894280448783], [8, 17, 0.7670955228241], [26, 35, 0.1721779117465766], [35, 44, 0.0376554924856245], [44, 53, 0.5942707535986754], [62, 71, 0.5620153107943371], [72, 73, 0.2674157463894228], [75, 76, 0.4277955469781767], [76, 77, 0.9573794693107444], [77, 78, 0.128948990571776], [79, 80, 0.6636789526956862]], "oriented": false, "discover": false, "dist": true, "mode": "map"}