{"pos": [[0, 0], [0, 1], [0, 2], [0, 3], [0, 4], [0, 5], [0, 6], [0, 7], [0, 8], [1, 0], [1, 1], [1, 2], [1, 3], [1, 4], [1, 5], [1, 6], [1, 7], [1, 8], [2, 0], [2, 1], [2, 2], [2, 3], [2, 4], [2, 5], [2, 6], [2, 7], [2, 8], [3, 0], [3, 1], [3, 2], [3, 3], [3, 4], [3, 5], [3, 6], [3, 7], [3, 8], [4, 0], [4, 1], [4, 2], [4, 3], [4, 4], [4, 5], [4, 6], [4, 7], [4, 8], [5, 0], [5, 1], [5, 2], [5, 3], [5, 4], [5, 5], [5, 6], [5, 7], [5, 8], [6, 0], [6, 1], [6, 2], [6, 3], [6, 4], [6, 5], [6, 6], [6, 7], [6, 8], [7, 0], [7, 1], [7, 2], [7, 3], [7, 4], [7, 5], [7, 6], [7, 7], [7, 8], [8, 0], [8, 1], [8, 2], [8, 3], [8, 4], [8, 5], [8, 6], [8, 7], [8, 8]], "edges": [[0, 1, 0.9632355829866674], [1, 2, 0.9888789842725961], [1, 10, 0.29409168810110364], [2, 3, 0.23910280931252936], [2, 11, 0.2959566899913708], [3, 4, 0.9678486381424011], [3, 12, 0.465612523906733], [4, 5, 0.18000770528227494], [4, 13, 0.06327723585868195], [5, 6, 0.4816679753892892], [5, 14, 0.026599149654051857], [6, 7, 0.8175105935574637], [7, 8, 0.7742280994622688], [7, 16, 0.8806882740259718], [9, 10, 0.6844326385674664], [9, 18, 0.8292072378635975], [10, 11, 0.31097445916518063], [10, 19, 0.7533172726633758], [11, 12, 0.9052044047168086], [11, 20, 0.43510681230899007], [12, 13, 0.7283073501329459], [13, 14, 0.020599626454422926], [13, 22, 0.6789954709583355], [14, 23, 0.22536083413836228], [15, 16, 0.7444334183684485], [16, 17, 0.35559693494203715], [16, 25, 0.6229469043731565], [18, 19, 0.04699626502486387], [18, 27, 0.4246238654535306], [19, 20, 0.5711532634779749], [19, 28, 0.3746978042652729], [20, 21, 0.8510904510665063], [20, 29, 0.23327289294939668], [21, 30, 0.5615691066557672], [23, 24, 0.255138421477873], [23, 32, 0.6307031756231389], [25, 26, 0.22773055316148894], [25, 34, 0.15921638225728485], [27, 36, 0.018737976488738428], [28, 29, 0.3721856146286936], [28, 37, 0.5636990084531303], [29, 38, 0.9869452577511245], [30, 39, 0.4590484114015161], [31, 32, 0.8313194498961604], [32, 33, 0.9782599338959643], [32, 41, 0.2566307415570225], [33, 42, 0.35437436473512895], [34, 35, 0.16634568984671327], [34, 43, 0.020372004261228316], [36, 37, 0.7559745465912391], [36, 45, 0.8279377167984946], [37, 38, 0.7298901081407612], [38, 39, 0.31386808887725004], [38, 47, 0.7643776721573631], [39, 40, 0.8292651737791551], [39, 48, 0.686067508544882], [40, 41, 0.48859620499075573], [40, 49, 0.2980054738453679], [41, 42, 0.8152344264488303], [41, 50, 0.9886077047914545], [42, 43, 0.8158988305455259], [42, 51, 0.4451106486532447], [43, 44, 0.9717506747940632], [43, 52, 0.13354611848496067], [45, 46, 0.43350142917551526], [45, 54, 0.11367706430579472], [47, 48, 0.9446051490080282], [47, 56, 0.4834223144118285], [49, 58, 0.5413353459924489], [50, 51, 0.9221521440544899], [50, 59, 0.8614215477105633], [51, 60, 0.2729717168840141], [52, 53, 0.7939323315258361], [52, 61, 0.7787704875368245], [54, 55, 0.6272085751385679], [54, 63, 0.4762413732315287], [56, 57, 0.05047579551393466], [56, 65, 0.6373106011048463], [57, 66, 0.5870874837359719], [59, 60, 0.9841569560592228], [59, 68, 0.03643677104881882], [60, 69, 0.5437520175501195], [61, 70, 0.8265052207818515], [64, 65, 0.6133303591930089], [64, 73, 0.4694448240589052], [65, 74, 0.9335759116762415], [66, 67, 0.11303778775508877], [67, 76, 0.6219580065418592], [68, 69, 0.9873473825913025], [68, 77, 0.12504339348471927], [69, 78, 0.4366753065393938], [70, 71, 0.4064070109533431], [70, 79, 0.137857410947969], [17, 26, 0.7999307362169108], [26, 35, 0.39386454360478707], [53, 62, 0.814190554727563], [71, 80, 0.9283292799123178], [72, 73, 0.7728004954875299], [73, 74, 0.47734225245093365], [74, 75, 0.7386418589286587], [76, 77, 0.8240096450448463], [77, 78, 0.8952596028744495], [78, 79, 0.21643575370733714], [79, 80, 0.7786343967539917]], "oriented": false, "discover": false, "dist": true, "mode": "map"}