{"pos": [[0, 0], [0, 1], [0, 2], [0, 3], [0, 4], [0, 5], [0, 6], [0, 7], [1, 0], [1, 1], [1, 2], [1, 3], [1, 4], [1, 5], [1, 6], [1, 7], [2, 0], [2, 1], [2, 2], [2, 3], [2, 4], [2, 5], [2, 6], [2, 7], [3, 0], [3, 1], [3, 2], [3, 3], [3, 4], [3, 5], [3, 6], [3, 7], [4, 0], [4, 1], [4, 2], [4, 3], [4, 4], [4, 5], [4, 6], [4, 7], [5, 0], [5, 1], [5, 2], [5, 3], [5, 4], [5, 5], [5, 6], [5, 7], [6, 0], [6, 1], [6, 2], [6, 3], [6, 4], [6, 5], [6, 6], [6, 7], [7, 0], [7, 1], [7, 2], [7, 3], [7, 4], [7, 5], [7, 6], [7, 7]], "edges": [[0, 8, 0.7530550575761006], [1, 9, 0.5917540505167668], [2, 10, 0.7287178796067268], [3, 4, 0.45778623289969467], [3, 11, 0.4499738406318827], [4, 12, 0.12575865927253327], [5, 13, 0.3150713436751048], [6, 7, 0.9960807972602029], [6, 14, 0.1993078905622031], [8, 9, 0.17076851036537644], [8, 16, 0.5764229725648469], [9, 10, 0.5220502873779397], [9, 17, 0.1192982891347657], [10, 11, 0.18868633705517524], [10, 18, 0.7281588841429223], [11, 12, 0.45631477997411196], [11, 19, 0.2972363571217326], [12, 13, 0.7045056143421302], [12, 20, 0.2461181060394817], [13, 14, 0.9351316836560989], [13, 21, 0.7617880003276609], [14, 22, 0.3746888011295795], [16, 17, 0.5739923340460215], [16, 24, 0.8586524310138], [17, 18, 0.09745340315906015], [17, 25, 0.8033087614463224], [18, 19, 0.8578796545393452], [18, 26, 0.024740538595134365], [19, 20, 0.48654583058610734], [19, 27, 0.9139906692562246], [20, 21, 0.34849684023549143], [20, 28, 0.887096507704125], [21, 22, 0.868433099920498], [21, 29, 0.24284625354666534], [22, 23, 0.3246731756460969], [22, 30, 0.9908637287075438], [24, 25, 0.4257055132853803], [24, 32, 0.17056425841059997], [25, 26, 0.5477841804272128], [25, 33, 0.12249838313830563], [26, 34, 0.7658807018707737], [27, 28, 0.5818161902614938], [27, 35, 0.3812405443756751], [28, 36, 0.4881348268508241], [30, 38, 0.6943524174190078], [32, 40, 0.5241009157470773], [33, 34, 0.4175421071087768], [33, 41, 0.8362720333074708], [34, 42, 0.09192318651811304], [35, 43, 0.3942008321008439], [36, 37, 0.2760927826886591], [36, 44, 0.08611346797659447], [38, 46, 0.4915258683523782], [40, 41, 0.8543177207809631], [41, 42, 0.6022454865935121], [42, 43, 0.6832886077146492], [42, 50, 0.24092072138439713], [43, 44, 0.2928367161750083], [45, 46, 0.2570543855850246], [45, 53, 0.5238519475166579], [46, 47, 0.7078089342827613], [46, 54, 0.8162946487543417], [48, 49, 0.061311014018757715], [49, 50, 0.22252730553310696], [49, 57, 0.87353670372695], [50, 51, 0.27055308073215545], [50, 58, 0.5089087741904047], [51, 52, 0.04694519038299505], [52, 60, 0.2364382921013467], [53, 61, 0.9315339417272988], [54, 62, 0.18371094203888594], [7, 15, 0.4280358368984424], [23, 31, 0.14995191989856238], [31, 39, 0.2552005072921254], [39, 47, 0.14478748808396402], [47, 55, 0.24758884584938656], [56, 57, 0.053151075507842926], [57, 58, 0.7046414208741282], [58, 59, 0.4246242965627429], [59, 60, 0.6953453517001369], [62, 63, 0.27982206237215934]], "oriented": false, "discover": false, "dist": true, "mode": "map"}