{"pos": [[0, 0], [0, 1], [0, 2], [0, 3], [0, 4], [0, 5], [0, 6], [0, 7], [1, 0], [1, 1], [1, 2], [1, 3], [1, 4], [1, 5], [1, 6], [1, 7], [2, 0], [2, 1], [2, 2], [2, 3], [2, 4], [2, 5], [2, 6], [2, 7], [3, 0], [3, 1], [3, 2], [3, 3], [3, 4], [3, 5], [3, 6], [3, 7], [4, 0], [4, 1], [4, 2], [4, 3], [4, 4], [4, 5], [4, 6], [4, 7], [5, 0], [5, 1], [5, 2], [5, 3], [5, 4], [5, 5], [5, 6], [5, 7], [6, 0], [6, 1], [6, 2], [6, 3], [6, 4], [6, 5], [6, 6], [6, 7], [7, 0], [7, 1], [7, 2], [7, 3], [7, 4], [7, 5], [7, 6], [7, 7]], "edges": [[0, 1, 0.22177226215190737], [0, 8, 0.9311267268020391], [1, 2, 0.8132289686184471], [1, 9, 0.23622076136861025], [2, 3, 0.5523037272784748], [2, 10, 0.527736163215309], [3, 4, 0.9457347410164766], [3, 11, 0.4026168512223145], [4, 5, 0.19540671821322508], [4, 12, 0.07464393094015953], [5, 6, 0.564110687580158], [5, 13, 0.09662224742014114], [6, 7, 0.9304677185406794], [8, 9, 0.21563646800757585], [8, 16, 0.32200536457204576], [9, 17, 0.7265970836219029], [10, 18, 0.993671327507901], [11, 19, 0.1660056811427133], [12, 13, 0.2718628871476224], [13, 14, 0.8567480689469222], [13, 21, 0.4196430732027492], [14, 15, 0.17114924227280326], [17, 18, 0.5349650398064082], [17, 25, 0.21107553202184193], [18, 19, 0.41058383630399686], [19, 27, 0.8778046943304165], [20, 21, 0.8669160708621403], [20, 28, 0.8982662543495555], [21, 29, 0.8212642191297538], [22, 23, 0.08565556791831197], [22, 30, 0.32513151308686594], [24, 25, 0.03256448832517478], [24, 32, 0.8496820174425733], [25, 33, 0.48267858285851817], [26, 27, 0.8437890177487484], [27, 28, 0.2799368163135081], [28, 36, 0.8279582435575847], [29, 37, 0.5264814260683804], [30, 31, 0.6400605116676811], [30, 38, 0.33325258702474136], [32, 33, 0.7011313443080766], [32, 40, 0.7757177260286665], [33, 34, 0.7067490118003329], [33, 41, 0.9756495480452746], [34, 35, 0.5011254811779624], [34, 42, 0.6995238109471258], [35, 43, 0.10539533927517197], [38, 46, 0.8114888573306381], [40, 48, 0.7649287226519467], [41, 49, 0.017576740847611294], [43, 44, 0.3343283993408124], [43, 51, 0.8343993519728734], [44, 45, 0.9776180507355351], [44, 52, 0.3771199309698269], [45, 46, 0.8751429846570259], [46, 47, 0.7751016786804261], [46, 54, 0.5766997239544851], [48, 49, 0.800616778167248], [48, 56, 0.3085001481315722], [49, 50, 0.7945715351783484], [49, 57, 0.999711612957831], [50, 51, 0.04069586212093701], [50, 58, 0.12485310222107082], [51, 52, 0.5932173223882466], [51, 59, 0.853187180564977], [52, 53, 0.2727873786215542], [52, 60, 0.5520075355368069], [53, 54, 0.6128818736262152], [53, 61, 0.7366262238403156], [7, 15, 0.6933026916486087], [15, 23, 0.27436797441637684], [23, 31, 0.30001004455194125], [31, 39, 0.026293084430444202], [39, 47, 0.09161945791321235], [47, 55, 0.11860305134444982], [55, 63, 0.519455609107113], [56, 57, 0.9941330144398396], [58, 59, 0.7131139532351733], [59, 60, 0.452883722976422], [61, 62, 0.6146008191526803], [62, 63, 0.2692225497441766]], "oriented": false, "discover": false, "dist": true, "mode": "map"}