{"pos": [[0, 0], [0, 1], [0, 2], [0, 3], [0, 4], [0, 5], [0, 6], [0, 7], [1, 0], [1, 1], [1, 2], [1, 3], [1, 4], [1, 5], [1, 6], [1, 7], [2, 0], [2, 1], [2, 2], [2, 3], [2, 4], [2, 5], [2, 6], [2, 7], [3, 0], [3, 1], [3, 2], [3, 3], [3, 4], [3, 5], [3, 6], [3, 7], [4, 0], [4, 1], [4, 2], [4, 3], [4, 4], [4, 5], [4, 6], [4, 7], [5, 0], [5, 1], [5, 2], [5, 3], [5, 4], [5, 5], [5, 6], [5, 7], [6, 0], [6, 1], [6, 2], [6, 3], [6, 4], [6, 5], [6, 6], [6, 7], [7, 0], [7, 1], [7, 2], [7, 3], [7, 4], [7, 5], [7, 6], [7, 7]], "edges": [[0, 1, 0.9432079920945327], [0, 8, 0.6831920071173219], [1, 2, 0.36358394866859267], [1, 9, 0.5270075729518042], [2, 3, 0.5707171734265082], [3, 4, 0.7345829212543453], [4, 5, 0.5660247550518861], [4, 12, 0.8539248741543991], [5, 6, 0.39368822568659523], [5, 13, 0.46305468468886724], [6, 7, 0.7619699743039979], [6, 14, 0.6520841927325108], [9, 10, 0.3599783949204477], [9, 17, 0.33072342409129474], [10, 11, 0.10474265349247569], [12, 20, 0.09905595669233025], [14, 15, 0.09483995674402923], [14, 22, 0.10422887527944624], [16, 17, 0.26188376023076], [16, 24, 0.6550069181499555], [17, 18, 0.6322909373302481], [17, 25, 0.36371045093853904], [18, 19, 0.9247392231721194], [18, 26, 0.7493637747369504], [20, 21, 0.641421524762037], [20, 28, 0.2517212566956579], [21, 22, 0.8166418171790225], [21, 29, 0.9883351200281347], [22, 30, 0.38501818040507296], [25, 26, 0.9811484650030433], [25, 33, 0.9895117840597204], [26, 27, 0.35617631315336684], [26, 34, 0.6153908242341584], [27, 28, 0.22170598115362938], [29, 30, 0.5258571948304663], [29, 37, 0.19089327606969309], [30, 31, 0.4276251466434027], [30, 38, 0.7694049423870482], [32, 33, 0.5736703133075859], [32, 40, 0.8753252205671936], [33, 41, 0.6273101061391501], [34, 35, 0.5204912360628686], [34, 42, 0.6789526454374478], [35, 36, 0.26170632837720054], [35, 43, 0.2523000940552773], [37, 45, 0.24972411553917873], [38, 39, 0.9672376176420948], [40, 41, 0.49446527983456], [40, 48, 0.10684050243797005], [41, 42, 0.5253525998455627], [41, 49, 0.07374023832036991], [43, 44, 0.43228555290412785], [43, 51, 0.3546110096403353], [44, 45, 0.7902915572423914], [44, 52, 0.715418721670823], [45, 46, 0.4885425668335822], [45, 53, 0.9371811878356545], [46, 54, 0.947152954038422], [48, 49, 0.4718700676512073], [49, 50, 0.5720002893505153], [49, 57, 0.7699628497458599], [50, 58, 0.6385029377136775], [51, 52, 0.7234472495165215], [51, 59, 0.05137486183289952], [52, 53, 0.9741577375019295], [52, 60, 0.18711412102831249], [53, 54, 0.5357871328116319], [53, 61, 0.26273237137580174], [54, 62, 0.34301631170052804], [7, 15, 0.5321804485859987], [15, 23, 0.6123868674480102], [23, 31, 0.7725415985496069], [31, 39, 0.8519150658434299], [39, 47, 0.31746903645781765], [47, 55, 0.3274172060017463], [55, 63, 0.7523464328706451], [56, 57, 0.1703755006414146], [57, 58, 0.23262443271547706], [58, 59, 0.8548317326248762], [59, 60, 0.5564214553525936], [60, 61, 0.1005796007442964]], "oriented": false, "discover": false, "dist": true, "mode": "map"}