{"pos": [[0, 0], [0, 1], [0, 2], [0, 3], [0, 4], [0, 5], [0, 6], [0, 7], [0, 8], [1, 0], [1, 1], [1, 2], [1, 3], [1, 4], [1, 5], [1, 6], [1, 7], [1, 8], [2, 0], [2, 1], [2, 2], [2, 3], [2, 4], [2, 5], [2, 6], [2, 7], [2, 8], [3, 0], [3, 1], [3, 2], [3, 3], [3, 4], [3, 5], [3, 6], [3, 7], [3, 8], [4, 0], [4, 1], [4, 2], [4, 3], [4, 4], [4, 5], [4, 6], [4, 7], [4, 8], [5, 0], [5, 1], [5, 2], [5, 3], [5, 4], [5, 5], [5, 6], [5, 7], [5, 8], [6, 0], [6, 1], [6, 2], [6, 3], [6, 4], [6, 5], [6, 6], [6, 7], [6, 8], [7, 0], [7, 1], [7, 2], [7, 3], [7, 4], [7, 5], [7, 6], [7, 7], [7, 8], [8, 0], [8, 1], [8, 2], [8, 3], [8, 4], [8, 5], [8, 6], [8, 7], [8, 8]], "edges": [[0, 1, 0.4352923418714747], [0, 9, 0.712412469643302], [1, 2, 0.8154206998732054], [1, 10, 0.044479362771381536], [2, 3, 0.6268460326256066], [2, 11, 0.5291040470930332], [3, 4, 0.3937407389529073], [4, 5, 0.606266053098031], [4, 13, 0.13698279209759145], [5, 6, 0.8226173914859664], [5, 14, 0.0888775829496421], [6, 7, 0.855959321273046], [6, 15, 0.8484665856223069], [7, 8, 0.9931890087744812], [7, 16, 0.6993575621727541], [9, 10, 0.7909300679548861], [9, 18, 0.3946010271556677], [10, 11, 0.4607734807477496], [10, 19, 0.11807255547214901], [11, 20, 0.7456063165679412], [12, 13, 0.5177626227960876], [13, 22, 0.7452976863534886], [14, 15, 0.5677852214900446], [14, 23, 0.9039604243243395], [15, 16, 0.927909122927688], [16, 25, 0.4744036661847001], [18, 27, 0.3929857185158777], [19, 20, 0.016631108390682825], [19, 28, 0.6888065794772341], [20, 21, 0.5910383438536542], [20, 29, 0.021968563000182018], [21, 30, 0.5617369155692109], [23, 24, 0.6280504933451635], [23, 32, 0.7122780595117625], [24, 25, 0.3719505454465385], [25, 26, 0.25012808047217094], [25, 34, 0.16626061420629878], [27, 36, 0.5175859902498301], [28, 29, 0.05085652840609578], [29, 38, 0.11391263885227243], [30, 31, 0.17297166790638407], [30, 39, 0.9737296570687777], [31, 32, 0.1663799895108946], [31, 40, 0.430802134872597], [32, 41, 0.8213283957530123], [33, 34, 0.2666622880609085], [33, 42, 0.4577317565253879], [34, 35, 0.9336488069109476], [34, 43, 0.5288420425324302], [36, 37, 0.41590600742102934], [36, 45, 0.06261957658829476], [37, 38, 0.25799760337965594], [38, 39, 0.28909831608246706], [38, 47, 0.6693917485097101], [39, 48, 0.9741586626799789], [42, 43, 0.4054956478022612], [43, 52, 0.2732181745238772], [45, 46, 0.9848510655905949], [45, 54, 0.9668465746469465], [46, 47, 0.04624356322584666], [46, 55, 0.17567343576988614], [47, 48, 0.6179344225024638], [47, 56, 0.8758192929629243], [48, 49, 0.6692445796227137], [49, 50, 0.279232585650794], [49, 58, 0.738196973350052], [50, 51, 0.20462702509544162], [50, 59, 0.4864709558855532], [51, 52, 0.43039794555305644], [51, 60, 0.4433481038520918], [52, 53, 0.5520866537043859], [52, 61, 0.688144526051949], [54, 63, 0.69705077617936], [55, 64, 0.948200484954703], [56, 57, 0.5828637056059461], [56, 65, 0.5439360544048177], [57, 66, 0.419192713409978], [59, 60, 0.22748425288488205], [59, 68, 0.32513622561518685], [61, 62, 0.8758158387887903], [61, 70, 0.7620544876352913], [63, 64, 0.9393829318110012], [63, 72, 0.7440552384492634], [64, 73, 0.6846957168250274], [65, 66, 0.25016780530196836], [65, 74, 0.7925247795512741], [66, 67, 0.17273654747176537], [66, 75, 0.48896466490023804], [67, 76, 0.9182853940510514], [68, 77, 0.3344250013336276], [69, 70, 0.3612692565333784], [69, 78, 0.674616122395905], [70, 79, 0.7980068236374913], [8, 17, 0.15309527312440707], [26, 35, 0.21667393739091334], [35, 44, 0.7597792070849964], [44, 53, 0.8608838686297025], [53, 62, 0.1662428471845393], [62, 71, 0.28064931591544684], [71, 80, 0.9055291445449967], [72, 73, 0.43795109682496336], [73, 74, 0.3773363980916372], [78, 79, 0.4384666571454612], [79, 80, 0.9450603041105566]], "oriented": false, "discover": false, "dist": true, "mode": "map"}