{"pos": [[0, 0], [0, 1], [0, 2], [0, 3], [0, 4], [0, 5], [0, 6], [0, 7], [1, 0], [1, 1], [1, 2], [1, 3], [1, 4], [1, 5], [1, 6], [1, 7], [2, 0], [2, 1], [2, 2], [2, 3], [2, 4], [2, 5], [2, 6], [2, 7], [3, 0], [3, 1], [3, 2], [3, 3], [3, 4], [3, 5], [3, 6], [3, 7], [4, 0], [4, 1], [4, 2], [4, 3], [4, 4], [4, 5], [4, 6], [4, 7], [5, 0], [5, 1], [5, 2], [5, 3], [5, 4], [5, 5], [5, 6], [5, 7], [6, 0], [6, 1], [6, 2], [6, 3], [6, 4], [6, 5], [6, 6], [6, 7], [7, 0], [7, 1], [7, 2], [7, 3], [7, 4], [7, 5], [7, 6], [7, 7]], "edges": [[0, 1, 0.17585278633771995], [0, 8, 0.5459684284596152], [1, 9, 0.2130954614102607], [2, 3, 0.8447950335879902], [2, 10, 0.38072630991045364], [3, 4, 0.6787489418052394], [4, 5, 0.3772398970936903], [4, 12, 0.37000576396581], [5, 6, 0.6006003666139673], [8, 9, 0.15108688575121565], [8, 16, 0.1970531689752042], [9, 10, 0.8065090419844198], [10, 11, 0.5032464412003593], [10, 18, 0.5356188950921486], [11, 12, 0.22551344673683782], [11, 19, 0.5567971465031891], [12, 13, 0.20578767310963453], [13, 14, 0.4396053351561533], [14, 15, 0.20572917706740346], [14, 22, 0.5139762836382655], [16, 17, 0.571832337185617], [16, 24, 0.8595433638921968], [17, 25, 0.4214330921691415], [18, 26, 0.2526837985616569], [19, 20, 0.443264117421999], [20, 21, 0.5413027102602057], [20, 28, 0.2671506520799306], [21, 29, 0.7895126893817651], [22, 23, 0.3687217036143401], [22, 30, 0.5591436093127204], [25, 26, 0.948368886220906], [25, 33, 0.5672379415848455], [26, 27, 0.5774403229150604], [26, 34, 0.3183660461883979], [28, 29, 0.7403352088045843], [28, 36, 0.7797080184072016], [29, 37, 0.0848935131554941], [30, 31, 0.2618944622543785], [30, 38, 0.8757617391052049], [32, 33, 0.324879165728823], [33, 34, 0.6692663063998668], [33, 41, 0.5866898071027299], [34, 35, 0.014766309424234514], [34, 42, 0.0863584350013693], [35, 36, 0.9735409215701609], [36, 37, 0.5894666781509234], [36, 44, 0.3264704519913252], [37, 45, 0.4954180083601111], [38, 39, 0.5153648561367264], [40, 41, 0.15799321108904762], [41, 42, 0.7725841692076066], [41, 49, 0.3286553221245473], [42, 43, 0.34622308296062876], [42, 50, 0.6124841203313725], [43, 44, 0.2712414726978052], [43, 51, 0.6090287359969427], [45, 46, 0.2736559480314288], [46, 47, 0.5820094964858927], [48, 49, 0.7574654910050742], [48, 56, 0.6039508266738406], [49, 50, 0.6931711465299049], [49, 57, 0.8565993406962366], [50, 51, 0.6270132743449551], [50, 58, 0.5296427309421443], [51, 52, 0.13580913929727023], [51, 59, 0.04044731765821541], [52, 53, 0.45786142313328504], [53, 54, 0.862555950790759], [53, 61, 0.23119486483303198], [54, 55, 0.8850033671498351], [54, 62, 0.24606435879912658], [7, 15, 0.10870180558684783], [31, 39, 0.47169397313710604], [39, 47, 0.11750189114641696], [47, 55, 0.22080008050504762], [55, 63, 0.9233437220886438], [58, 59, 0.2004741607294298], [59, 60, 0.32477466774135166], [60, 61, 0.45523477081941344], [61, 62, 0.5898172717718162], [62, 63, 0.15103249890554782]], "oriented": false, "discover": false, "dist": true, "mode": "map"}