{"pos": [[0, 0], [0, 1], [0, 2], [0, 3], [0, 4], [0, 5], [0, 6], [0, 7], [0, 8], [1, 0], [1, 1], [1, 2], [1, 3], [1, 4], [1, 5], [1, 6], [1, 7], [1, 8], [2, 0], [2, 1], [2, 2], [2, 3], [2, 4], [2, 5], [2, 6], [2, 7], [2, 8], [3, 0], [3, 1], [3, 2], [3, 3], [3, 4], [3, 5], [3, 6], [3, 7], [3, 8], [4, 0], [4, 1], [4, 2], [4, 3], [4, 4], [4, 5], [4, 6], [4, 7], [4, 8], [5, 0], [5, 1], [5, 2], [5, 3], [5, 4], [5, 5], [5, 6], [5, 7], [5, 8], [6, 0], [6, 1], [6, 2], [6, 3], [6, 4], [6, 5], [6, 6], [6, 7], [6, 8], [7, 0], [7, 1], [7, 2], [7, 3], [7, 4], [7, 5], [7, 6], [7, 7], [7, 8], [8, 0], [8, 1], [8, 2], [8, 3], [8, 4], [8, 5], [8, 6], [8, 7], [8, 8]], "edges": [[0, 1, 0.3838503422960039], [0, 9, 0.5595042427488914], [1, 2, 0.61550979293786], [3, 4, 0.8048098628915157], [3, 12, 0.10070998812183407], [4, 13, 0.08145476858292766], [5, 6, 0.7865686290971213], [5, 14, 0.26764897451498404], [6, 7, 0.5588838336366094], [6, 15, 0.2230807908502288], [7, 8, 0.7612098374169279], [7, 16, 0.39450523676715543], [9, 10, 0.9808014021604423], [9, 18, 0.5406618930597384], [10, 11, 0.6047039139871772], [10, 19, 0.9519309131860413], [11, 12, 0.5900910278533396], [11, 20, 0.4675638021208335], [12, 13, 0.14783241646702672], [13, 14, 0.2203859548859175], [14, 15, 0.4768286929951038], [15, 16, 0.15326680286091432], [15, 24, 0.7789003867992655], [16, 25, 0.41146907166597313], [18, 19, 0.11989202294129953], [19, 20, 0.10472453412434368], [19, 28, 0.4580004621866892], [20, 21, 0.31533817685102405], [20, 29, 0.28660847698017666], [21, 22, 0.8347623697697251], [22, 23, 0.3140263547429536], [22, 31, 0.67256352634005], [23, 24, 0.6234869634919497], [23, 32, 0.14568274904717793], [24, 25, 0.017817821304372372], [24, 33, 0.701452978818741], [25, 34, 0.006361761033426339], [27, 28, 0.9137745023220628], [27, 36, 0.34819530465586335], [28, 29, 0.3161752112907463], [28, 37, 0.20193014640316165], [29, 30, 0.2781248583747904], [29, 38, 0.9979100244730644], [30, 31, 0.16923348241721348], [30, 39, 0.9722759025489247], [31, 32, 0.20720281522778228], [31, 40, 0.056474330795390326], [32, 41, 0.022744817831493513], [33, 42, 0.611001219823333], [34, 35, 0.8280748189184214], [36, 45, 0.4855585063232124], [37, 46, 0.7749285597195466], [39, 40, 0.4498430290445271], [39, 48, 0.8539020059094072], [40, 41, 0.7570501639640894], [41, 42, 0.020575224780389534], [41, 50, 0.9395425877543332], [42, 43, 0.016151736107356873], [42, 51, 0.7370448817212187], [43, 44, 0.3848756971273998], [43, 52, 0.5826925960756619], [45, 54, 0.7187895583973103], [46, 47, 0.517770365644986], [46, 55, 0.47598404855106613], [47, 56, 0.5438459717767956], [48, 49, 0.5703041431862409], [49, 50, 0.48786619933903663], [49, 58, 0.8885134744495857], [50, 59, 0.606872076401067], [51, 52, 0.6432922244211833], [51, 60, 0.5913296394775], [54, 63, 0.6176069309837546], [55, 64, 0.7675217970275309], [56, 57, 0.6517238004814461], [57, 58, 0.9933420892749236], [58, 67, 0.789293563041283], [59, 60, 0.08677224868728595], [59, 68, 0.981592918730873], [60, 61, 0.6875845738618886], [60, 69, 0.10020196717515506], [61, 62, 0.5849015330802243], [63, 64, 0.9805158393480811], [63, 72, 0.8328994038554153], [64, 65, 0.9538256679497942], [64, 73, 0.18968011179086575], [65, 66, 0.666770742525126], [65, 74, 0.04293872331003634], [66, 75, 0.04343792944134539], [67, 76, 0.8767108543740679], [69, 70, 0.30061411379467196], [69, 78, 0.3580476546201885], [70, 71, 0.9029824651806833], [70, 79, 0.2619190155079455], [8, 17, 0.0018993693780288146], [17, 26, 0.10916523172364168], [26, 35, 0.20274353300636105], [35, 44, 0.040585111669416585], [44, 53, 0.16394483372174606], [53, 62, 0.6957605922263012], [62, 71, 0.2538944331441245], [71, 80, 0.566502967183282], [77, 78, 0.1967763582283646], [78, 79, 0.5586802580348046]], "oriented": false, "discover": false, "dist": true, "mode": "map"}