{"pos": [[0, 0], [0, 1], [0, 2], [0, 3], [0, 4], [0, 5], [0, 6], [0, 7], [1, 0], [1, 1], [1, 2], [1, 3], [1, 4], [1, 5], [1, 6], [1, 7], [2, 0], [2, 1], [2, 2], [2, 3], [2, 4], [2, 5], [2, 6], [2, 7], [3, 0], [3, 1], [3, 2], [3, 3], [3, 4], [3, 5], [3, 6], [3, 7], [4, 0], [4, 1], [4, 2], [4, 3], [4, 4], [4, 5], [4, 6], [4, 7], [5, 0], [5, 1], [5, 2], [5, 3], [5, 4], [5, 5], [5, 6], [5, 7], [6, 0], [6, 1], [6, 2], [6, 3], [6, 4], [6, 5], [6, 6], [6, 7], [7, 0], [7, 1], [7, 2], [7, 3], [7, 4], [7, 5], [7, 6], [7, 7]], "edges": [[0, 1, 0.0033596303904188662], [0, 8, 0.4303339200280073], [1, 2, 0.3124964935366763], [2, 3, 0.8622629600633973], [2, 10, 0.21958427217206566], [3, 4, 0.16770439229393863], [4, 5, 0.7996332241029355], [4, 12, 0.3878223776556532], [5, 6, 0.17378950498794676], [6, 7, 0.5991149937847277], [6, 14, 0.13539920503040437], [8, 9, 0.4113301402164846], [8, 16, 0.25057508375039383], [9, 10, 0.7535737978129423], [10, 11, 0.9541835601183642], [11, 19, 0.9973277768461313], [12, 13, 0.7198129057921813], [12, 20, 0.056215931605844816], [13, 14, 0.6397503841166786], [13, 21, 0.051854609679637065], [14, 15, 0.6405307345887356], [16, 17, 0.18584750910990155], [16, 24, 0.9559994371105656], [17, 18, 0.09845075923419588], [17, 25, 0.8215644407508153], [18, 26, 0.7602610198261324], [19, 20, 0.673304521089212], [19, 27, 0.4331617132541574], [20, 21, 0.6791618341878862], [20, 28, 0.48788984212217934], [21, 22, 0.8046708803541406], [21, 29, 0.6861537888095169], [22, 23, 0.9858527177354703], [22, 30, 0.7560352802069397], [24, 32, 0.5572178781059814], [25, 26, 0.9656353591445612], [26, 27, 0.7308561045065194], [27, 35, 0.0312628564222488], [28, 29, 0.9644721155253052], [28, 36, 0.6330668355091731], [29, 30, 0.026368604916837457], [29, 37, 0.8852534318497978], [30, 38, 0.8814100089112185], [32, 33, 0.7585444899572629], [32, 40, 0.42719718061796996], [33, 34, 0.5131614751166408], [34, 42, 0.3456279637424393], [35, 43, 0.3170599133109774], [37, 38, 0.3193329012462729], [37, 45, 0.8529430427129105], [38, 39, 0.48899625951270453], [38, 46, 0.14884842555393007], [40, 41, 0.9510328765426842], [40, 48, 0.09155614464145234], [41, 42, 0.3163031354887851], [41, 49, 0.33532904830083865], [42, 43, 0.46035016129509976], [42, 50, 0.6965790975525412], [43, 44, 0.836733061061132], [44, 45, 0.8601940403550116], [46, 47, 0.9015199214129446], [46, 54, 0.07610268760586258], [48, 56, 0.08416340321689364], [49, 57, 0.48340588401181617], [50, 51, 0.3399789090681198], [50, 58, 0.16758724167453665], [51, 52, 0.8813068311193939], [52, 53, 0.43781738608141363], [53, 61, 0.39184165786360103], [54, 55, 0.10194255387139528], [54, 62, 0.8560780335122007], [15, 23, 0.42796366689763354], [23, 31, 0.26031837957576454], [39, 47, 0.450763567841708], [55, 63, 0.9561971483203373], [56, 57, 0.31568859151159834], [57, 58, 0.9594900110435624], [58, 59, 0.490863247327219], [59, 60, 0.20434237997960203], [60, 61, 0.38607358738000863], [61, 62, 0.3187737971765392]], "oriented": false, "discover": false, "dist": true, "mode": "map"}