{"pos": [[0, 0], [0, 1], [0, 2], [0, 3], [0, 4], [0, 5], [0, 6], [0, 7], [1, 0], [1, 1], [1, 2], [1, 3], [1, 4], [1, 5], [1, 6], [1, 7], [2, 0], [2, 1], [2, 2], [2, 3], [2, 4], [2, 5], [2, 6], [2, 7], [3, 0], [3, 1], [3, 2], [3, 3], [3, 4], [3, 5], [3, 6], [3, 7], [4, 0], [4, 1], [4, 2], [4, 3], [4, 4], [4, 5], [4, 6], [4, 7], [5, 0], [5, 1], [5, 2], [5, 3], [5, 4], [5, 5], [5, 6], [5, 7], [6, 0], [6, 1], [6, 2], [6, 3], [6, 4], [6, 5], [6, 6], [6, 7], [7, 0], [7, 1], [7, 2], [7, 3], [7, 4], [7, 5], [7, 6], [7, 7]], "edges": [[0, 1, 0.33999914189885216], [0, 8, 0.6943468952246988], [1, 2, 0.6157754149748806], [1, 9, 0.35336456864080223], [2, 3, 0.14230810941199723], [3, 4, 0.3058848212964401], [4, 5, 0.3452733656997936], [4, 12, 0.4906455728382063], [5, 6, 0.6629833857653704], [5, 13, 0.6417073202534394], [6, 7, 0.9983572037364549], [6, 14, 0.5331246772725486], [9, 10, 0.659489205516405], [9, 17, 0.9066215529321591], [10, 11, 0.0564637608461005], [10, 18, 0.4083776957680181], [11, 19, 0.6768720123511638], [12, 13, 0.5656913024052928], [12, 20, 0.18447787905304802], [13, 21, 0.9209851986522092], [14, 15, 0.11223616058731534], [14, 22, 0.7896154182537662], [16, 17, 0.6400551683347311], [17, 18, 0.8357708423773857], [17, 25, 0.8594559884784256], [18, 19, 0.8294496380816334], [18, 26, 0.3032526098240379], [20, 21, 0.7650495918851363], [20, 28, 0.13231229122425547], [21, 22, 0.8042490384227481], [21, 29, 0.8135786640917534], [22, 30, 0.3751928072629147], [24, 25, 0.1848381588772644], [24, 32, 0.796065333206615], [25, 26, 0.4197310142194236], [25, 33, 0.10544065774100875], [26, 27, 0.9286539208324412], [27, 28, 0.6222177868910014], [27, 35, 0.24107752119675374], [29, 30, 0.6219191245033776], [29, 37, 0.6915643036680303], [30, 38, 0.8490421367261975], [32, 40, 0.27672771401166973], [33, 34, 0.2694452051553766], [33, 41, 0.6970906161627701], [34, 35, 0.4991565240939604], [34, 42, 0.7813901727810372], [35, 36, 0.08771055283193985], [35, 43, 0.8528660107581629], [37, 38, 0.6936390310391606], [37, 45, 0.38755031728489997], [38, 39, 0.49717305682232793], [40, 48, 0.26692038053290856], [41, 42, 0.1413728163665895], [41, 49, 0.4495304900588952], [42, 43, 0.9463294154031248], [43, 44, 0.8833775255169964], [44, 52, 0.6873474432121737], [45, 46, 0.03963438676852582], [45, 53, 0.33689344346031225], [46, 47, 0.5332654671146286], [46, 54, 0.48440322419273585], [48, 49, 0.40684568712486024], [48, 56, 0.2528359745391846], [49, 50, 0.028682108960582653], [49, 57, 0.5295169980371949], [50, 51, 0.6321885236945721], [50, 58, 0.3999515846644136], [51, 52, 0.7579317007368529], [53, 61, 0.8182674266174152], [54, 55, 0.924621651888478], [54, 62, 0.29490558909474196], [15, 23, 0.3573950085044797], [23, 31, 0.8722569105241973], [31, 39, 0.7953383429932597], [56, 57, 0.551957154695506], [57, 58, 0.33323750138483976], [58, 59, 0.6842684549152332], [59, 60, 0.4813326193744739], [60, 61, 0.6727101608506173], [62, 63, 0.9632514238800711]], "oriented": false, "discover": false, "dist": true, "mode": "map"}