{"pos": [[0, 0], [0, 1], [0, 2], [0, 3], [0, 4], [0, 5], [0, 6], [0, 7], [1, 0], [1, 1], [1, 2], [1, 3], [1, 4], [1, 5], [1, 6], [1, 7], [2, 0], [2, 1], [2, 2], [2, 3], [2, 4], [2, 5], [2, 6], [2, 7], [3, 0], [3, 1], [3, 2], [3, 3], [3, 4], [3, 5], [3, 6], [3, 7], [4, 0], [4, 1], [4, 2], [4, 3], [4, 4], [4, 5], [4, 6], [4, 7], [5, 0], [5, 1], [5, 2], [5, 3], [5, 4], [5, 5], [5, 6], [5, 7], [6, 0], [6, 1], [6, 2], [6, 3], [6, 4], [6, 5], [6, 6], [6, 7], [7, 0], [7, 1], [7, 2], [7, 3], [7, 4], [7, 5], [7, 6], [7, 7]], "edges": [[0, 1, 0.3712574208218371], [1, 2, 0.30450256067922765], [2, 3, 0.7987765981787182], [2, 10, 0.27050085962061676], [3, 4, 0.11932336543750377], [3, 11, 0.33298900079019367], [4, 5, 0.8161401045591974], [4, 12, 0.31960756724139217], [5, 6, 0.9050268269681888], [5, 13, 0.6886066265606979], [6, 7, 0.3372644666832806], [8, 9, 0.6636420030092958], [8, 16, 0.7768458633197654], [9, 10, 0.4907181131639421], [9, 17, 0.5037810642751972], [10, 11, 0.9160954659234449], [10, 18, 0.3529597997363977], [11, 12, 0.21324862202443118], [13, 14, 0.11792499277175295], [13, 21, 0.9577207695706507], [14, 15, 0.022091045857412395], [14, 22, 0.9591329780234691], [16, 17, 0.04717192902293221], [17, 18, 0.005796173897404833], [17, 25, 0.8121076670143652], [18, 19, 0.19136893403398147], [18, 26, 0.2555118808674278], [19, 20, 0.17521515374535135], [20, 21, 0.240945697926639], [22, 23, 0.8077164551602561], [22, 30, 0.2906549566919798], [24, 25, 0.9506478322592867], [24, 32, 0.7085919468233646], [25, 26, 0.2539422125902917], [25, 33, 0.6305981928869393], [26, 27, 0.9525748504519823], [26, 34, 0.25511501633708644], [27, 28, 0.9135398172226739], [28, 29, 0.8611062060676596], [29, 30, 0.13080103619300754], [29, 37, 0.7766234999672669], [30, 31, 0.0004920114845639034], [30, 38, 0.8505835182127747], [32, 33, 0.010403152577223795], [32, 40, 0.23142881297867934], [33, 41, 0.34783808718425746], [34, 35, 0.8044593033145253], [34, 42, 0.9556502966760043], [35, 36, 0.8112498818543458], [35, 43, 0.7314800635923349], [36, 44, 0.7249444544799376], [37, 38, 0.34405909135065427], [37, 45, 0.9039674763393465], [38, 39, 0.17479067531619275], [40, 41, 0.7270549527934469], [40, 48, 0.805695024090356], [42, 50, 0.22111900242991245], [44, 52, 0.6758052994369845], [45, 46, 0.38775419427378377], [46, 47, 0.5901071150705423], [48, 49, 0.040713488588234426], [48, 56, 0.36988033080713034], [49, 50, 0.022338094997039204], [49, 57, 0.4691571249040335], [50, 51, 0.639573236248616], [50, 58, 0.8440430572820667], [51, 59, 0.3730868177317279], [52, 53, 0.09510957179727952], [53, 54, 0.19026822790836928], [53, 61, 0.5702851155601826], [54, 55, 0.206299406762802], [15, 23, 0.9583094926525824], [31, 39, 0.8325404776413274], [39, 47, 0.6844008305480173], [47, 55, 0.1974825566699635], [57, 58, 0.21979196757734354], [58, 59, 0.4209547076990888], [59, 60, 0.4577156019583265], [60, 61, 0.36102922199993603], [61, 62, 0.9042629901022774], [62, 63, 0.12356728953593821]], "oriented": false, "discover": false, "dist": true, "mode": "map"}