{"pos": [[0, 0], [0, 1], [0, 2], [0, 3], [0, 4], [0, 5], [0, 6], [0, 7], [1, 0], [1, 1], [1, 2], [1, 3], [1, 4], [1, 5], [1, 6], [1, 7], [2, 0], [2, 1], [2, 2], [2, 3], [2, 4], [2, 5], [2, 6], [2, 7], [3, 0], [3, 1], [3, 2], [3, 3], [3, 4], [3, 5], [3, 6], [3, 7], [4, 0], [4, 1], [4, 2], [4, 3], [4, 4], [4, 5], [4, 6], [4, 7], [5, 0], [5, 1], [5, 2], [5, 3], [5, 4], [5, 5], [5, 6], [5, 7], [6, 0], [6, 1], [6, 2], [6, 3], [6, 4], [6, 5], [6, 6], [6, 7], [7, 0], [7, 1], [7, 2], [7, 3], [7, 4], [7, 5], [7, 6], [7, 7]], "edges": [[0, 1, 0.7045269611590558], [0, 8, 0.8117926945068812], [1, 2, 0.2667260081213644], [1, 9, 0.43795516404485213], [2, 3, 0.686954180905239], [2, 10, 0.13108553314271099], [3, 4, 0.17899300378009164], [3, 11, 0.8483545806700813], [4, 5, 0.7608173078561512], [5, 6, 0.19355851463699203], [5, 13, 0.6255810543208644], [8, 9, 0.3638537947531826], [8, 16, 0.10281396328979653], [9, 17, 0.5360778635734441], [10, 18, 0.9229234798778015], [11, 12, 0.08021843274344298], [12, 20, 0.5936478948175188], [13, 21, 0.21917756852581816], [14, 22, 0.32577800621548136], [16, 17, 0.07503020850163022], [17, 18, 0.01604184625603411], [18, 19, 0.52276423567371], [18, 26, 0.7298324675829918], [19, 20, 0.5676286453126639], [20, 21, 0.2695914583284367], [20, 28, 0.9644569077893119], [21, 29, 0.6398262182507491], [22, 23, 0.05585491303412238], [22, 30, 0.03460037968485963], [24, 25, 0.9979587303229961], [24, 32, 0.8912844702012718], [25, 26, 0.9105910300008537], [26, 27, 0.8292083787183487], [27, 28, 0.6076937453964679], [27, 35, 0.5535071474473744], [28, 29, 0.4162338055383986], [29, 37, 0.5007997777041364], [30, 31, 0.8807081214912756], [30, 38, 0.22111792973435462], [32, 33, 0.839623088984492], [33, 34, 0.3329801091691651], [34, 35, 0.41323886835468593], [34, 42, 0.1263897115256699], [35, 43, 0.8707642209301921], [36, 37, 0.1826115756953668], [38, 39, 0.46607517774796947], [38, 46, 0.6521972080368783], [40, 41, 0.8892407079706258], [41, 42, 0.06317852065501928], [42, 50, 0.9794952474831956], [43, 44, 0.646413312376625], [44, 52, 0.9469634019198497], [45, 46, 0.453856520952151], [45, 53, 0.31087599299530955], [46, 47, 0.5207951755443788], [46, 54, 0.972908692608102], [48, 49, 0.5994905288473119], [48, 56, 0.8363690710234082], [49, 50, 0.757159408864146], [49, 57, 0.10047881956027283], [50, 51, 0.7212453496536064], [50, 58, 0.2236284356169469], [51, 52, 0.21752192802083192], [51, 59, 0.15772284939717274], [52, 53, 0.5503390825429528], [52, 60, 0.34996438150838816], [53, 61, 0.7697633501588851], [54, 55, 0.7536693266987999], [54, 62, 0.6630185224583868], [7, 15, 0.6830611543164516], [15, 23, 0.2506924312620661], [23, 31, 0.06852883514895025], [31, 39, 0.39823356244221886], [39, 47, 0.9696956805028653], [47, 55, 0.16312921145438575], [55, 63, 0.597317631110756], [56, 57, 0.5314361863352477], [57, 58, 0.6534093143051026], [58, 59, 0.7284814963783599], [59, 60, 0.5599633831862967], [61, 62, 0.5811853635135825]], "oriented": false, "discover": false, "dist": true, "mode": "map"}