{"pos": [[0, 0], [0, 1], [0, 2], [0, 3], [0, 4], [0, 5], [0, 6], [0, 7], [1, 0], [1, 1], [1, 2], [1, 3], [1, 4], [1, 5], [1, 6], [1, 7], [2, 0], [2, 1], [2, 2], [2, 3], [2, 4], [2, 5], [2, 6], [2, 7], [3, 0], [3, 1], [3, 2], [3, 3], [3, 4], [3, 5], [3, 6], [3, 7], [4, 0], [4, 1], [4, 2], [4, 3], [4, 4], [4, 5], [4, 6], [4, 7], [5, 0], [5, 1], [5, 2], [5, 3], [5, 4], [5, 5], [5, 6], [5, 7], [6, 0], [6, 1], [6, 2], [6, 3], [6, 4], [6, 5], [6, 6], [6, 7], [7, 0], [7, 1], [7, 2], [7, 3], [7, 4], [7, 5], [7, 6], [7, 7]], "edges": [[0, 1, 0.786500548142963], [0, 8, 0.4461982374800164], [1, 2, 0.5807658563756015], [1, 9, 0.4077989555113246], [2, 3, 0.9333289163402099], [2, 10, 0.3244726057277958], [3, 4, 0.08538730144415052], [3, 11, 0.629494298030898], [4, 5, 0.5095790438897893], [4, 12, 0.0573030377577487], [5, 6, 0.16358976739964115], [5, 13, 0.2373914150165285], [6, 7, 0.9461491172085763], [8, 9, 0.7660734846501375], [8, 16, 0.24371583560876497], [9, 10, 0.999596695720852], [9, 17, 0.1575330931308213], [12, 13, 0.4021742824203859], [13, 14, 0.4225302067524861], [16, 17, 0.7400405969246004], [16, 24, 0.24960967776252974], [17, 18, 0.2871849168185663], [17, 25, 0.4241168999385767], [18, 19, 0.31540927091248216], [18, 26, 0.9907051986762027], [19, 20, 0.7376799190620256], [20, 21, 0.37670998863710203], [20, 28, 0.7244799035999082], [21, 22, 0.5934441191998776], [22, 23, 0.9514888441629507], [22, 30, 0.031197292771835472], [25, 33, 0.8552049213138522], [26, 27, 0.07240980678704412], [26, 34, 0.742028421380155], [27, 28, 0.8200845554698997], [27, 35, 0.1319142538125373], [28, 29, 0.5096039113987678], [28, 36, 0.05659884109548485], [29, 37, 0.4350569488871293], [30, 38, 0.9473873237126368], [32, 33, 0.5056983142746301], [32, 40, 0.6786826983089531], [33, 34, 0.9008820402397033], [33, 41, 0.681922373770902], [34, 42, 0.8703372874133902], [35, 36, 0.5787844540530099], [35, 43, 0.12699815299885697], [36, 37, 0.7613209685111503], [36, 44, 0.8295191140707985], [37, 45, 0.6462716868056321], [38, 39, 0.8083347436030196], [40, 41, 0.9624025072417106], [40, 48, 0.348888802248174], [41, 49, 0.36015951334104035], [42, 43, 0.5113065178481772], [43, 44, 0.12106497069153732], [44, 45, 0.495529671229459], [44, 52, 0.8139079372847843], [45, 46, 0.8297446150172104], [46, 47, 0.867126994049719], [48, 49, 0.7927581683912377], [48, 56, 0.8779646151187234], [49, 50, 0.5462139815755168], [49, 57, 0.4381915675804313], [50, 51, 0.24143667984068495], [50, 58, 0.13716355201078367], [51, 52, 0.6829965920943337], [51, 59, 0.03204073340608904], [52, 53, 0.9533811830683924], [53, 54, 0.28391988302423843], [53, 61, 0.0007270274545823074], [54, 55, 0.14584387307728464], [54, 62, 0.18539574044516538], [7, 15, 0.21865865277375474], [23, 31, 0.8480421930043338], [47, 55, 0.8786496760750745], [56, 57, 0.9988698740272743], [57, 58, 0.2512331796230064], [58, 59, 0.28964537018500713], [59, 60, 0.3676839679806996], [62, 63, 0.7766839454907799]], "oriented": false, "discover": false, "dist": true, "mode": "map"}