{"pos": [[0, 0], [0, 1], [0, 2], [0, 3], [0, 4], [0, 5], [0, 6], [0, 7], [0, 8], [1, 0], [1, 1], [1, 2], [1, 3], [1, 4], [1, 5], [1, 6], [1, 7], [1, 8], [2, 0], [2, 1], [2, 2], [2, 3], [2, 4], [2, 5], [2, 6], [2, 7], [2, 8], [3, 0], [3, 1], [3, 2], [3, 3], [3, 4], [3, 5], [3, 6], [3, 7], [3, 8], [4, 0], [4, 1], [4, 2], [4, 3], [4, 4], [4, 5], [4, 6], [4, 7], [4, 8], [5, 0], [5, 1], [5, 2], [5, 3], [5, 4], [5, 5], [5, 6], [5, 7], [5, 8], [6, 0], [6, 1], [6, 2], [6, 3], [6, 4], [6, 5], [6, 6], [6, 7], [6, 8], [7, 0], [7, 1], [7, 2], [7, 3], [7, 4], [7, 5], [7, 6], [7, 7], [7, 8], [8, 0], [8, 1], [8, 2], [8, 3], [8, 4], [8, 5], [8, 6], [8, 7], [8, 8]], "edges": [[0, 1, 0.6585296296385206], [0, 9, 0.22604646817883345], [1, 2, 0.8416410777426682], [1, 10, 0.8750960556134825], [2, 3, 0.8959941004305185], [2, 11, 0.08824614997081559], [3, 12, 0.7491914742672132], [4, 5, 0.5106694406910076], [4, 13, 0.5000291333303671], [6, 7, 0.07399546100899379], [6, 15, 0.8068944591749059], [7, 8, 0.7491424019381673], [7, 16, 0.10688110410382812], [9, 10, 0.8087385307291278], [9, 18, 0.8069674165782762], [10, 11, 0.3155213314104449], [10, 19, 0.784848056841747], [11, 12, 0.1369095857320779], [11, 20, 0.896576875942159], [12, 13, 0.12594093943254336], [12, 21, 0.5103452253007934], [13, 14, 0.08456139742413293], [13, 22, 0.24280808816702393], [14, 23, 0.009812057828641252], [15, 24, 0.13813399662083337], [16, 17, 0.8498875961717426], [18, 19, 0.2911486103330637], [18, 27, 0.8737116886421886], [19, 20, 0.2360872548966163], [19, 28, 0.3261728987049075], [21, 22, 0.9956638937146587], [21, 30, 0.05134292858945033], [22, 31, 0.9227821516844399], [23, 24, 0.604000804980074], [23, 32, 0.2603885797454981], [24, 25, 0.8725519591061486], [24, 33, 0.3150207585085394], [25, 34, 0.9068582873524272], [27, 36, 0.6873858221653725], [28, 29, 0.37490499766224317], [28, 37, 0.7938439185064042], [29, 30, 0.7786948295643578], [30, 39, 0.3278578489930789], [32, 41, 0.4237572604941291], [33, 34, 0.006245729782991316], [33, 42, 0.5680247897484179], [34, 43, 0.7801250361111786], [36, 37, 0.5460850506382879], [37, 38, 0.9091828366836946], [37, 46, 0.09759787709873369], [38, 39, 0.4988186162045086], [38, 47, 0.597808859985747], [39, 40, 0.5150700761919504], [40, 41, 0.33942790132459566], [42, 51, 0.2637091831289776], [45, 46, 0.3316357348897889], [45, 54, 0.1307928020685889], [46, 47, 0.1466217668971883], [46, 55, 0.1227941929032017], [47, 48, 0.0692730737074504], [48, 49, 0.9376836046982902], [48, 57, 0.06117095397125283], [49, 50, 0.2169913924059551], [50, 51, 0.9896621418959402], [50, 59, 0.23110461694409878], [51, 52, 0.13068996197665206], [51, 60, 0.684205084150371], [52, 53, 0.8704485818292631], [54, 55, 0.5217021459226477], [54, 63, 0.05482854059676778], [55, 64, 0.1738661893602247], [56, 57, 0.8150372935130613], [57, 58, 0.480472002006051], [57, 66, 0.9565462698747903], [58, 67, 0.7491777457759923], [59, 68, 0.5088682679209843], [60, 61, 0.5675627504704351], [60, 69, 0.8552431640159562], [63, 64, 0.07162489245062753], [63, 72, 0.12326290811015639], [64, 65, 0.540390438131603], [64, 73, 0.2623406473442118], [65, 66, 0.9306133063071814], [66, 75, 0.564053590384162], [67, 68, 0.7985151661014179], [67, 76, 0.5978458537667383], [68, 69, 0.8733015265156298], [68, 77, 0.4412332093765966], [69, 70, 0.1891096391059538], [70, 79, 0.1193364537915268], [17, 26, 0.4283942093145837], [26, 35, 0.06716206440315875], [35, 44, 0.5649675586531525], [44, 53, 0.27429056188371614], [53, 62, 0.4517195054160785], [62, 71, 0.3354307326367204], [71, 80, 0.5375686817528957], [72, 73, 0.7377765883416922], [74, 75, 0.14776357680736585], [75, 76, 0.9768265621186558], [76, 77, 0.641373572882862], [77, 78, 0.7411779710180053], [78, 79, 0.9193633408457315]], "oriented": false, "discover": false, "dist": true, "mode": "map"}