{"pos": [[0, 0], [0, 1], [0, 2], [0, 3], [0, 4], [0, 5], [0, 6], [0, 7], [1, 0], [1, 1], [1, 2], [1, 3], [1, 4], [1, 5], [1, 6], [1, 7], [2, 0], [2, 1], [2, 2], [2, 3], [2, 4], [2, 5], [2, 6], [2, 7], [3, 0], [3, 1], [3, 2], [3, 3], [3, 4], [3, 5], [3, 6], [3, 7], [4, 0], [4, 1], [4, 2], [4, 3], [4, 4], [4, 5], [4, 6], [4, 7], [5, 0], [5, 1], [5, 2], [5, 3], [5, 4], [5, 5], [5, 6], [5, 7], [6, 0], [6, 1], [6, 2], [6, 3], [6, 4], [6, 5], [6, 6], [6, 7], [7, 0], [7, 1], [7, 2], [7, 3], [7, 4], [7, 5], [7, 6], [7, 7]], "edges": [[0, 1, 0.04292198080321874], [0, 8, 0.7341333608369669], [1, 2, 0.2584818053276403], [1, 9, 0.5909316815996248], [2, 3, 0.7978365896592744], [3, 4, 0.15086262871198075], [3, 11, 0.7195154273379336], [4, 5, 0.6190830950660224], [4, 12, 0.4707185651173784], [5, 6, 0.8056662663993506], [5, 13, 0.6577534374408588], [6, 7, 0.47093460599371817], [6, 14, 0.05629351035487007], [10, 11, 0.43341780954768516], [10, 18, 0.15217847103042337], [11, 12, 0.3923442764357049], [11, 19, 0.9710520173047641], [13, 14, 0.38028794274926003], [13, 21, 0.8628594556405176], [14, 15, 0.796991975545611], [16, 17, 0.4652849717148808], [16, 24, 0.22414128922885412], [17, 18, 0.03950398143101652], [17, 25, 0.08610660218043076], [18, 26, 0.6649080006459509], [19, 20, 0.32636226006367564], [19, 27, 0.42038432231709777], [20, 28, 0.019516207764586957], [21, 22, 0.8077944500453568], [22, 23, 0.46986347891426794], [22, 30, 0.9436378107364493], [24, 25, 0.9048953047812209], [24, 32, 0.954148734789247], [27, 28, 0.7382523804993779], [27, 35, 0.6574572939354448], [28, 29, 0.9933228729286119], [29, 37, 0.7119300401160126], [30, 31, 0.38473412983792876], [32, 33, 0.5410728326018858], [32, 40, 0.7905865286015655], [33, 34, 0.08582901036195045], [33, 41, 0.514639399337533], [34, 35, 0.10704872445806901], [34, 42, 0.14230018753264329], [35, 36, 0.11842100356488794], [35, 43, 0.5050751931838301], [37, 38, 0.1393822901215005], [37, 45, 0.8506453216699884], [38, 39, 0.503607770487205], [38, 46, 0.8975436930547916], [40, 48, 0.31403016473799206], [41, 42, 0.5845610974262208], [41, 49, 0.6996528152709388], [42, 43, 0.8037499342363543], [42, 50, 0.9263619154966031], [43, 44, 0.8474266459814924], [43, 51, 0.1055272845158075], [44, 52, 0.37065532127730505], [45, 46, 0.1234952124890627], [46, 54, 0.3779630977575795], [48, 56, 0.78521430848316], [49, 50, 0.5825153150470045], [49, 57, 0.5117901362879536], [50, 58, 0.8620005384585215], [51, 59, 0.3454588377683938], [52, 53, 0.024625474784375267], [52, 60, 0.25837187449769095], [53, 54, 0.4385759155758635], [54, 55, 0.13396003896129893], [54, 62, 0.9936468729282663], [7, 15, 0.6624083695753055], [23, 31, 0.1410327599938095], [31, 39, 0.40813594439699696], [39, 47, 0.03520987504847317], [47, 55, 0.9075870175098266], [56, 57, 0.4757360132001418], [58, 59, 0.2388583722788694], [59, 60, 0.3377354608768528], [60, 61, 0.49583353343294667], [61, 62, 0.3835853049942206], [62, 63, 0.6096965486725832]], "oriented": false, "discover": false, "dist": true, "mode": "map"}