{"pos": [[0, 0], [0, 1], [0, 2], [0, 3], [0, 4], [0, 5], [0, 6], [0, 7], [1, 0], [1, 1], [1, 2], [1, 3], [1, 4], [1, 5], [1, 6], [1, 7], [2, 0], [2, 1], [2, 2], [2, 3], [2, 4], [2, 5], [2, 6], [2, 7], [3, 0], [3, 1], [3, 2], [3, 3], [3, 4], [3, 5], [3, 6], [3, 7], [4, 0], [4, 1], [4, 2], [4, 3], [4, 4], [4, 5], [4, 6], [4, 7], [5, 0], [5, 1], [5, 2], [5, 3], [5, 4], [5, 5], [5, 6], [5, 7], [6, 0], [6, 1], [6, 2], [6, 3], [6, 4], [6, 5], [6, 6], [6, 7], [7, 0], [7, 1], [7, 2], [7, 3], [7, 4], [7, 5], [7, 6], [7, 7]], "edges": [[0, 1, 0.4509192381049407], [0, 8, 0.7188550367766081], [1, 9, 0.22990337374957381], [2, 3, 0.13003193078437725], [2, 10, 0.38163704935572285], [3, 4, 0.3011758006186982], [3, 11, 0.21018773070111596], [4, 5, 0.7352630865343925], [4, 12, 0.027194474912873523], [5, 6, 0.15625716551580504], [6, 7, 0.2039210319085294], [6, 14, 0.356046068257698], [8, 9, 0.3260539724162226], [9, 10, 0.6617264839285989], [9, 17, 0.6936504320197732], [10, 11, 0.5927855578773944], [10, 18, 0.8886550950638541], [11, 12, 0.6601726008239988], [11, 19, 0.2052782714310183], [12, 20, 0.6774376243306445], [13, 14, 0.9346131806787628], [14, 15, 0.31359293272392774], [14, 22, 0.9188507277058064], [16, 17, 0.7035564452505816], [16, 24, 0.5968402570589263], [17, 18, 0.9930038719235902], [18, 19, 0.4158330546669051], [18, 26, 0.6071829512449571], [19, 27, 0.7980373397001788], [20, 21, 0.08662655066289526], [20, 28, 0.3141857493450799], [21, 22, 0.08625635553950006], [21, 29, 0.42374321614051236], [22, 30, 0.7061036762445656], [25, 26, 0.9031981565333156], [26, 34, 0.012547702326624943], [27, 35, 0.8047766185174159], [28, 29, 0.8974624722597995], [29, 30, 0.26305521712925883], [29, 37, 0.2276700240662739], [32, 33, 0.8178698975503759], [32, 40, 0.7091940138587425], [33, 34, 0.7540922816269949], [33, 41, 0.9257541346396319], [34, 35, 0.9283265845967419], [34, 42, 0.016491112972481292], [36, 37, 0.97296693893317], [37, 38, 0.07644476805680411], [37, 45, 0.025653845957831045], [38, 39, 0.33756337614766063], [38, 46, 0.6627950816800392], [40, 48, 0.9640143296102464], [41, 49, 0.7860369341999436], [42, 43, 0.17450560572519713], [42, 50, 0.8386149315178619], [43, 44, 0.919648991950102], [44, 45, 0.5650271877181704], [45, 53, 0.8585882933277238], [46, 47, 0.6354247103277404], [46, 54, 0.002805922506903369], [49, 50, 0.8103550030403873], [49, 57, 0.08321954291851719], [50, 51, 0.4984976637355919], [50, 58, 0.3742876391773753], [51, 59, 0.6090424708608768], [52, 53, 0.5414023005495268], [53, 54, 0.7556443939705559], [53, 61, 0.7861910292598735], [54, 62, 0.44076544620748137], [23, 31, 0.6886029657435065], [31, 39, 0.19520315577664282], [39, 47, 0.608253065099718], [47, 55, 0.9811877907742503], [55, 63, 0.9717623837331998], [56, 57, 0.5236814928142202], [58, 59, 0.6603021943232603], [59, 60, 0.4875851068454963], [62, 63, 0.7331870630788762]], "oriented": false, "discover": false, "dist": true, "mode": "map"}