{"pos": [[0, 0], [0, 1], [0, 2], [0, 3], [0, 4], [0, 5], [0, 6], [0, 7], [0, 8], [1, 0], [1, 1], [1, 2], [1, 3], [1, 4], [1, 5], [1, 6], [1, 7], [1, 8], [2, 0], [2, 1], [2, 2], [2, 3], [2, 4], [2, 5], [2, 6], [2, 7], [2, 8], [3, 0], [3, 1], [3, 2], [3, 3], [3, 4], [3, 5], [3, 6], [3, 7], [3, 8], [4, 0], [4, 1], [4, 2], [4, 3], [4, 4], [4, 5], [4, 6], [4, 7], [4, 8], [5, 0], [5, 1], [5, 2], [5, 3], [5, 4], [5, 5], [5, 6], [5, 7], [5, 8], [6, 0], [6, 1], [6, 2], [6, 3], [6, 4], [6, 5], [6, 6], [6, 7], [6, 8], [7, 0], [7, 1], [7, 2], [7, 3], [7, 4], [7, 5], [7, 6], [7, 7], [7, 8], [8, 0], [8, 1], [8, 2], [8, 3], [8, 4], [8, 5], [8, 6], [8, 7], [8, 8]], "edges": [[0, 1, 0.41989464660652764], [0, 9, 0.1877510451633727], [1, 2, 0.5330842717158526], [1, 10, 0.12425354859910864], [2, 3, 0.47279292534745054], [2, 11, 0.9719391209913317], [3, 4, 0.358149076373385], [3, 12, 0.9341138523792839], [4, 5, 0.4542383161875281], [4, 13, 0.9151750854874025], [5, 6, 0.3249431461765504], [5, 14, 0.5090281610650196], [6, 7, 0.23729162842072382], [6, 15, 0.30733430058408173], [7, 8, 0.7882784739382268], [7, 16, 0.521729440023029], [9, 10, 0.5513164357284274], [9, 18, 0.6990888981146208], [10, 11, 0.9054561966914554], [10, 19, 0.5556784696537731], [11, 20, 0.223572940792493], [12, 21, 0.015094860885183525], [15, 24, 0.9157423997257871], [18, 27, 0.957624189601552], [19, 20, 0.42001488448423485], [19, 28, 0.37894015787026014], [21, 22, 0.4404299388851134], [21, 30, 0.7123447394018114], [23, 24, 0.15505652052712138], [23, 32, 0.5032509405755716], [24, 25, 0.4214412667696482], [24, 33, 0.264698913835437], [25, 26, 0.34451375557098696], [25, 34, 0.12095440890441234], [27, 28, 0.8983653382478379], [27, 36, 0.7174053368777862], [28, 29, 0.09669028020403236], [28, 37, 0.4053618372693494], [29, 38, 0.9240799841755057], [30, 31, 0.2358754878330872], [30, 39, 0.21423489646418103], [32, 41, 0.41079644736267684], [33, 34, 0.31636821240749813], [33, 42, 0.5802739432417339], [34, 35, 0.363747829859557], [34, 43, 0.38605589038242094], [36, 45, 0.6708203316551266], [37, 46, 0.07813682442920566], [38, 39, 0.01883492096671746], [38, 47, 0.22429188800688737], [39, 48, 0.49940915859627333], [40, 41, 0.382703935275565], [40, 49, 0.33156722041604647], [41, 42, 0.5682149833891886], [41, 50, 0.7289956573351617], [42, 43, 0.3017483110566235], [42, 51, 0.7575959170156658], [43, 44, 0.45438344919048146], [43, 52, 0.42953338253459394], [45, 46, 0.39824746431002667], [45, 54, 0.6101273024069187], [46, 47, 0.7064061340574281], [46, 55, 0.24120703057011006], [47, 56, 0.41928944759937437], [49, 50, 0.8993264871822125], [50, 51, 0.002754170643801346], [50, 59, 0.5157361289361371], [51, 60, 0.7848109500270374], [52, 53, 0.05596728364785819], [52, 61, 0.37710353865035684], [54, 55, 0.5235921629644646], [54, 63, 0.7951630900797878], [56, 57, 0.3354659775812461], [56, 65, 0.1389163506434462], [57, 58, 0.5171916372924482], [57, 66, 0.6835519123642155], [59, 68, 0.5270895558006385], [60, 69, 0.1309001186697627], [63, 64, 0.5436975915328454], [63, 72, 0.9246507207365242], [64, 65, 0.6141754239334017], [64, 73, 0.8454357773220267], [65, 66, 0.2450748499867692], [65, 74, 0.9619307259946596], [66, 75, 0.07584797272828336], [67, 68, 0.6833545636965098], [67, 76, 0.45023404725626637], [68, 69, 0.26030710750801167], [68, 77, 0.8544299278401537], [69, 78, 0.8860163533195959], [70, 71, 0.8000638657078843], [70, 79, 0.412253944014892], [8, 17, 0.35559019177948903], [17, 26, 0.07403233931950504], [26, 35, 0.22136509235266022], [44, 53, 0.6362497426976093], [53, 62, 0.1262650309327581], [62, 71, 0.8356216505854549], [71, 80, 0.7516676804295125], [72, 73, 0.1848766461301763], [74, 75, 0.4139543182983064], [76, 77, 0.6096074768608365], [77, 78, 0.6150538446420887], [78, 79, 0.6282899603648673]], "oriented": false, "discover": false, "dist": true, "mode": "map"}