{"pos": [[0, 0], [0, 1], [0, 2], [0, 3], [0, 4], [0, 5], [0, 6], [0, 7], [1, 0], [1, 1], [1, 2], [1, 3], [1, 4], [1, 5], [1, 6], [1, 7], [2, 0], [2, 1], [2, 2], [2, 3], [2, 4], [2, 5], [2, 6], [2, 7], [3, 0], [3, 1], [3, 2], [3, 3], [3, 4], [3, 5], [3, 6], [3, 7], [4, 0], [4, 1], [4, 2], [4, 3], [4, 4], [4, 5], [4, 6], [4, 7], [5, 0], [5, 1], [5, 2], [5, 3], [5, 4], [5, 5], [5, 6], [5, 7], [6, 0], [6, 1], [6, 2], [6, 3], [6, 4], [6, 5], [6, 6], [6, 7], [7, 0], [7, 1], [7, 2], [7, 3], [7, 4], [7, 5], [7, 6], [7, 7]], "edges": [[0, 1, 0.5620767662128068], [0, 8, 0.4520539013341527], [1, 2, 0.7326734551707043], [2, 3, 0.8366838946169399], [2, 10, 0.8116866635740281], [3, 4, 0.13156279238341928], [3, 11, 0.6906733852928831], [4, 5, 0.8693243987415615], [5, 6, 0.9770862258985475], [5, 13, 0.6390024165608156], [6, 7, 0.660363660448502], [6, 14, 0.6446274234731102], [8, 9, 0.7137420598796138], [8, 16, 0.9610727028080305], [9, 10, 0.007660342772544126], [9, 17, 0.9967187951438037], [10, 11, 0.19328023387615922], [11, 12, 0.6363236941441246], [11, 19, 0.9886164426015468], [12, 20, 0.684971026918645], [13, 21, 0.8556885931521748], [14, 22, 0.7894397039005023], [16, 17, 0.9505038047554775], [16, 24, 0.8380565597533873], [17, 18, 0.20441769503740126], [20, 21, 0.03019808394913337], [21, 29, 0.0665135249754425], [22, 23, 0.8223478051978067], [22, 30, 0.7673126755791939], [24, 25, 0.056692039336432076], [24, 32, 0.4922827841280877], [25, 26, 0.06330194178532422], [25, 33, 0.798817654234972], [26, 27, 0.5726129832371615], [27, 35, 0.21284486839448635], [28, 29, 0.727728977391768], [29, 30, 0.20050971979934262], [29, 37, 0.26970729716135533], [30, 31, 0.35905884168917146], [30, 38, 0.9005489800127224], [32, 33, 0.3765578839610382], [32, 40, 0.1335042442187846], [33, 34, 0.7030194252954899], [34, 35, 0.5382733296579331], [35, 43, 0.4971557966819765], [36, 37, 0.6359300400120745], [37, 38, 0.9319564903257844], [37, 45, 0.9414779927199852], [40, 41, 0.652910484253105], [40, 48, 0.6477439134486546], [41, 42, 0.6920228394490485], [41, 49, 0.5701896173692146], [42, 50, 0.3920266899279471], [43, 44, 0.40608367345955354], [44, 45, 0.7500495986431469], [44, 52, 0.42990847670663745], [45, 46, 0.8325537367786404], [45, 53, 0.07468893525566989], [46, 47, 0.7090835376860687], [46, 54, 0.7063132005553212], [48, 49, 0.046080822446012304], [48, 56, 0.763809519407586], [49, 50, 0.7648868334027075], [50, 51, 0.5975862232069512], [50, 58, 0.4293071853650784], [51, 59, 0.4782694725685078], [52, 53, 0.7804900765378343], [52, 60, 0.8742719429828761], [53, 61, 0.1888469738794165], [54, 55, 0.5388656241145703], [54, 62, 0.12205015752114667], [7, 15, 0.5408717881069867], [23, 31, 0.6445872889483724], [31, 39, 0.8317639440246756], [39, 47, 0.6163003956700666], [55, 63, 0.26454433352432805], [56, 57, 0.042891412261578665], [57, 58, 0.3077069815557014], [58, 59, 0.7984856408375776], [60, 61, 0.5957095564561439], [61, 62, 0.707755547089572]], "oriented": false, "discover": false, "dist": true, "mode": "map"}