{"pos": [[0, 0], [0, 1], [0, 2], [0, 3], [0, 4], [0, 5], [0, 6], [0, 7], [1, 0], [1, 1], [1, 2], [1, 3], [1, 4], [1, 5], [1, 6], [1, 7], [2, 0], [2, 1], [2, 2], [2, 3], [2, 4], [2, 5], [2, 6], [2, 7], [3, 0], [3, 1], [3, 2], [3, 3], [3, 4], [3, 5], [3, 6], [3, 7], [4, 0], [4, 1], [4, 2], [4, 3], [4, 4], [4, 5], [4, 6], [4, 7], [5, 0], [5, 1], [5, 2], [5, 3], [5, 4], [5, 5], [5, 6], [5, 7], [6, 0], [6, 1], [6, 2], [6, 3], [6, 4], [6, 5], [6, 6], [6, 7], [7, 0], [7, 1], [7, 2], [7, 3], [7, 4], [7, 5], [7, 6], [7, 7]], "edges": [[0, 1, 0.7924078379693054], [0, 8, 0.4308294552275198], [1, 9, 0.237943973445791], [2, 10, 0.9223257515171058], [3, 4, 0.011219688019734608], [3, 11, 0.3795752518122061], [4, 12, 0.731234847715682], [5, 6, 0.490476118853273], [5, 13, 0.005438808736789591], [6, 7, 0.6006744898266484], [8, 9, 0.8313517129390307], [8, 16, 0.7099703714633989], [9, 10, 0.8635331300956625], [9, 17, 0.6678877258383562], [10, 11, 0.604130611629155], [10, 18, 0.15543529752083196], [11, 12, 0.7052553403641026], [11, 19, 0.750203483442257], [12, 13, 0.9847701390453477], [13, 14, 0.5533901497341612], [14, 15, 0.8782677181212031], [14, 22, 0.40936207651640366], [16, 17, 0.8153834080001265], [16, 24, 0.9101655128855447], [17, 18, 0.08491430381304066], [17, 25, 0.4925418738754135], [18, 26, 0.6742681449649731], [19, 20, 0.32275543908408677], [19, 27, 0.9593689445944993], [20, 21, 0.11033357089021412], [20, 28, 0.9776789398736395], [22, 30, 0.7816171499591391], [25, 26, 0.6583229367958231], [25, 33, 0.486871850726483], [26, 27, 0.4892955489287897], [26, 34, 0.803224629817741], [27, 35, 0.7880380707242436], [28, 29, 0.4324344102513501], [28, 36, 0.44668260886434685], [29, 30, 0.8025147329462529], [29, 37, 0.9476833338859438], [30, 31, 0.06546651328032294], [30, 38, 0.46463377769365], [32, 33, 0.8610631484557831], [32, 40, 0.20656340185841882], [33, 41, 0.7526845476761029], [34, 42, 0.47936848754371275], [35, 43, 0.6458251023807761], [36, 37, 0.40982088386222737], [38, 39, 0.8368291660064602], [38, 46, 0.1562714921357654], [40, 48, 0.5001893507597955], [41, 42, 0.2861197127697853], [41, 49, 0.017997466945418372], [42, 43, 0.09888429643326324], [43, 44, 0.5324663500261826], [43, 51, 0.7447612251587816], [45, 46, 0.5773046878941397], [45, 53, 0.4591889155261658], [46, 54, 0.7890305587105768], [49, 57, 0.5801584222252592], [50, 51, 0.255593048295113], [50, 58, 0.9452783896032569], [51, 52, 0.9230298612675986], [51, 59, 0.4769636364695413], [52, 53, 0.7586652517158418], [52, 60, 0.6136527553526404], [53, 54, 0.4647798041237149], [53, 61, 0.3441477042560074], [54, 62, 0.743447859459008], [7, 15, 0.9974518937517612], [15, 23, 0.37776601776954577], [23, 31, 0.061352382773449565], [39, 47, 0.6375519546127879], [47, 55, 0.35888013454754364], [56, 57, 0.17625223663941092], [58, 59, 0.09994366667517707], [59, 60, 0.2550061092543172], [60, 61, 0.6742070855037979], [61, 62, 0.7623100389091879], [62, 63, 0.2558732098896649]], "oriented": false, "discover": false, "dist": true, "mode": "map"}