{"pos": [[0, 0], [0, 1], [0, 2], [0, 3], [0, 4], [0, 5], [0, 6], [0, 7], [0, 8], [1, 0], [1, 1], [1, 2], [1, 3], [1, 4], [1, 5], [1, 6], [1, 7], [1, 8], [2, 0], [2, 1], [2, 2], [2, 3], [2, 4], [2, 5], [2, 6], [2, 7], [2, 8], [3, 0], [3, 1], [3, 2], [3, 3], [3, 4], [3, 5], [3, 6], [3, 7], [3, 8], [4, 0], [4, 1], [4, 2], [4, 3], [4, 4], [4, 5], [4, 6], [4, 7], [4, 8], [5, 0], [5, 1], [5, 2], [5, 3], [5, 4], [5, 5], [5, 6], [5, 7], [5, 8], [6, 0], [6, 1], [6, 2], [6, 3], [6, 4], [6, 5], [6, 6], [6, 7], [6, 8], [7, 0], [7, 1], [7, 2], [7, 3], [7, 4], [7, 5], [7, 6], [7, 7], [7, 8], [8, 0], [8, 1], [8, 2], [8, 3], [8, 4], [8, 5], [8, 6], [8, 7], [8, 8]], "edges": [[0, 1, 0.09525595612403259], [1, 2, 0.41718929617849754], [1, 10, 0.8316436719448588], [2, 3, 0.6323874041565413], [2, 11, 0.3969357024738124], [3, 4, 0.8063304416332954], [3, 12, 0.21827127640421018], [4, 5, 0.23752665807208695], [4, 13, 0.4308480430034499], [5, 6, 0.1860589236595951], [5, 14, 0.653195322402276], [6, 7, 0.004327739337448122], [6, 15, 0.5065826720215899], [7, 8, 0.7983882886850108], [7, 16, 0.10719346013794562], [9, 10, 0.5518141612073874], [9, 18, 0.15730769737233918], [10, 11, 0.7887805490704188], [10, 19, 0.29391225882480376], [11, 12, 0.09169685027432972], [12, 21, 0.2618740919981364], [13, 22, 0.869810134017108], [14, 15, 0.6087346017580448], [14, 23, 0.24946103985149626], [16, 17, 0.030508161585491078], [16, 25, 0.853776115436665], [18, 27, 0.6579656495429163], [19, 28, 0.5448859731595186], [20, 21, 0.4024741632987946], [20, 29, 0.5387172062746957], [21, 22, 0.01747219564471514], [21, 30, 0.07456443802400137], [22, 23, 0.17522857425236837], [23, 24, 0.7408526221993332], [23, 32, 0.8450799057014003], [24, 25, 0.9602944926063589], [24, 33, 0.4754741116211978], [25, 26, 0.5605841542320656], [25, 34, 0.3924100383713668], [27, 36, 0.5405748231126022], [28, 29, 0.5968189515463709], [28, 37, 0.53659698853856], [29, 30, 0.19061454264397426], [29, 38, 0.1623976525935743], [30, 39, 0.4601253729324385], [31, 32, 0.5883317718019557], [31, 40, 0.13688912970612532], [32, 33, 0.11160716539430893], [32, 41, 0.725326723702575], [33, 34, 0.9771283766989362], [34, 43, 0.6766002361858158], [36, 37, 0.9177786213716507], [36, 45, 0.28556199768243207], [37, 46, 0.5568706028948607], [38, 47, 0.8144392137203047], [39, 40, 0.19151153538037302], [39, 48, 0.6596659429140801], [40, 41, 0.17165885121024527], [40, 49, 0.05153746615073629], [41, 42, 0.7805577584552524], [41, 50, 0.3222325029060178], [42, 51, 0.7011951830225958], [43, 44, 0.8608881118995058], [43, 52, 0.11480398786281698], [45, 46, 0.41421823821654524], [45, 54, 0.08177949750370839], [47, 48, 0.5691001541642252], [48, 57, 0.8423848338973473], [49, 50, 0.19655465133008554], [49, 58, 0.6039879333596897], [50, 51, 0.6650216520322234], [50, 59, 0.5129551217584509], [51, 52, 0.7054104836930666], [51, 60, 0.6586181829366194], [54, 55, 0.41309093193526414], [54, 63, 0.9681200363679606], [55, 64, 0.13232974860228786], [56, 57, 0.22300215894157183], [56, 65, 0.6913362821170043], [57, 66, 0.9214421176576013], [58, 67, 0.15676181156150937], [59, 60, 0.5004629385105103], [59, 68, 0.8729503719222784], [60, 69, 0.13066833929195687], [61, 62, 0.3276441612002352], [63, 72, 0.4656199575748917], [64, 73, 0.15910531155470486], [65, 74, 0.9861800463701922], [66, 75, 0.030320053304237815], [67, 68, 0.731015002361475], [68, 77, 0.10642612642731464], [69, 78, 0.48855900360315296], [70, 71, 0.4114175770010102], [26, 35, 0.7940958038660126], [35, 44, 0.2039961007179143], [44, 53, 0.0036363673626096382], [53, 62, 0.8801199649678246], [62, 71, 0.7889461869257205], [71, 80, 0.49938367935980743], [72, 73, 0.22070462743823716], [73, 74, 0.21869584373962314], [75, 76, 0.6345198993513131], [77, 78, 0.5534341170799061], [79, 80, 0.8266640576089044]], "oriented": false, "discover": false, "dist": true, "mode": "map"}