{"pos": [[0, 0], [0, 1], [0, 2], [0, 3], [0, 4], [0, 5], [0, 6], [0, 7], [0, 8], [1, 0], [1, 1], [1, 2], [1, 3], [1, 4], [1, 5], [1, 6], [1, 7], [1, 8], [2, 0], [2, 1], [2, 2], [2, 3], [2, 4], [2, 5], [2, 6], [2, 7], [2, 8], [3, 0], [3, 1], [3, 2], [3, 3], [3, 4], [3, 5], [3, 6], [3, 7], [3, 8], [4, 0], [4, 1], [4, 2], [4, 3], [4, 4], [4, 5], [4, 6], [4, 7], [4, 8], [5, 0], [5, 1], [5, 2], [5, 3], [5, 4], [5, 5], [5, 6], [5, 7], [5, 8], [6, 0], [6, 1], [6, 2], [6, 3], [6, 4], [6, 5], [6, 6], [6, 7], [6, 8], [7, 0], [7, 1], [7, 2], [7, 3], [7, 4], [7, 5], [7, 6], [7, 7], [7, 8], [8, 0], [8, 1], [8, 2], [8, 3], [8, 4], [8, 5], [8, 6], [8, 7], [8, 8]], "edges": [[0, 1, 0.12285113216448695], [0, 9, 0.19900722749536104], [1, 2, 0.6342263128751553], [1, 10, 0.12801740668183825], [2, 3, 0.7441822749291092], [2, 11, 0.20328125490697246], [3, 4, 0.7916112396082589], [3, 12, 0.505645005194068], [4, 5, 0.04742507987947853], [5, 6, 0.4306893253873739], [5, 14, 0.7756320193330274], [6, 7, 0.7247230203880899], [6, 15, 0.8261375400232798], [7, 8, 0.1130674636350043], [7, 16, 0.06892604402548697], [9, 18, 0.40403348230572067], [10, 11, 0.8622222394944783], [11, 12, 0.05361514873381923], [11, 20, 0.06292210653317154], [12, 13, 0.04743733290946894], [12, 21, 0.6958450246690482], [13, 14, 0.3272249846015337], [14, 15, 0.08446782247261408], [14, 23, 0.030038249131548178], [15, 16, 0.27138590257311956], [15, 24, 0.8350903131117889], [16, 17, 0.134605315810004], [16, 25, 0.5137626681804986], [18, 27, 0.9566378320023944], [19, 20, 0.5047517369472895], [20, 29, 0.11043223554901305], [21, 22, 0.6034652488408044], [21, 30, 0.8001005330125724], [22, 23, 0.3048408752654569], [22, 31, 0.07369427897580105], [23, 24, 0.9541252662839289], [23, 32, 0.2701781444058543], [24, 25, 0.9577831686645134], [24, 33, 0.06975296456712576], [25, 26, 0.7936015440485729], [25, 34, 0.1974635577119156], [27, 28, 0.5056140043508413], [27, 36, 0.10623792595651049], [28, 37, 0.04861779619876916], [30, 31, 0.5429013527235775], [30, 39, 0.5122872075316716], [31, 32, 0.7332275112396412], [31, 40, 0.38834626565572217], [32, 33, 0.6852288471749902], [33, 34, 0.5267930666851856], [33, 42, 0.13999275782900755], [34, 35, 0.08162430190876613], [34, 43, 0.08995717556367633], [36, 45, 0.22690591518869208], [37, 38, 0.6085720574860632], [37, 46, 0.41991953793241776], [39, 48, 0.10602907152078622], [40, 41, 0.510495402489328], [41, 42, 0.9780965611801045], [41, 50, 0.04720079813842315], [45, 54, 0.03491985414351295], [46, 55, 0.5080846477896258], [47, 48, 0.798144636645983], [47, 56, 0.5213556416035626], [48, 49, 0.11688377710130982], [48, 57, 0.5261301708220693], [49, 58, 0.8103433838705424], [50, 51, 0.5383192817394694], [50, 59, 0.8766025032343533], [51, 52, 0.3510929646853853], [51, 60, 0.2796648897933046], [52, 53, 0.15966894245101781], [54, 63, 0.9651773079674322], [55, 56, 0.5362298364069954], [55, 64, 0.4909102148001939], [56, 57, 0.8603282925260374], [57, 66, 0.834717813245352], [58, 67, 0.5146152850756917], [59, 60, 0.6038546880900991], [59, 68, 0.6474957806570028], [60, 61, 0.2087577312840253], [60, 69, 0.7814309085915025], [61, 62, 0.02328262204415321], [61, 70, 0.9714249395654622], [63, 72, 0.7952829677555684], [65, 66, 0.1699647914563085], [65, 74, 0.353990512914375], [66, 75, 0.0658195712228059], [67, 76, 0.24119834305325527], [68, 69, 0.5394521236626405], [68, 77, 0.3568452345534452], [69, 78, 0.07755325264643709], [70, 71, 0.44814685798264864], [70, 79, 0.9977678741723295], [26, 35, 0.8008632781654791], [35, 44, 0.20248793122496134], [44, 53, 0.41181345878693154], [62, 71, 0.8614589182572965], [71, 80, 0.8695565208487066], [72, 73, 0.7310444586572181], [73, 74, 0.9770513244361742], [76, 77, 0.2544795635568373], [77, 78, 0.7363389264847467], [79, 80, 0.3575309485245671]], "oriented": false, "discover": false, "dist": true, "mode": "map"}