{"pos": [[0, 0], [0, 1], [0, 2], [0, 3], [0, 4], [0, 5], [0, 6], [0, 7], [1, 0], [1, 1], [1, 2], [1, 3], [1, 4], [1, 5], [1, 6], [1, 7], [2, 0], [2, 1], [2, 2], [2, 3], [2, 4], [2, 5], [2, 6], [2, 7], [3, 0], [3, 1], [3, 2], [3, 3], [3, 4], [3, 5], [3, 6], [3, 7], [4, 0], [4, 1], [4, 2], [4, 3], [4, 4], [4, 5], [4, 6], [4, 7], [5, 0], [5, 1], [5, 2], [5, 3], [5, 4], [5, 5], [5, 6], [5, 7], [6, 0], [6, 1], [6, 2], [6, 3], [6, 4], [6, 5], [6, 6], [6, 7], [7, 0], [7, 1], [7, 2], [7, 3], [7, 4], [7, 5], [7, 6], [7, 7]], "edges": [[0, 1, 0.7372143728199454], [0, 8, 0.0975663051082083], [1, 2, 0.057539924309451096], [2, 3, 0.7449628727943846], [3, 4, 0.6059094666411138], [3, 11, 0.9706899617867621], [4, 5, 0.016662905559481356], [4, 12, 0.7051465119425162], [5, 6, 0.3012409964474373], [5, 13, 0.3363593495020851], [6, 7, 0.7384756628839674], [6, 14, 0.4859596403823804], [8, 9, 0.42912627618190824], [8, 16, 0.5889164322572091], [9, 10, 0.6716737055642126], [9, 17, 0.992264486325456], [10, 11, 0.5959486738617985], [10, 18, 0.9925777615095653], [11, 12, 0.8054830556427667], [12, 13, 0.8889166708362546], [13, 14, 0.750722878655611], [13, 21, 0.3152617396598777], [14, 15, 0.04718132548999909], [16, 17, 0.26905799133132624], [16, 24, 0.7537101890617562], [17, 25, 0.975933277919266], [18, 19, 0.48372461350659324], [18, 26, 0.14917192869273743], [19, 20, 0.09460237042308095], [21, 22, 0.02549784874333494], [21, 29, 0.703682156936707], [22, 23, 0.5771463564960558], [22, 30, 0.22099529733602674], [24, 25, 0.38490256880049045], [24, 32, 0.586463859695917], [25, 26, 0.13925492234626735], [25, 33, 0.48166479719565447], [26, 27, 0.311660788494323], [26, 34, 0.635562103591805], [27, 28, 0.06959062861089449], [28, 36, 0.08384072042714985], [29, 37, 0.9467839771129649], [30, 38, 0.5016318632797376], [32, 40, 0.24965525488627305], [33, 41, 0.06490903230759171], [35, 36, 0.8706585678972613], [35, 43, 0.09632811775948225], [36, 37, 0.3300282989774672], [36, 44, 0.7629087540544308], [37, 38, 0.051939373859808624], [37, 45, 0.33351184139934886], [38, 39, 0.6460713304215151], [38, 46, 0.019114687935971597], [40, 48, 0.8205790594301606], [41, 42, 0.3121616162919706], [42, 43, 0.4003611329731971], [43, 51, 0.5517772200959405], [44, 45, 0.8183171504456428], [45, 46, 0.294075403681307], [45, 53, 0.14992867105324192], [46, 47, 0.8133980916279021], [48, 49, 0.9772787238481292], [48, 56, 0.3666822566822432], [49, 50, 0.8000635183891318], [49, 57, 0.17801640478582204], [50, 51, 0.8122358412733509], [51, 52, 0.7056689645657848], [52, 53, 0.918972913376136], [52, 60, 0.901677636679198], [53, 54, 0.41915129477792146], [53, 61, 0.8395168532157883], [54, 55, 0.2991280413581747], [23, 31, 0.6719719715132325], [31, 39, 0.386150858629581], [39, 47, 0.7368713271710199], [55, 63, 0.7845495650442377], [56, 57, 0.0064917577748454525], [57, 58, 0.765622966574198], [59, 60, 0.9610095176981494], [61, 62, 0.5068904045398687], [62, 63, 0.4390692241003451]], "oriented": false, "discover": false, "dist": true, "mode": "map"}