{"pos": [[0, 0], [0, 1], [0, 2], [0, 3], [0, 4], [0, 5], [0, 6], [0, 7], [1, 0], [1, 1], [1, 2], [1, 3], [1, 4], [1, 5], [1, 6], [1, 7], [2, 0], [2, 1], [2, 2], [2, 3], [2, 4], [2, 5], [2, 6], [2, 7], [3, 0], [3, 1], [3, 2], [3, 3], [3, 4], [3, 5], [3, 6], [3, 7], [4, 0], [4, 1], [4, 2], [4, 3], [4, 4], [4, 5], [4, 6], [4, 7], [5, 0], [5, 1], [5, 2], [5, 3], [5, 4], [5, 5], [5, 6], [5, 7], [6, 0], [6, 1], [6, 2], [6, 3], [6, 4], [6, 5], [6, 6], [6, 7], [7, 0], [7, 1], [7, 2], [7, 3], [7, 4], [7, 5], [7, 6], [7, 7]], "edges": [[0, 1, 0.687172962781312], [0, 8, 0.8015153359847076], [1, 2, 0.1265452124257307], [1, 9, 0.8044374843971697], [2, 3, 0.40634237491520686], [3, 4, 0.6954909614311812], [3, 11, 0.2826511370020959], [4, 5, 0.00841388199963733], [5, 6, 0.174479144142059], [5, 13, 0.5643143760068556], [6, 7, 0.9229017401242194], [6, 14, 0.07914178400883431], [9, 10, 0.4608039502499949], [9, 17, 0.308456514100523], [11, 12, 0.10184821348671758], [12, 20, 0.5382749934858271], [13, 21, 0.05352853681371028], [14, 22, 0.09984801352565986], [16, 17, 0.3990857832176754], [17, 18, 0.9026737609997635], [17, 25, 0.6588092630165866], [18, 19, 0.27577311243715064], [18, 26, 0.3501824846089937], [19, 20, 0.17397811463729096], [19, 27, 0.15973706453388448], [20, 21, 0.5555929537209471], [20, 28, 0.9796755691167891], [21, 29, 0.8218323609480028], [22, 23, 0.8184854167472567], [22, 30, 0.25400228276542147], [24, 25, 0.11853504750027577], [24, 32, 0.3852823615847544], [25, 26, 0.996652163551137], [25, 33, 0.9054280670609098], [26, 34, 0.004165709992629663], [27, 28, 0.7192222706811549], [27, 35, 0.1331840198877996], [28, 29, 0.8787517214992545], [30, 38, 0.514188669809593], [32, 40, 0.26922575107461955], [33, 34, 0.8039831315227385], [33, 41, 0.6293663709813162], [35, 36, 0.16338915375503993], [35, 43, 0.9392164493635518], [37, 38, 0.32505809182514356], [37, 45, 0.06662591829556674], [38, 46, 0.6434462404138482], [40, 41, 0.5051219412567391], [40, 48, 0.2954156713605399], [41, 42, 0.34157968921621706], [41, 49, 0.5822192189941388], [42, 43, 0.6309413669928231], [42, 50, 0.8555494744981263], [43, 44, 0.7090814243077544], [43, 51, 0.010019213465677912], [44, 45, 0.712841012383202], [44, 52, 0.6126033771217062], [45, 46, 0.18095181631120272], [46, 47, 0.6410184773778747], [46, 54, 0.9912185411282082], [48, 49, 0.8540808969136368], [48, 56, 0.2260200961727431], [49, 57, 0.2605620332459492], [50, 51, 0.4932423372135264], [50, 58, 0.31667189126985507], [51, 59, 0.0576229473002039], [52, 53, 0.11667284827194069], [52, 60, 0.8393865823319712], [53, 54, 0.5277026157666138], [54, 55, 0.45403204815153175], [54, 62, 0.5488317323926993], [7, 15, 0.680591048546988], [23, 31, 0.782803284343155], [31, 39, 0.3030873394862379], [47, 55, 0.577310119089316], [55, 63, 0.10675374354931388], [57, 58, 0.6410784516655076], [58, 59, 0.08560981173949778], [60, 61, 0.04888658587270922], [61, 62, 0.9150508580998706], [62, 63, 0.1318525887209956]], "oriented": false, "discover": false, "dist": true, "mode": "map"}