{"pos": [[0, 0], [0, 1], [0, 2], [0, 3], [0, 4], [0, 5], [0, 6], [0, 7], [0, 8], [1, 0], [1, 1], [1, 2], [1, 3], [1, 4], [1, 5], [1, 6], [1, 7], [1, 8], [2, 0], [2, 1], [2, 2], [2, 3], [2, 4], [2, 5], [2, 6], [2, 7], [2, 8], [3, 0], [3, 1], [3, 2], [3, 3], [3, 4], [3, 5], [3, 6], [3, 7], [3, 8], [4, 0], [4, 1], [4, 2], [4, 3], [4, 4], [4, 5], [4, 6], [4, 7], [4, 8], [5, 0], [5, 1], [5, 2], [5, 3], [5, 4], [5, 5], [5, 6], [5, 7], [5, 8], [6, 0], [6, 1], [6, 2], [6, 3], [6, 4], [6, 5], [6, 6], [6, 7], [6, 8], [7, 0], [7, 1], [7, 2], [7, 3], [7, 4], [7, 5], [7, 6], [7, 7], [7, 8], [8, 0], [8, 1], [8, 2], [8, 3], [8, 4], [8, 5], [8, 6], [8, 7], [8, 8]], "edges": [[0, 1, 0.2963758426922142], [0, 9, 0.42367438019643155], [1, 2, 0.9957344518989529], [1, 10, 0.17700262317410098], [2, 3, 0.16939292719135457], [2, 11, 0.9202759498760797], [3, 4, 0.25461053280978296], [3, 12, 0.1847238618603343], [4, 5, 0.1634870325208604], [5, 6, 0.6651700301711951], [5, 14, 0.531320371306737], [6, 7, 0.45423643170620276], [6, 15, 0.5452447330638467], [7, 8, 0.43395495379039917], [7, 16, 0.817365479604521], [9, 10, 0.4292584344368576], [10, 19, 0.1250947702451527], [11, 12, 0.5283433905216293], [12, 13, 0.3892202729631379], [12, 21, 0.32458343705422454], [13, 14, 0.8328265556360089], [13, 22, 0.11563250899800193], [14, 15, 0.49395571400050375], [14, 23, 0.565951904646589], [15, 24, 0.23879951960012658], [16, 17, 0.8627748100333789], [16, 25, 0.16903319571044395], [18, 19, 0.9156942551529896], [18, 27, 0.8922298170746055], [19, 20, 0.8549763260869516], [19, 28, 0.7214289004101517], [20, 29, 0.8442130367879367], [21, 22, 0.3738363421482871], [21, 30, 0.7939603513900163], [22, 23, 0.42212819912384203], [22, 31, 0.749787420777932], [23, 24, 0.08262552976517556], [23, 32, 0.30019292848257817], [24, 25, 0.3144560983731943], [24, 33, 0.12689509762887885], [25, 26, 0.5852212394198831], [27, 28, 0.8733120956788354], [27, 36, 0.12346345516599344], [28, 37, 0.8260011347807876], [29, 30, 0.7155170220843255], [29, 38, 0.15459561435411995], [31, 40, 0.3491258478289425], [32, 33, 0.06278466939381988], [33, 34, 0.4607211307478344], [33, 42, 0.1375252101192651], [34, 35, 0.2773639899183641], [37, 38, 0.662878505830628], [37, 46, 0.1452455572949456], [38, 39, 0.9489226004866463], [39, 40, 0.29149896636955386], [40, 41, 0.2384635615181483], [40, 49, 0.9054464698772363], [41, 42, 0.4333451972117204], [41, 50, 0.07575261620631035], [42, 43, 0.892544688552526], [42, 51, 0.7813107161986301], [45, 46, 0.7866872380397686], [45, 54, 0.8333433204390824], [46, 47, 0.9283645196801728], [46, 55, 0.17854434013410891], [47, 48, 0.990265941741472], [47, 56, 0.6735397688037934], [48, 57, 0.9640386929121436], [49, 50, 0.2130895826652376], [49, 58, 0.9172169385402952], [50, 51, 0.3276571486130154], [50, 59, 0.7163912157440603], [51, 52, 0.8604936312057159], [54, 63, 0.3586588595779565], [55, 64, 0.056858877036399136], [56, 57, 0.3086593875192175], [56, 65, 0.6375984227194235], [57, 66, 0.632187532963085], [58, 59, 0.7655452426739393], [59, 60, 0.3239147778113305], [59, 68, 0.24501117377548898], [60, 61, 0.7896295373512959], [60, 69, 0.6730684306532395], [61, 62, 0.11912199077691354], [63, 72, 0.24074825771096175], [64, 73, 0.4874774772290086], [65, 66, 0.015186418449315342], [66, 67, 0.0219561821712978], [66, 75, 0.619218097610712], [67, 76, 0.43020583461196094], [68, 69, 0.04391885393339856], [69, 70, 0.6634537813437491], [69, 78, 0.5931711182998929], [8, 17, 0.5442839315725561], [17, 26, 0.2771836786916959], [35, 44, 0.3234216556782934], [44, 53, 0.15500749544642423], [53, 62, 0.8612009107525752], [62, 71, 0.22937350411006097], [73, 74, 0.4057515415901032], [74, 75, 0.4685471003863121], [76, 77, 0.8220970157225319], [78, 79, 0.6531786650098235], [79, 80, 0.4034855376029962]], "oriented": false, "discover": false, "dist": true, "mode": "map"}