{"pos": [[0, 0], [0, 1], [0, 2], [0, 3], [0, 4], [0, 5], [0, 6], [0, 7], [1, 0], [1, 1], [1, 2], [1, 3], [1, 4], [1, 5], [1, 6], [1, 7], [2, 0], [2, 1], [2, 2], [2, 3], [2, 4], [2, 5], [2, 6], [2, 7], [3, 0], [3, 1], [3, 2], [3, 3], [3, 4], [3, 5], [3, 6], [3, 7], [4, 0], [4, 1], [4, 2], [4, 3], [4, 4], [4, 5], [4, 6], [4, 7], [5, 0], [5, 1], [5, 2], [5, 3], [5, 4], [5, 5], [5, 6], [5, 7], [6, 0], [6, 1], [6, 2], [6, 3], [6, 4], [6, 5], [6, 6], [6, 7], [7, 0], [7, 1], [7, 2], [7, 3], [7, 4], [7, 5], [7, 6], [7, 7]], "edges": [[0, 1, 0.20477195979361074], [0, 8, 0.05096940338264566], [1, 2, 0.16829827227499283], [2, 3, 0.37086272740044135], [2, 10, 0.3910760098624556], [3, 4, 0.37416251139379286], [4, 5, 0.5702398522356228], [4, 12, 0.9144697814151206], [5, 6, 0.6235020790719145], [5, 13, 0.3496309459570076], [6, 7, 0.8567257876540689], [6, 14, 0.19692519601759828], [8, 9, 0.4064461032206472], [8, 16, 0.29605494667638743], [9, 10, 0.024166355460861877], [9, 17, 0.003072767787221542], [10, 11, 0.32151801416167236], [11, 12, 0.06823308886766688], [12, 13, 0.48606980536088096], [12, 20, 0.9122634795330903], [13, 14, 0.7493549348795232], [14, 15, 0.19852676226920318], [14, 22, 0.8377784041412428], [16, 17, 0.42395434851867064], [16, 24, 0.6960638155473529], [17, 18, 0.12346661228686939], [17, 25, 0.9220022312262462], [18, 19, 0.4448045632735912], [19, 27, 0.6427229592871214], [20, 21, 0.08406664186140189], [20, 28, 0.1196533206513396], [21, 29, 0.45490858423936187], [22, 30, 0.6992597749463941], [24, 25, 0.2504802280170173], [24, 32, 0.405889092308766], [25, 26, 0.908751554374625], [25, 33, 0.7835298317251174], [26, 27, 0.5193540506469448], [26, 34, 0.19436665667352981], [27, 35, 0.6177005066458627], [28, 36, 0.18114834399263047], [29, 30, 0.9776704158243326], [29, 37, 0.2352034901935114], [30, 31, 0.057763414571243454], [32, 40, 0.3266460450765106], [33, 41, 0.6689525167510135], [34, 35, 0.5950367004112322], [34, 42, 0.439456885313233], [35, 36, 0.18428220269623008], [35, 43, 0.5601161704304136], [36, 37, 0.0879665524809724], [37, 38, 0.7827239985479092], [37, 45, 0.192290738811829], [38, 46, 0.7475903336613741], [40, 41, 0.905035903389871], [40, 48, 0.5957021602309137], [41, 49, 0.4286879172304222], [42, 50, 0.757813915877136], [43, 44, 0.11598202537679059], [43, 51, 0.46863955285340964], [45, 53, 0.2128704089530199], [48, 49, 0.21950128224195498], [48, 56, 0.19037362906882238], [50, 51, 0.5502222440069426], [51, 52, 0.41435245011558175], [51, 59, 0.09978914246522841], [53, 54, 0.19589128103310693], [53, 61, 0.9732443913700196], [54, 62, 0.14836902474825397], [7, 15, 0.7616239540211055], [15, 23, 0.5593346450830349], [23, 31, 0.8661515941073065], [31, 39, 0.21988087204161577], [39, 47, 0.8482451108017188], [47, 55, 0.6413379818134631], [55, 63, 0.5900630856085574], [56, 57, 0.6966964631457767], [57, 58, 0.7018993664254136], [59, 60, 0.12954190099483687], [61, 62, 0.3918399940941938], [62, 63, 0.6906495710679309]], "oriented": false, "discover": false, "dist": true, "mode": "map"}