{"pos": [[0, 0], [0, 1], [0, 2], [0, 3], [0, 4], [0, 5], [0, 6], [0, 7], [1, 0], [1, 1], [1, 2], [1, 3], [1, 4], [1, 5], [1, 6], [1, 7], [2, 0], [2, 1], [2, 2], [2, 3], [2, 4], [2, 5], [2, 6], [2, 7], [3, 0], [3, 1], [3, 2], [3, 3], [3, 4], [3, 5], [3, 6], [3, 7], [4, 0], [4, 1], [4, 2], [4, 3], [4, 4], [4, 5], [4, 6], [4, 7], [5, 0], [5, 1], [5, 2], [5, 3], [5, 4], [5, 5], [5, 6], [5, 7], [6, 0], [6, 1], [6, 2], [6, 3], [6, 4], [6, 5], [6, 6], [6, 7], [7, 0], [7, 1], [7, 2], [7, 3], [7, 4], [7, 5], [7, 6], [7, 7]], "edges": [[0, 1, 0.9462737812086177], [0, 8, 0.9163799298350374], [2, 3, 0.706116144125023], [2, 10, 0.3407040035464989], [3, 4, 0.6252430553483725], [3, 11, 0.20664965255189027], [4, 5, 0.8845104727267207], [4, 12, 0.31085054230372955], [5, 6, 0.9117241631267403], [6, 7, 0.7291098323764703], [6, 14, 0.03590777811055523], [8, 9, 0.7782380592328482], [8, 16, 0.6883422358743738], [9, 10, 0.5471251415631463], [9, 17, 0.49443125227103557], [10, 11, 0.4231334689793892], [11, 12, 0.4751623814700706], [11, 19, 0.9348509005239459], [12, 13, 0.9193434132126487], [12, 20, 0.3641682342811501], [14, 22, 0.7817897069009714], [16, 24, 0.472667092303549], [17, 18, 0.9865866829983225], [17, 25, 0.9715621387892336], [18, 19, 0.6654766211543949], [19, 20, 0.25390560017896247], [20, 21, 0.7788642657061193], [20, 28, 0.6636404918636812], [21, 22, 0.38103442779692254], [21, 29, 0.554182389236145], [22, 23, 0.13203895153600953], [24, 32, 0.4773467817124173], [25, 26, 0.5439198294113855], [25, 33, 0.15684811712584457], [26, 27, 0.19852271859392379], [26, 34, 0.7317112128648436], [27, 35, 0.2950186500550108], [28, 36, 0.5048219412585538], [29, 30, 0.8419996475574316], [30, 31, 0.2203561304759164], [30, 38, 0.7490864355616166], [32, 40, 0.5258019533448843], [33, 34, 0.1959780708607861], [34, 42, 0.05349890544642533], [35, 36, 0.7122719305523448], [36, 37, 0.4717100155673185], [37, 38, 0.11704463281099386], [38, 39, 0.6700725227508106], [40, 41, 0.9807894423671872], [40, 48, 0.17448769629313987], [41, 42, 0.5958662864968325], [41, 49, 0.49073273460269196], [42, 43, 0.5048408903339096], [42, 50, 0.3869612914125531], [43, 44, 0.9827427568692702], [44, 45, 0.38277698172738717], [44, 52, 0.7436633983574747], [45, 46, 0.4095945454320564], [46, 47, 0.5722805349586535], [46, 54, 0.6410063710038296], [48, 56, 0.44017242455152117], [49, 57, 0.7619397792722556], [50, 51, 0.9346063328301033], [50, 58, 0.33464491347480196], [51, 52, 0.26555766957879223], [51, 59, 0.8612966544739685], [52, 53, 0.24234337593639443], [53, 61, 0.5706631168606696], [54, 55, 0.6625032117495961], [7, 15, 0.9600879041848978], [15, 23, 0.6606238379970164], [23, 31, 0.13063310041344578], [31, 39, 0.9258023247013842], [39, 47, 0.6102938909554187], [47, 55, 0.315625528961171], [55, 63, 0.474308633358295], [56, 57, 0.23800661213079866], [59, 60, 0.21588743098905094], [60, 61, 0.3360215091223019], [61, 62, 0.7467378178434313], [62, 63, 0.957255877376387]], "oriented": false, "discover": false, "dist": true, "mode": "map"}