{"pos": [[0, 0], [0, 1], [0, 2], [0, 3], [0, 4], [0, 5], [0, 6], [0, 7], [0, 8], [1, 0], [1, 1], [1, 2], [1, 3], [1, 4], [1, 5], [1, 6], [1, 7], [1, 8], [2, 0], [2, 1], [2, 2], [2, 3], [2, 4], [2, 5], [2, 6], [2, 7], [2, 8], [3, 0], [3, 1], [3, 2], [3, 3], [3, 4], [3, 5], [3, 6], [3, 7], [3, 8], [4, 0], [4, 1], [4, 2], [4, 3], [4, 4], [4, 5], [4, 6], [4, 7], [4, 8], [5, 0], [5, 1], [5, 2], [5, 3], [5, 4], [5, 5], [5, 6], [5, 7], [5, 8], [6, 0], [6, 1], [6, 2], [6, 3], [6, 4], [6, 5], [6, 6], [6, 7], [6, 8], [7, 0], [7, 1], [7, 2], [7, 3], [7, 4], [7, 5], [7, 6], [7, 7], [7, 8], [8, 0], [8, 1], [8, 2], [8, 3], [8, 4], [8, 5], [8, 6], [8, 7], [8, 8]], "edges": [[0, 1, 0.02604804935870464], [0, 9, 0.7815821070524871], [1, 2, 0.9819669894657792], [1, 10, 0.2694005672931855], [2, 3, 0.25231395029424797], [2, 11, 0.4321418507735736], [3, 4, 0.219983134633845], [3, 12, 0.9755419146266561], [4, 5, 0.06223414315535891], [5, 6, 0.18952661229867218], [5, 14, 0.9390385642521463], [6, 7, 0.102939178282899], [6, 15, 0.5013198470256212], [7, 8, 0.8283328457975944], [7, 16, 0.9704144408575558], [9, 10, 0.17074255499532487], [9, 18, 0.1872508909535383], [10, 11, 0.9639902037194766], [10, 19, 0.12469315229283673], [11, 12, 0.6601645047223883], [11, 20, 0.016852903322497448], [12, 13, 0.2504075731621903], [12, 21, 0.4200498314399719], [14, 23, 0.39812789092636913], [15, 16, 0.2532732910906157], [15, 24, 0.8701648992919345], [16, 25, 0.34979830649564314], [18, 27, 0.40832864165528837], [19, 28, 0.6475565198371925], [20, 21, 0.4222187580324499], [20, 29, 0.4830644767384922], [21, 22, 0.4660525375417963], [22, 31, 0.18348303228359186], [23, 24, 0.14873259254028626], [23, 32, 0.7904423347103972], [24, 25, 0.19926912155177634], [24, 33, 0.2659429719404136], [25, 26, 0.5147431774909389], [25, 34, 0.8947027854789333], [27, 28, 0.6905953878780573], [27, 36, 0.11541636745649697], [28, 29, 0.6626999327536944], [28, 37, 0.43950674351109653], [29, 30, 0.16614173897538442], [29, 38, 0.12003679502505993], [30, 31, 0.48611319821452437], [30, 39, 0.7753795347029866], [32, 33, 0.28822464391357405], [33, 34, 0.9159195760763871], [33, 42, 0.334935473864994], [34, 35, 0.20898532837200134], [34, 43, 0.34026121695610556], [37, 46, 0.20378912462477694], [39, 40, 0.1365694621029775], [39, 48, 0.4765067915013528], [40, 41, 0.2623900001534071], [40, 49, 0.6067182525143672], [41, 50, 0.585433772626752], [42, 51, 0.5751796711993441], [43, 44, 0.833784088286012], [45, 46, 0.6930805518954044], [46, 47, 0.025045370631617492], [46, 55, 0.5337737734510319], [47, 48, 0.8559698902452758], [47, 56, 0.5150350357873548], [48, 57, 0.2810778614675191], [49, 50, 0.41633853254261877], [50, 51, 0.26459735701849774], [51, 52, 0.43942008566707313], [51, 60, 0.43006341335550624], [52, 53, 0.8587305626173029], [54, 55, 0.0057977752312069475], [55, 56, 0.24122921294626198], [55, 64, 0.41822023630287897], [56, 57, 0.8795305234201783], [56, 65, 0.8580249330085966], [57, 58, 0.5962704306817438], [57, 66, 0.6055426750574909], [58, 59, 0.4135125777655845], [59, 68, 0.44042160697928356], [60, 61, 0.03255579036977385], [60, 69, 0.6213516325411345], [63, 64, 0.5285680979175307], [63, 72, 0.13295057526202136], [64, 65, 0.7830706001758173], [64, 73, 0.7811047204310442], [65, 74, 0.011476286342210762], [66, 67, 0.09129133143687351], [66, 75, 0.19060898991182706], [67, 68, 0.6992797232854594], [67, 76, 0.5253802782510796], [68, 69, 0.19451781997058126], [68, 77, 0.5898682982882846], [69, 70, 0.23457667918666325], [69, 78, 0.4770856261781756], [70, 71, 0.35082587328889636], [70, 79, 0.8798954104807616], [8, 17, 0.3277017935407366], [17, 26, 0.7126775757725943], [26, 35, 0.9744715242136485], [53, 62, 0.05584188070746432], [71, 80, 0.6578256266265078], [74, 75, 0.41493878022704633], [77, 78, 0.15156754405710227]], "oriented": false, "discover": false, "dist": true, "mode": "map"}