{"pos": [[0, 0], [0, 1], [0, 2], [0, 3], [0, 4], [0, 5], [0, 6], [0, 7], [0, 8], [1, 0], [1, 1], [1, 2], [1, 3], [1, 4], [1, 5], [1, 6], [1, 7], [1, 8], [2, 0], [2, 1], [2, 2], [2, 3], [2, 4], [2, 5], [2, 6], [2, 7], [2, 8], [3, 0], [3, 1], [3, 2], [3, 3], [3, 4], [3, 5], [3, 6], [3, 7], [3, 8], [4, 0], [4, 1], [4, 2], [4, 3], [4, 4], [4, 5], [4, 6], [4, 7], [4, 8], [5, 0], [5, 1], [5, 2], [5, 3], [5, 4], [5, 5], [5, 6], [5, 7], [5, 8], [6, 0], [6, 1], [6, 2], [6, 3], [6, 4], [6, 5], [6, 6], [6, 7], [6, 8], [7, 0], [7, 1], [7, 2], [7, 3], [7, 4], [7, 5], [7, 6], [7, 7], [7, 8], [8, 0], [8, 1], [8, 2], [8, 3], [8, 4], [8, 5], [8, 6], [8, 7], [8, 8]], "edges": [[0, 9, 0.16223082329864746], [1, 10, 0.11230863606044506], [2, 3, 0.7323051491465404], [2, 11, 0.037754391341005555], [3, 4, 0.21448161646632846], [3, 12, 0.2520441921098293], [5, 6, 0.9407031643350907], [5, 14, 0.7034122524946588], [6, 7, 0.13633409880735714], [6, 15, 0.11966770137982596], [7, 8, 0.4101948098446876], [7, 16, 0.6784091066989685], [9, 10, 0.4981027038383906], [9, 18, 0.47494161586887884], [10, 11, 0.178293465251386], [10, 19, 0.738297459942357], [11, 12, 0.46940455491746313], [11, 20, 0.554423492837612], [12, 13, 0.48499808870208083], [12, 21, 0.46462903903152186], [13, 14, 0.222607965425475], [14, 15, 0.020966327800361673], [15, 16, 0.8537602092911181], [15, 24, 0.5471547375512146], [16, 17, 0.9563647634583113], [16, 25, 0.5625089813234398], [18, 27, 0.04603027681994876], [19, 20, 0.7958904216351395], [19, 28, 0.7758690697847772], [21, 22, 0.8027868983978648], [21, 30, 0.5860178027212825], [22, 23, 0.9555930128766629], [22, 31, 0.7281273316422656], [23, 32, 0.3326063399587399], [25, 34, 0.9622066110140344], [27, 36, 0.8116351987878246], [28, 37, 0.2025892320234688], [29, 38, 0.5895904802177744], [30, 39, 0.34968733628099957], [31, 32, 0.3381501435058961], [32, 33, 0.40803004946806953], [34, 35, 0.04336085065601991], [34, 43, 0.3985447985692875], [36, 45, 0.9890088401492093], [37, 38, 0.4035519292176841], [37, 46, 0.7778917025186639], [38, 47, 0.6492659205221857], [39, 40, 0.6791162732764916], [39, 48, 0.9142668880068966], [40, 41, 0.7082265477892167], [40, 49, 0.9597706092764572], [41, 42, 0.94463971115637], [41, 50, 0.9117835446664434], [42, 51, 0.12220819142806227], [43, 44, 0.1065543231713062], [43, 52, 0.344317928895183], [45, 46, 0.5885474922208964], [45, 54, 0.9845416712957263], [46, 55, 0.08751707278351151], [47, 48, 0.37587276426266647], [48, 49, 0.4973231257468933], [48, 57, 0.377902799559252], [49, 50, 0.19387724971327291], [50, 51, 0.2396082540002784], [50, 59, 0.6303200770454702], [51, 52, 0.6782520815063544], [52, 53, 0.12979287576680199], [52, 61, 0.3210467484897488], [54, 63, 0.5089690443829352], [55, 56, 0.7617160793974076], [55, 64, 0.5345516374247069], [56, 57, 0.016579600836670427], [56, 65, 0.23894696274233862], [57, 58, 0.8209146077251961], [57, 66, 0.8562483133143333], [58, 59, 0.6895349681192988], [58, 67, 0.25053162979984367], [59, 60, 0.48188446315546785], [60, 69, 0.9885949563435568], [61, 62, 0.4884658122200246], [61, 70, 0.4924032544023881], [63, 64, 0.6254912435296641], [64, 65, 0.33052333661386646], [64, 73, 0.9032381842922652], [65, 66, 0.644638271419184], [65, 74, 0.5694682657972504], [66, 75, 0.5014192566965814], [67, 68, 0.5006081719692416], [67, 76, 0.6600813632689546], [68, 69, 0.8916445639043407], [68, 77, 0.06727565201661001], [69, 78, 0.6632155267883174], [70, 71, 0.366181248435945], [70, 79, 0.27311867518017463], [8, 17, 0.6275733636543526], [17, 26, 0.1915626264261432], [53, 62, 0.2434358280427884], [62, 71, 0.8589892706911195], [72, 73, 0.5508096969022553], [73, 74, 0.9412678622705594], [76, 77, 0.6564816567594152], [77, 78, 0.22130509419014865], [78, 79, 0.9136285616358836], [79, 80, 0.7395118218162294]], "oriented": false, "discover": false, "dist": true, "mode": "map"}