{"pos": [[0, 0], [0, 1], [0, 2], [0, 3], [0, 4], [0, 5], [0, 6], [0, 7], [1, 0], [1, 1], [1, 2], [1, 3], [1, 4], [1, 5], [1, 6], [1, 7], [2, 0], [2, 1], [2, 2], [2, 3], [2, 4], [2, 5], [2, 6], [2, 7], [3, 0], [3, 1], [3, 2], [3, 3], [3, 4], [3, 5], [3, 6], [3, 7], [4, 0], [4, 1], [4, 2], [4, 3], [4, 4], [4, 5], [4, 6], [4, 7], [5, 0], [5, 1], [5, 2], [5, 3], [5, 4], [5, 5], [5, 6], [5, 7], [6, 0], [6, 1], [6, 2], [6, 3], [6, 4], [6, 5], [6, 6], [6, 7], [7, 0], [7, 1], [7, 2], [7, 3], [7, 4], [7, 5], [7, 6], [7, 7]], "edges": [[0, 1, 0.5329579477991658], [0, 8, 0.20233002782345977], [1, 2, 0.04204447180724902], [1, 9, 0.45856065260458445], [2, 3, 0.21703307509322578], [2, 10, 0.7528024406782537], [3, 4, 0.02886606647356682], [3, 11, 0.5912185810834131], [4, 5, 0.9326123430752291], [4, 12, 0.20059131666962493], [5, 6, 0.8706988814969262], [6, 7, 0.49224383726741017], [6, 14, 0.7597363688142011], [8, 16, 0.7133905407742515], [9, 17, 0.47403743996127234], [10, 18, 0.07907867949636016], [11, 12, 0.043266884534878036], [12, 20, 0.4729954184992412], [13, 14, 0.901499507593608], [16, 17, 0.3860865725083824], [16, 24, 0.053971417022521284], [17, 25, 0.04701219102437182], [18, 19, 0.13860185163326244], [19, 20, 0.535173078660946], [20, 21, 0.5334443760160498], [20, 28, 0.7238925302189265], [21, 22, 0.5969893714986904], [22, 23, 0.13573978174916068], [22, 30, 0.10986315717188888], [24, 25, 0.42878271421140335], [24, 32, 0.8145712025089942], [25, 26, 0.6148881710421167], [25, 33, 0.5844430182449273], [26, 27, 0.16495247606148], [26, 34, 0.8627066003663731], [27, 28, 0.7864601600428105], [27, 35, 0.9827037943787723], [28, 29, 0.2554307691256563], [28, 36, 0.9340795328593096], [29, 30, 0.7767852550158567], [29, 37, 0.5921934855588721], [30, 31, 0.00815869787108614], [30, 38, 0.24269171003502543], [32, 40, 0.17471702336425354], [34, 35, 0.938351940246905], [35, 36, 0.6866285214485228], [35, 43, 0.15893184435169805], [36, 37, 0.887555499321053], [36, 44, 0.9938789214099345], [37, 38, 0.2872170799614001], [37, 45, 0.3689158228301538], [38, 39, 0.3508516632206655], [38, 46, 0.1423008401610607], [40, 41, 0.5306861536157851], [40, 48, 0.6837473302453434], [42, 43, 0.9777505415112021], [42, 50, 0.7021184534162149], [43, 44, 0.6918675981102858], [44, 52, 0.1996348172801059], [45, 46, 0.17214746563486816], [45, 53, 0.28801711057034984], [46, 54, 0.7433477889393069], [48, 49, 0.22946596931436547], [48, 56, 0.8923248279261234], [49, 57, 0.4782347424207587], [50, 51, 0.1824973533219204], [50, 58, 0.35686918505809195], [51, 52, 0.8585739547742368], [51, 59, 0.1374270630944585], [52, 60, 0.32954070532714386], [53, 61, 0.7443269036101262], [7, 15, 0.3803991459116359], [23, 31, 0.6489064847648025], [31, 39, 0.1195562235165657], [39, 47, 0.6924030835012025], [47, 55, 0.21728981756025811], [55, 63, 0.6572844003794098], [57, 58, 0.37711263805304973], [59, 60, 0.2260527397151083], [60, 61, 0.2917555614210987], [61, 62, 0.6772844476117007]], "oriented": false, "discover": false, "dist": true, "mode": "map"}