{"pos": [[0, 0], [0, 1], [0, 2], [0, 3], [0, 4], [0, 5], [0, 6], [0, 7], [1, 0], [1, 1], [1, 2], [1, 3], [1, 4], [1, 5], [1, 6], [1, 7], [2, 0], [2, 1], [2, 2], [2, 3], [2, 4], [2, 5], [2, 6], [2, 7], [3, 0], [3, 1], [3, 2], [3, 3], [3, 4], [3, 5], [3, 6], [3, 7], [4, 0], [4, 1], [4, 2], [4, 3], [4, 4], [4, 5], [4, 6], [4, 7], [5, 0], [5, 1], [5, 2], [5, 3], [5, 4], [5, 5], [5, 6], [5, 7], [6, 0], [6, 1], [6, 2], [6, 3], [6, 4], [6, 5], [6, 6], [6, 7], [7, 0], [7, 1], [7, 2], [7, 3], [7, 4], [7, 5], [7, 6], [7, 7]], "edges": [[0, 1, 0.9031163652646292], [0, 8, 0.819958028572129], [2, 3, 0.18505618496484], [2, 10, 0.7428725676159196], [3, 4, 0.9816831543669196], [3, 11, 0.2915032029673592], [4, 5, 0.7308740466085427], [4, 12, 0.8244483686347877], [5, 6, 0.6456958551539457], [6, 7, 0.6835794811626149], [6, 14, 0.1996718588710914], [8, 9, 0.4037881345701779], [8, 16, 0.0763976298617346], [9, 10, 0.07066959135121265], [9, 17, 0.2258452212093094], [10, 11, 0.48409190869529084], [10, 18, 0.4774834707422497], [11, 12, 0.9811886113261014], [11, 19, 0.7755017295039153], [12, 13, 0.42083061144956824], [13, 14, 0.20094496566552444], [13, 21, 0.560201630844068], [14, 22, 0.5615488843225284], [16, 24, 0.25127406223106685], [17, 25, 0.1425419518965434], [18, 26, 0.9811608805173223], [19, 20, 0.876338029377716], [20, 21, 0.29991256901660335], [20, 28, 0.9868230476979382], [21, 29, 0.9974749913195882], [22, 23, 0.08486702735457707], [22, 30, 0.7993242595913651], [24, 25, 0.3399801515912383], [24, 32, 0.6333783747350326], [25, 26, 0.135648042985538], [25, 33, 0.6639437993311199], [26, 27, 0.9301684467009215], [26, 34, 0.7841412522163598], [27, 28, 0.34512520957277093], [28, 36, 0.4822425893510002], [29, 37, 0.3827903935653728], [30, 38, 0.28665436254076027], [32, 33, 0.9781200940566113], [32, 40, 0.5294507033809283], [33, 41, 0.35452178947425517], [34, 35, 0.36821474645385366], [35, 36, 0.35871573204217233], [36, 37, 0.03684204762859], [36, 44, 0.597541424805564], [37, 38, 0.5775111934754927], [38, 39, 0.48302447270953586], [40, 48, 0.20543541825805867], [41, 42, 0.9647259778223085], [41, 49, 0.3997408976931299], [42, 43, 0.03543010433967542], [43, 51, 0.2989256425548943], [44, 45, 0.17126775452831888], [44, 52, 0.37924525150597166], [45, 46, 0.609569128614144], [46, 47, 0.7047381417985198], [46, 54, 0.3870714778060764], [48, 56, 0.055673517802489414], [49, 50, 0.7542614624775842], [50, 51, 0.029762155281532032], [51, 52, 0.056997146115826736], [51, 59, 0.3489669846166794], [52, 53, 0.9818024301568213], [52, 60, 0.49434792021976004], [53, 54, 0.9356867748251041], [53, 61, 0.5442519662012474], [54, 55, 0.09228115979348617], [54, 62, 0.19367396193612774], [7, 15, 0.372746289512628], [15, 23, 0.12359592428676924], [23, 31, 0.6957272452875428], [47, 55, 0.17855870072148194], [56, 57, 0.40638556443933427], [58, 59, 0.5322217899601809], [60, 61, 0.3667561136960712], [61, 62, 0.37849712131421975], [62, 63, 0.6353088446724487]], "oriented": false, "discover": false, "dist": true, "mode": "map"}