{"pos": [[0, 0], [0, 1], [0, 2], [0, 3], [0, 4], [0, 5], [0, 6], [0, 7], [1, 0], [1, 1], [1, 2], [1, 3], [1, 4], [1, 5], [1, 6], [1, 7], [2, 0], [2, 1], [2, 2], [2, 3], [2, 4], [2, 5], [2, 6], [2, 7], [3, 0], [3, 1], [3, 2], [3, 3], [3, 4], [3, 5], [3, 6], [3, 7], [4, 0], [4, 1], [4, 2], [4, 3], [4, 4], [4, 5], [4, 6], [4, 7], [5, 0], [5, 1], [5, 2], [5, 3], [5, 4], [5, 5], [5, 6], [5, 7], [6, 0], [6, 1], [6, 2], [6, 3], [6, 4], [6, 5], [6, 6], [6, 7], [7, 0], [7, 1], [7, 2], [7, 3], [7, 4], [7, 5], [7, 6], [7, 7]], "edges": [[0, 1, 0.022697849615459953], [0, 8, 0.7748393115789128], [1, 2, 0.6295344353063007], [1, 9, 0.25180558596543245], [2, 3, 0.5709991406525597], [3, 4, 0.3334407831690964], [3, 11, 0.7869919086562398], [4, 5, 0.5290722787382379], [5, 6, 0.1518042111000516], [5, 13, 0.5919325168356323], [6, 7, 0.3697781309447912], [8, 16, 0.049909569846939505], [9, 17, 0.4351695709428651], [10, 11, 0.5757588092041044], [10, 18, 0.07044618004873071], [11, 12, 0.3384769003224023], [11, 19, 0.25555822284271046], [12, 13, 0.7347619431416094], [12, 20, 0.5715569300106847], [13, 14, 0.4362126227771057], [14, 15, 0.7251607262980575], [16, 24, 0.6768083981896236], [17, 18, 0.7342998696733319], [17, 25, 0.7996407810565505], [19, 20, 0.6816080223755255], [19, 27, 0.6340610487348448], [20, 21, 0.5429972858659581], [20, 28, 0.9248996952107252], [21, 22, 0.6734480494720647], [21, 29, 0.765502849614204], [22, 23, 0.8918674556040314], [22, 30, 0.0925295406757819], [24, 25, 0.09653151234886714], [24, 32, 0.8108331399089952], [25, 33, 0.8925246616918104], [26, 27, 0.7736953655418388], [26, 34, 0.38847819119342075], [27, 28, 0.2655375555122865], [28, 36, 0.7908937834324968], [29, 37, 0.0031189948684975377], [30, 31, 0.2832085897032699], [30, 38, 0.6026198896225241], [32, 33, 0.7079289908362841], [32, 40, 0.7996418762692478], [33, 34, 0.6116343997352344], [33, 41, 0.24845416438699042], [34, 42, 0.1094039632972078], [35, 36, 0.8676066141545457], [35, 43, 0.7638563924399973], [36, 44, 0.6545476487738323], [38, 39, 0.19648597969594783], [38, 46, 0.4004239273534719], [40, 48, 0.7229095083911332], [41, 42, 0.7291864074874652], [42, 43, 0.6664850770316068], [42, 50, 0.8287288530432817], [43, 44, 0.6261792978765304], [43, 51, 0.8823457673538542], [44, 52, 0.2964405042678475], [45, 46, 0.41003308249443116], [48, 56, 0.5826253891611733], [49, 50, 0.45925786248708167], [49, 57, 0.34505100514490994], [50, 58, 0.5530801818645125], [51, 52, 0.2495422533053906], [52, 53, 0.6942932949807747], [52, 60, 0.04034219882564971], [53, 54, 0.06913799645667418], [53, 61, 0.5504694643542068], [54, 62, 0.892693844228572], [7, 15, 0.76461669632548], [15, 23, 0.8937465134531255], [31, 39, 0.4463236188749954], [39, 47, 0.047640407161350984], [47, 55, 0.37551344692703503], [55, 63, 0.30038463104112323], [56, 57, 0.11106042460804322], [58, 59, 0.1751494063455893], [59, 60, 0.5515267114420042], [60, 61, 0.6337424455268966], [61, 62, 0.16140012009748006]], "oriented": false, "discover": false, "dist": true, "mode": "map"}