{"pos": [[0, 0], [0, 1], [0, 2], [0, 3], [0, 4], [0, 5], [0, 6], [0, 7], [1, 0], [1, 1], [1, 2], [1, 3], [1, 4], [1, 5], [1, 6], [1, 7], [2, 0], [2, 1], [2, 2], [2, 3], [2, 4], [2, 5], [2, 6], [2, 7], [3, 0], [3, 1], [3, 2], [3, 3], [3, 4], [3, 5], [3, 6], [3, 7], [4, 0], [4, 1], [4, 2], [4, 3], [4, 4], [4, 5], [4, 6], [4, 7], [5, 0], [5, 1], [5, 2], [5, 3], [5, 4], [5, 5], [5, 6], [5, 7], [6, 0], [6, 1], [6, 2], [6, 3], [6, 4], [6, 5], [6, 6], [6, 7], [7, 0], [7, 1], [7, 2], [7, 3], [7, 4], [7, 5], [7, 6], [7, 7]], "edges": [[0, 1, 0.6836725524207551], [0, 8, 0.5811072890696616], [1, 9, 0.8598987862548527], [2, 10, 0.7145280002098673], [3, 11, 0.3397430150578383], [4, 5, 0.7197863199088823], [4, 12, 0.13244273070825852], [6, 7, 0.027872235005256374], [6, 14, 0.8585091071219111], [8, 9, 0.09601655066053716], [8, 16, 0.03550407652977128], [9, 10, 0.7638184517066462], [9, 17, 0.6420454486467327], [10, 11, 0.2695925598446812], [10, 18, 0.14066128635542297], [11, 12, 0.023430007877591086], [11, 19, 0.15259904404174196], [12, 13, 0.695542577973728], [13, 14, 0.17693531729323753], [13, 21, 0.09340050078207529], [14, 15, 0.3514735695970752], [14, 22, 0.4416332256980474], [17, 18, 0.654446156514274], [17, 25, 0.8539026233964712], [18, 26, 0.391271257191559], [19, 20, 0.7684475458065482], [20, 21, 0.6651117782852444], [21, 22, 0.006183724850483796], [21, 29, 0.12539595482428834], [22, 23, 0.9057518034483817], [24, 25, 0.5881706063218839], [24, 32, 0.06936347562852818], [25, 26, 0.3863195125013953], [25, 33, 0.9701400565870206], [26, 27, 0.17230033571066972], [27, 28, 0.17271681550926477], [27, 35, 0.022043013848132564], [28, 36, 0.5674946244096353], [29, 30, 0.9220137883473184], [30, 31, 0.03963881793190349], [30, 38, 0.6042034144662841], [33, 34, 0.21437894819964876], [33, 41, 0.656913735531858], [34, 35, 0.9791343076432484], [34, 42, 0.39308909532433856], [35, 43, 0.783287658479725], [36, 37, 0.973808059678847], [37, 38, 0.7111346640844097], [37, 45, 0.13391391001009179], [38, 39, 0.2216636055812643], [40, 41, 0.7275829750534211], [40, 48, 0.6138496342018963], [41, 49, 0.17167556060396194], [43, 44, 0.9091291748384421], [43, 51, 0.5531545588087189], [44, 45, 0.13640863653311575], [44, 52, 0.49284592722124265], [45, 46, 0.8175556315584681], [46, 47, 0.1979767781098316], [46, 54, 0.6939484643369694], [48, 49, 0.3622334894190198], [48, 56, 0.5534103678605522], [49, 50, 0.5377444308048149], [49, 57, 0.2910149224673151], [50, 58, 0.5675137558154598], [51, 59, 0.34125721983792545], [52, 53, 0.5317800616557812], [52, 60, 0.07424635291041692], [53, 54, 0.6023535060013635], [53, 61, 0.026483754768620527], [54, 55, 0.06141027015327116], [7, 15, 0.06562561471109396], [15, 23, 0.3952094335366674], [23, 31, 0.017977301060672524], [39, 47, 0.33397256425579824], [47, 55, 0.5206005744593997], [55, 63, 0.8927222933410652], [57, 58, 0.359052551346672], [58, 59, 0.22640459606954677], [60, 61, 0.10853404708362935], [61, 62, 0.8661782321957304]], "oriented": false, "discover": false, "dist": true, "mode": "map"}