{"pos": [[0, 0], [0, 1], [0, 2], [0, 3], [0, 4], [0, 5], [0, 6], [0, 7], [1, 0], [1, 1], [1, 2], [1, 3], [1, 4], [1, 5], [1, 6], [1, 7], [2, 0], [2, 1], [2, 2], [2, 3], [2, 4], [2, 5], [2, 6], [2, 7], [3, 0], [3, 1], [3, 2], [3, 3], [3, 4], [3, 5], [3, 6], [3, 7], [4, 0], [4, 1], [4, 2], [4, 3], [4, 4], [4, 5], [4, 6], [4, 7], [5, 0], [5, 1], [5, 2], [5, 3], [5, 4], [5, 5], [5, 6], [5, 7], [6, 0], [6, 1], [6, 2], [6, 3], [6, 4], [6, 5], [6, 6], [6, 7], [7, 0], [7, 1], [7, 2], [7, 3], [7, 4], [7, 5], [7, 6], [7, 7]], "edges": [[0, 1, 0.9867609646079208], [0, 8, 0.9409889643851217], [1, 2, 0.4597103276273875], [1, 9, 0.8761651552406607], [2, 3, 0.5149289096607046], [2, 10, 0.6413913802299341], [3, 4, 0.7903122185211503], [3, 11, 0.8433643678400188], [4, 5, 0.24431399775027351], [5, 6, 0.008521869748858935], [5, 13, 0.5742067562533878], [6, 7, 0.4494851603789455], [6, 14, 0.3690441630892859], [9, 17, 0.8883783582394079], [10, 18, 0.7553834618530669], [11, 12, 0.8125861448840788], [11, 19, 0.474926043414043], [13, 14, 0.026297023710970646], [13, 21, 0.6200519478010296], [14, 15, 0.5328206483385884], [14, 22, 0.7620991345429663], [16, 17, 0.2575778184821208], [17, 18, 0.18058837268546257], [17, 25, 0.7532665092966581], [18, 26, 0.17915100068176248], [19, 20, 0.34137873322494694], [21, 22, 0.5312761653999015], [21, 29, 0.634777003058161], [22, 23, 0.6428007189022017], [22, 30, 0.9016082848998429], [24, 25, 0.013206401929501066], [24, 32, 0.37061492433374355], [25, 26, 0.722065710494523], [25, 33, 0.3243786756249869], [26, 27, 0.5766121175176288], [27, 28, 0.0872284181009032], [27, 35, 0.7763171274556171], [28, 29, 0.5902072747518451], [30, 38, 0.4028191030694992], [32, 33, 0.1418569577594323], [33, 34, 0.08881406488573551], [33, 41, 0.10557490945413095], [34, 35, 0.0788709796635525], [34, 42, 0.9082495411789117], [35, 36, 0.6153925016827487], [35, 43, 0.20766008514872492], [36, 37, 0.3219010264142511], [36, 44, 0.7347842331131846], [38, 39, 0.0022278653155444195], [38, 46, 0.6710844517936324], [40, 41, 0.7217916236632034], [40, 48, 0.6246947966837569], [41, 49, 0.544238085656064], [42, 50, 0.6680272176048336], [43, 51, 0.32935133297163643], [44, 45, 0.6281981657773112], [44, 52, 0.31377638607912217], [45, 46, 0.7020061515822369], [45, 53, 0.6351268725213869], [46, 47, 0.10192920802251204], [46, 54, 0.014043497181269848], [48, 49, 0.3130604913988094], [49, 50, 0.6547357862003267], [49, 57, 0.19348790527247384], [50, 58, 0.26688778973649174], [51, 52, 0.6259600410531735], [51, 59, 0.5154432623117191], [52, 53, 0.04343099960241337], [52, 60, 0.4744883761755949], [53, 61, 0.19669332122787664], [54, 55, 0.8640692985611419], [54, 62, 0.8337351704159601], [15, 23, 0.6000745256915548], [23, 31, 0.8604170680667194], [39, 47, 0.9244451302438383], [55, 63, 0.35665268139310047], [56, 57, 0.2727585290757719], [57, 58, 0.1017708579532064], [58, 59, 0.5775259910327677], [59, 60, 0.07408959292606343], [62, 63, 0.215507954983849]], "oriented": false, "discover": false, "dist": true, "mode": "map"}