{"pos": [[0, 0], [0, 1], [0, 2], [0, 3], [0, 4], [0, 5], [0, 6], [0, 7], [1, 0], [1, 1], [1, 2], [1, 3], [1, 4], [1, 5], [1, 6], [1, 7], [2, 0], [2, 1], [2, 2], [2, 3], [2, 4], [2, 5], [2, 6], [2, 7], [3, 0], [3, 1], [3, 2], [3, 3], [3, 4], [3, 5], [3, 6], [3, 7], [4, 0], [4, 1], [4, 2], [4, 3], [4, 4], [4, 5], [4, 6], [4, 7], [5, 0], [5, 1], [5, 2], [5, 3], [5, 4], [5, 5], [5, 6], [5, 7], [6, 0], [6, 1], [6, 2], [6, 3], [6, 4], [6, 5], [6, 6], [6, 7], [7, 0], [7, 1], [7, 2], [7, 3], [7, 4], [7, 5], [7, 6], [7, 7]], "edges": [[0, 1, 0.18559516031783418], [1, 2, 0.36735429574549316], [2, 3, 0.018638892344565505], [2, 10, 0.6858544077499104], [3, 4, 0.07538051516185074], [3, 11, 0.42591540795615657], [4, 5, 0.9130183884747278], [4, 12, 0.8056960777450506], [5, 6, 0.8638801891537452], [5, 13, 0.12222963081883742], [6, 7, 0.07762087809328677], [6, 14, 0.40579050003964334], [8, 9, 0.08697627453351364], [8, 16, 0.7934711051458424], [9, 10, 0.45926881954430077], [9, 17, 0.3663184140519161], [10, 11, 0.5218471734158854], [10, 18, 0.2500052821257489], [11, 19, 0.9737655274473145], [12, 13, 0.799928218917397], [13, 21, 0.3779631904481764], [14, 15, 0.8308716617357911], [16, 24, 0.5233536218112449], [17, 18, 0.2411955718309975], [17, 25, 0.026485843092642125], [18, 19, 0.24643984483342318], [18, 26, 0.9152345720243144], [19, 20, 0.3149381436880875], [19, 27, 0.15319189995990268], [20, 28, 0.5313789617694276], [21, 22, 0.6815403707354637], [21, 29, 0.10429501553687437], [22, 23, 0.42018847510476265], [22, 30, 0.38984146274360554], [24, 32, 0.384485638130862], [25, 26, 0.814965101252079], [25, 33, 0.009256481121544868], [26, 34, 0.46235546000072647], [27, 28, 0.5529472268268879], [27, 35, 0.4500678367650274], [28, 36, 0.12387204521687112], [29, 30, 0.730195757317011], [30, 31, 0.3253009855467781], [30, 38, 0.3200740511412865], [32, 40, 0.3815012459934257], [33, 34, 0.3205183592502988], [33, 41, 0.8562710254955388], [34, 42, 0.23848944259221716], [35, 36, 0.4623763379018727], [36, 37, 0.5224400553945905], [36, 44, 0.02877823435070259], [37, 38, 0.34007630976613923], [37, 45, 0.18843138764151768], [38, 46, 0.05914822106456985], [40, 48, 0.7466578982922786], [41, 42, 0.6721006224152178], [42, 43, 0.9265700194695852], [42, 50, 0.4191574353581692], [43, 44, 0.7858936013629817], [44, 45, 0.5344515187831188], [44, 52, 0.5117031278639971], [45, 46, 0.6118676631619808], [45, 53, 0.6443854674100521], [46, 47, 0.32490239567396195], [48, 56, 0.8067775108705926], [49, 50, 0.007855879958664103], [50, 51, 0.059609097550327284], [50, 58, 0.7498067114801145], [51, 59, 0.22263034367903933], [52, 53, 0.9075928696179744], [52, 60, 0.19097885454700103], [53, 54, 0.9225505002783332], [53, 61, 0.8135279937980582], [54, 62, 0.02989817156728436], [7, 15, 0.8797844433057126], [23, 31, 0.3279757122344612], [31, 39, 0.9718986087416578], [47, 55, 0.4699444873483337], [56, 57, 0.9038691178551973], [57, 58, 0.6300187247778511], [62, 63, 0.7305072986749636]], "oriented": false, "discover": false, "dist": true, "mode": "map"}