{"pos": [[0, 0], [0, 1], [0, 2], [0, 3], [0, 4], [0, 5], [0, 6], [0, 7], [1, 0], [1, 1], [1, 2], [1, 3], [1, 4], [1, 5], [1, 6], [1, 7], [2, 0], [2, 1], [2, 2], [2, 3], [2, 4], [2, 5], [2, 6], [2, 7], [3, 0], [3, 1], [3, 2], [3, 3], [3, 4], [3, 5], [3, 6], [3, 7], [4, 0], [4, 1], [4, 2], [4, 3], [4, 4], [4, 5], [4, 6], [4, 7], [5, 0], [5, 1], [5, 2], [5, 3], [5, 4], [5, 5], [5, 6], [5, 7], [6, 0], [6, 1], [6, 2], [6, 3], [6, 4], [6, 5], [6, 6], [6, 7], [7, 0], [7, 1], [7, 2], [7, 3], [7, 4], [7, 5], [7, 6], [7, 7]], "edges": [[0, 1, 0.09349816601723371], [0, 8, 0.16189606476188867], [1, 2, 0.4509672517254876], [1, 9, 0.061579685637664916], [2, 3, 0.050810503925817874], [3, 4, 0.5409566909154164], [3, 11, 0.10296604800226539], [4, 5, 0.32978409193067537], [4, 12, 0.059256906505657514], [5, 6, 0.3216631790158685], [5, 13, 0.28654141965406277], [6, 7, 0.8027622314334828], [6, 14, 0.530339207317899], [9, 10, 0.3656153268986674], [9, 17, 0.29529984959558797], [10, 11, 0.3994985599430517], [10, 18, 0.073853320563258], [11, 12, 0.8150363705584027], [11, 19, 0.000725892503431691], [12, 20, 0.6317125994817563], [13, 14, 0.2703723656443535], [13, 21, 0.2784663785904563], [16, 17, 0.32196893288259554], [16, 24, 0.5528129372276046], [17, 18, 0.3467595103778528], [17, 25, 0.6665394944086344], [18, 19, 0.5028805467484193], [18, 26, 0.582032164749637], [19, 20, 0.5684679162570363], [19, 27, 0.6291254339082635], [20, 28, 0.5551867456784307], [21, 22, 0.3817068878837655], [21, 29, 0.7386592183738026], [22, 30, 0.2250164183008584], [24, 25, 0.8262499330105711], [24, 32, 0.6896169518198849], [26, 34, 0.03927972450202477], [27, 28, 0.412788878757435], [27, 35, 0.6441639040792373], [28, 36, 0.15184369092814742], [29, 37, 0.06486752860470679], [30, 31, 0.9058449717084965], [30, 38, 0.6384104302114371], [32, 33, 0.8961375008357491], [32, 40, 0.07531196993160993], [33, 34, 0.2498827737156678], [33, 41, 0.921160667625152], [34, 35, 0.14383449234761025], [34, 42, 0.34957643554484297], [35, 43, 0.40793858628477964], [36, 44, 0.1417080819253964], [37, 38, 0.32572724106898854], [37, 45, 0.8084773359702119], [38, 39, 0.12214446604328222], [38, 46, 0.8806916097275136], [40, 48, 0.7831144040673244], [41, 49, 0.6486671805447515], [42, 50, 0.6088584052711787], [43, 44, 0.5603970681950231], [43, 51, 0.38691805061828033], [44, 52, 0.4794475016957509], [45, 46, 0.21457127567977818], [45, 53, 0.07000780557917552], [46, 47, 0.5803289789642185], [46, 54, 0.2087759141464135], [48, 49, 0.9443190581542363], [48, 56, 0.6872672980276008], [49, 50, 0.07119591373374856], [50, 58, 0.3615242296347687], [52, 60, 0.9258965821055891], [53, 61, 0.6440748968703641], [54, 55, 0.9046761980568547], [54, 62, 0.5780699569498978], [7, 15, 0.3360327744796161], [15, 23, 0.5945165326070415], [31, 39, 0.2404927749216733], [39, 47, 0.6495059959833336], [56, 57, 0.6517133203599895], [58, 59, 0.12300135092239362], [61, 62, 0.56005736180674], [62, 63, 0.8960815139759986]], "oriented": false, "discover": false, "dist": true, "mode": "map"}