{"pos": [[0, 0], [0, 1], [0, 2], [0, 3], [0, 4], [0, 5], [0, 6], [0, 7], [1, 0], [1, 1], [1, 2], [1, 3], [1, 4], [1, 5], [1, 6], [1, 7], [2, 0], [2, 1], [2, 2], [2, 3], [2, 4], [2, 5], [2, 6], [2, 7], [3, 0], [3, 1], [3, 2], [3, 3], [3, 4], [3, 5], [3, 6], [3, 7], [4, 0], [4, 1], [4, 2], [4, 3], [4, 4], [4, 5], [4, 6], [4, 7], [5, 0], [5, 1], [5, 2], [5, 3], [5, 4], [5, 5], [5, 6], [5, 7], [6, 0], [6, 1], [6, 2], [6, 3], [6, 4], [6, 5], [6, 6], [6, 7], [7, 0], [7, 1], [7, 2], [7, 3], [7, 4], [7, 5], [7, 6], [7, 7]], "edges": [[0, 1, 0.46644429470000726], [0, 8, 0.8779986485004275], [1, 2, 0.43815992570276385], [1, 9, 0.06550574812664511], [2, 3, 0.7596156601381343], [3, 4, 0.8092371845229526], [3, 11, 0.5433021701614651], [4, 5, 0.15933983678289165], [4, 12, 0.13486967444296283], [5, 6, 0.0037062007527216556], [5, 13, 0.628021328417793], [6, 7, 0.25245391332378764], [8, 9, 0.42838356546308265], [9, 10, 0.26795364232549346], [9, 17, 0.4429316516580538], [10, 18, 0.8631167882770348], [11, 19, 0.26111966222579386], [12, 20, 0.7785964598509844], [13, 14, 0.3649072758641039], [14, 22, 0.49674667677925777], [16, 17, 0.33985358360032525], [16, 24, 0.9121551871985788], [17, 25, 0.6178135150643073], [18, 26, 0.21960988645038804], [19, 27, 0.9598418998890326], [20, 21, 0.28955540247584666], [20, 28, 0.44278104926938777], [21, 22, 0.3234056327709367], [21, 29, 0.8601381429565512], [22, 23, 0.45678625102279546], [24, 25, 0.6882567747926507], [24, 32, 0.999938283509551], [25, 26, 0.8090088030675743], [25, 33, 0.9055965724439267], [26, 27, 0.07242645532097458], [26, 34, 0.39673231221866145], [27, 35, 0.0215857792895765], [28, 29, 0.3302647805743173], [28, 36, 0.26336517510062174], [29, 37, 0.4804856846781539], [30, 31, 0.7951393063759852], [32, 33, 0.9981824530920969], [32, 40, 0.1072099919900944], [33, 34, 0.010103815373117109], [33, 41, 0.8866932410822874], [34, 42, 0.13853277561528665], [35, 36, 0.10231690886450173], [36, 37, 0.8015881117106916], [36, 44, 0.16920301631484247], [37, 38, 0.2590976780487214], [37, 45, 0.08066953495115237], [38, 39, 0.2063786698047707], [40, 48, 0.5669583487126434], [41, 42, 0.23019025677589877], [41, 49, 0.32924217878364126], [43, 44, 0.3881477890533179], [43, 51, 0.46928632654326785], [44, 45, 0.0053301404566508115], [44, 52, 0.8560010390101036], [46, 47, 0.8551453187355195], [49, 50, 0.06136721371159415], [49, 57, 0.23450057723790996], [50, 58, 0.6852736064274259], [51, 52, 0.7936114526217397], [52, 53, 0.2040370249101373], [52, 60, 0.5352547917654663], [54, 55, 0.5823428304333631], [54, 62, 0.3770001450411533], [7, 15, 0.09985912233396821], [15, 23, 0.36657627323720743], [23, 31, 0.9191094614420297], [31, 39, 0.8549332387514914], [39, 47, 0.05488797542623036], [47, 55, 0.783927293145603], [56, 57, 0.33215488896367573], [57, 58, 0.8638931706502603], [58, 59, 0.03238299808379297], [59, 60, 0.32983564034002166], [60, 61, 0.005086519719456395], [61, 62, 0.33442826418275284], [62, 63, 0.10330559761339253]], "oriented": false, "discover": false, "dist": true, "mode": "map"}