{"pos": [[0, 0], [0, 1], [0, 2], [0, 3], [0, 4], [0, 5], [0, 6], [0, 7], [1, 0], [1, 1], [1, 2], [1, 3], [1, 4], [1, 5], [1, 6], [1, 7], [2, 0], [2, 1], [2, 2], [2, 3], [2, 4], [2, 5], [2, 6], [2, 7], [3, 0], [3, 1], [3, 2], [3, 3], [3, 4], [3, 5], [3, 6], [3, 7], [4, 0], [4, 1], [4, 2], [4, 3], [4, 4], [4, 5], [4, 6], [4, 7], [5, 0], [5, 1], [5, 2], [5, 3], [5, 4], [5, 5], [5, 6], [5, 7], [6, 0], [6, 1], [6, 2], [6, 3], [6, 4], [6, 5], [6, 6], [6, 7], [7, 0], [7, 1], [7, 2], [7, 3], [7, 4], [7, 5], [7, 6], [7, 7]], "edges": [[0, 1, 0.9798636312570733], [0, 8, 0.06665561231602324], [1, 2, 0.11837198969573692], [1, 9, 0.25605216200101666], [2, 10, 0.3583851544201656], [3, 11, 0.6448973027229716], [4, 12, 0.8646579944184836], [5, 6, 0.37253508524722234], [5, 13, 0.5271053989948699], [8, 9, 0.04712561408203608], [8, 16, 0.26570978923033184], [9, 10, 0.41032785587947695], [9, 17, 0.040010626414051176], [10, 11, 0.04949382851444506], [11, 12, 0.11156844451423431], [12, 13, 0.9121804064331789], [12, 20, 0.5275378039814695], [13, 14, 0.03742472259180152], [13, 21, 0.43590001241529597], [14, 15, 0.7063747876226771], [14, 22, 0.3228497558615089], [16, 17, 0.030320259317000442], [16, 24, 0.827174185587444], [17, 18, 0.1642430666689425], [18, 19, 0.260422504207796], [18, 26, 0.5457357944265847], [19, 27, 0.5189105909352716], [20, 28, 0.0732557282215367], [21, 22, 0.12759376374878595], [21, 29, 0.6300375515484761], [22, 23, 0.21808549360194962], [22, 30, 0.34001267919038203], [24, 25, 0.565086230818342], [24, 32, 0.12553781908574047], [25, 33, 0.569363531338686], [26, 34, 0.9987804317214339], [27, 28, 0.6422257062184246], [27, 35, 0.6895626263334907], [28, 36, 0.7818652566494138], [29, 30, 0.1980199938759306], [29, 37, 0.9161704312370406], [32, 33, 0.5568385217809825], [32, 40, 0.5900257349881267], [33, 34, 0.8674780814485601], [34, 35, 0.948620429043466], [34, 42, 0.6202225288408834], [35, 36, 0.8164292559891151], [35, 43, 0.7030631562820572], [36, 37, 0.17442317482382885], [37, 38, 0.2741916377015816], [38, 39, 0.3862117246013286], [38, 46, 0.7664687968134847], [40, 41, 0.24224478400272853], [40, 48, 0.8331013113140698], [41, 42, 0.42050165883324586], [43, 44, 0.33745783209431957], [43, 51, 0.4394570689458531], [44, 45, 0.9930811700716486], [44, 52, 0.24853942058665834], [45, 46, 0.8671604730843399], [45, 53, 0.2982966074735548], [46, 54, 0.04259087369355574], [48, 49, 0.6305046449250241], [48, 56, 0.453993104292574], [49, 50, 0.08319012246531388], [49, 57, 0.7311466720601536], [50, 51, 0.07042390547202781], [50, 58, 0.8218760393995189], [51, 59, 0.09622267340518242], [53, 54, 0.01373128448726646], [54, 55, 0.6781630244044489], [7, 15, 0.18806801793068773], [23, 31, 0.3772392149266731], [31, 39, 0.8851811680363048], [39, 47, 0.27308437728375434], [47, 55, 0.6501906605720962], [56, 57, 0.692927478790236], [59, 60, 0.5773904032936904], [60, 61, 0.5150979540913411], [61, 62, 0.10793135903457829], [62, 63, 0.40800831083350675]], "oriented": false, "discover": false, "dist": true, "mode": "map"}