{"pos": [[0, 0], [0, 1], [0, 2], [0, 3], [0, 4], [0, 5], [0, 6], [0, 7], [1, 0], [1, 1], [1, 2], [1, 3], [1, 4], [1, 5], [1, 6], [1, 7], [2, 0], [2, 1], [2, 2], [2, 3], [2, 4], [2, 5], [2, 6], [2, 7], [3, 0], [3, 1], [3, 2], [3, 3], [3, 4], [3, 5], [3, 6], [3, 7], [4, 0], [4, 1], [4, 2], [4, 3], [4, 4], [4, 5], [4, 6], [4, 7], [5, 0], [5, 1], [5, 2], [5, 3], [5, 4], [5, 5], [5, 6], [5, 7], [6, 0], [6, 1], [6, 2], [6, 3], [6, 4], [6, 5], [6, 6], [6, 7], [7, 0], [7, 1], [7, 2], [7, 3], [7, 4], [7, 5], [7, 6], [7, 7]], "edges": [[0, 1, 0.5771836993908872], [0, 8, 0.497715092248749], [1, 2, 0.7304816589655285], [2, 3, 0.5313485471701515], [3, 4, 0.622058587646076], [3, 11, 0.3340432398345615], [4, 5, 0.17713369485070807], [4, 12, 0.25044020277494783], [5, 6, 0.5639669940887322], [5, 13, 0.361266262120873], [6, 7, 0.4361525420875271], [6, 14, 0.7604168014913059], [8, 9, 0.6293558346866567], [8, 16, 0.6132824291327659], [9, 10, 0.16257378772874675], [10, 11, 0.44200533532424613], [11, 19, 0.25722718290958924], [12, 20, 0.25486583850086675], [13, 14, 0.04077645929854368], [13, 21, 0.743949233306274], [14, 15, 0.30589742391992114], [16, 17, 0.853647346487342], [17, 18, 0.3750507814243459], [17, 25, 0.5110371864647866], [18, 26, 0.1291998643755986], [19, 20, 0.14796626728111728], [20, 21, 0.9013677038334923], [20, 28, 0.9682756337506366], [21, 22, 0.904916839151246], [21, 29, 0.8110023439419441], [22, 30, 0.29889779581294096], [24, 25, 0.7835473106009828], [24, 32, 0.07689342500758978], [25, 26, 0.2669912798122823], [25, 33, 0.5292577253991592], [26, 27, 0.9199769594641282], [26, 34, 0.5464167579752384], [27, 35, 0.7075924888437277], [28, 36, 0.4175273055283961], [30, 31, 0.7376245529035884], [30, 38, 0.6166705421607346], [32, 33, 0.7235369481662489], [32, 40, 0.6888695962213113], [33, 34, 0.962480825895383], [33, 41, 0.8415446283110799], [34, 42, 0.07020056699596733], [35, 36, 0.341962794427055], [35, 43, 0.0029671163912748932], [36, 37, 0.9585259953365797], [36, 44, 0.22165846124038202], [37, 38, 0.16898867388039274], [37, 45, 0.9001390301378109], [38, 39, 0.18405704784202948], [38, 46, 0.023986505011978076], [40, 48, 0.804220924759806], [41, 49, 0.7517307572530445], [43, 44, 0.7506867579720331], [43, 51, 0.14249198221396742], [45, 46, 0.5137060059403981], [46, 47, 0.9798004866514439], [46, 54, 0.03234602044530188], [48, 49, 0.018942445197416946], [48, 56, 0.22498986826824996], [49, 50, 0.6247651739130794], [49, 57, 0.6769420497780743], [50, 51, 0.9991782340829244], [51, 52, 0.8654983296062657], [51, 59, 0.5081986243520104], [52, 53, 0.5418591131588333], [52, 60, 0.4378569713956243], [53, 61, 0.5289222152861879], [54, 62, 0.07409967377957805], [7, 15, 0.9991401886131824], [15, 23, 0.8243558021663848], [23, 31, 0.8779686032904785], [39, 47, 0.22285156427818853], [47, 55, 0.11706738629035507], [55, 63, 0.8012374926513349], [57, 58, 0.8313904054842938], [60, 61, 0.918882032527927], [61, 62, 0.7095409192924013]], "oriented": false, "discover": false, "dist": true, "mode": "map"}