{"pos": [[0, 0], [0, 1], [0, 2], [0, 3], [0, 4], [0, 5], [0, 6], [0, 7], [1, 0], [1, 1], [1, 2], [1, 3], [1, 4], [1, 5], [1, 6], [1, 7], [2, 0], [2, 1], [2, 2], [2, 3], [2, 4], [2, 5], [2, 6], [2, 7], [3, 0], [3, 1], [3, 2], [3, 3], [3, 4], [3, 5], [3, 6], [3, 7], [4, 0], [4, 1], [4, 2], [4, 3], [4, 4], [4, 5], [4, 6], [4, 7], [5, 0], [5, 1], [5, 2], [5, 3], [5, 4], [5, 5], [5, 6], [5, 7], [6, 0], [6, 1], [6, 2], [6, 3], [6, 4], [6, 5], [6, 6], [6, 7], [7, 0], [7, 1], [7, 2], [7, 3], [7, 4], [7, 5], [7, 6], [7, 7]], "edges": [[0, 1, 0.07661665858969702], [0, 8, 0.8518177627962058], [1, 2, 0.09943548507362532], [2, 3, 0.7733326979377824], [2, 10, 0.2904887741265699], [3, 4, 0.12844776710314343], [3, 11, 0.5571668913194583], [4, 5, 0.5445861288981528], [4, 12, 0.7683389032721498], [5, 6, 0.6815362975424478], [5, 13, 0.14180098533828434], [6, 7, 0.626166445913519], [8, 9, 0.553085105662609], [8, 16, 0.3240170289365869], [9, 10, 0.4017789318926219], [10, 11, 0.9542724137214994], [10, 18, 0.7645000867083325], [12, 13, 0.4295920468873745], [13, 14, 0.06958416824698788], [13, 21, 0.315186500655087], [14, 15, 0.9250789142521694], [14, 22, 0.5470728738920344], [16, 17, 0.6133241963520847], [16, 24, 0.7323119419608166], [17, 25, 0.6874052980310215], [18, 19, 0.7136350061433743], [18, 26, 0.5047406451968007], [19, 20, 0.45045842517353063], [19, 27, 0.4199826974690828], [20, 21, 0.24155972752931532], [20, 28, 0.23007131928228974], [21, 22, 0.24656509046710073], [22, 23, 0.42122352232915206], [22, 30, 0.13205783232952684], [24, 32, 0.8160226868215069], [25, 26, 0.4246576737858603], [25, 33, 0.6692669770737454], [26, 27, 0.26530081792374893], [26, 34, 0.7925953749097194], [27, 28, 0.007505054720722271], [28, 29, 0.761072032507585], [28, 36, 0.6489708429257485], [29, 30, 0.8605094829835181], [29, 37, 0.11064593968968195], [30, 31, 0.4267197524100764], [30, 38, 0.6238752133107185], [32, 40, 0.1767902107521836], [33, 41, 0.9157642084492518], [34, 35, 0.24413293047566942], [34, 42, 0.9991825310161385], [35, 43, 0.7711179234049079], [37, 45, 0.30984097800105137], [38, 39, 0.8352066378594548], [40, 41, 0.4263728417512187], [40, 48, 0.22145304115980258], [41, 42, 0.7465383964125959], [42, 43, 0.9612540182521877], [42, 50, 0.49650918278183065], [43, 44, 0.405549489606016], [43, 51, 0.8256249679301797], [44, 52, 0.8916778103415754], [45, 46, 0.6292905925041319], [45, 53, 0.7861703715741298], [46, 47, 0.09015032524447997], [48, 49, 0.8186928518939891], [48, 56, 0.7853181255519586], [50, 58, 0.12428225354688449], [52, 53, 0.26654087649041913], [53, 54, 0.8479287644685024], [53, 61, 0.561122784239707], [54, 55, 0.8070661890260192], [54, 62, 0.3795916191442523], [7, 15, 0.7423072598115731], [31, 39, 0.236253950173947], [39, 47, 0.23606056820440058], [55, 63, 0.06613988513624058], [56, 57, 0.4731393326615764], [58, 59, 0.3656530152238954], [59, 60, 0.1807247436131385], [60, 61, 0.9274833578883424], [61, 62, 0.13647130938033947]], "oriented": false, "discover": false, "dist": true, "mode": "map"}