{"pos": [[0, 0], [0, 1], [0, 2], [0, 3], [0, 4], [0, 5], [0, 6], [0, 7], [0, 8], [1, 0], [1, 1], [1, 2], [1, 3], [1, 4], [1, 5], [1, 6], [1, 7], [1, 8], [2, 0], [2, 1], [2, 2], [2, 3], [2, 4], [2, 5], [2, 6], [2, 7], [2, 8], [3, 0], [3, 1], [3, 2], [3, 3], [3, 4], [3, 5], [3, 6], [3, 7], [3, 8], [4, 0], [4, 1], [4, 2], [4, 3], [4, 4], [4, 5], [4, 6], [4, 7], [4, 8], [5, 0], [5, 1], [5, 2], [5, 3], [5, 4], [5, 5], [5, 6], [5, 7], [5, 8], [6, 0], [6, 1], [6, 2], [6, 3], [6, 4], [6, 5], [6, 6], [6, 7], [6, 8], [7, 0], [7, 1], [7, 2], [7, 3], [7, 4], [7, 5], [7, 6], [7, 7], [7, 8], [8, 0], [8, 1], [8, 2], [8, 3], [8, 4], [8, 5], [8, 6], [8, 7], [8, 8]], "edges": [[0, 1, 0.5967464292305232], [0, 9, 0.760223172712875], [1, 2, 0.25006403328354565], [1, 10, 0.7523459665227092], [2, 3, 0.6613063357704583], [2, 11, 0.20356156636430423], [3, 4, 0.7826193303253612], [3, 12, 0.16482697729707052], [4, 5, 0.9649922428478508], [5, 6, 0.6989351514587692], [6, 7, 0.5995484473419183], [6, 15, 0.443967104641676], [7, 8, 0.7574686894009944], [9, 10, 0.8130254239049414], [10, 19, 0.2235624790114158], [11, 20, 0.6217914224839274], [12, 13, 0.9775619051504537], [12, 21, 0.0995116206524509], [13, 14, 0.5450876620876551], [14, 15, 0.9826154793322365], [15, 16, 0.06347741596796952], [15, 24, 0.08447350427222311], [16, 17, 0.2843076696505098], [16, 25, 0.4711470571557659], [18, 19, 0.868070897124046], [18, 27, 0.9669102771469056], [19, 28, 0.8603579619212229], [20, 21, 0.1343130350243592], [21, 22, 0.3359595588096237], [22, 23, 0.4747925483695493], [22, 31, 0.6911721234247804], [23, 24, 0.10772576289994173], [23, 32, 0.4385064372255535], [24, 25, 0.8087229891327123], [25, 26, 0.859144869080902], [25, 34, 0.02599602092771658], [27, 28, 0.9731578639469004], [27, 36, 0.4091444897687049], [28, 29, 0.9540753649492094], [28, 37, 0.10349501771418435], [29, 30, 0.8711139872639723], [29, 38, 0.35416180232640637], [30, 39, 0.12367785445971613], [31, 32, 0.9348647722870843], [32, 33, 0.41312800444156417], [33, 34, 0.22921499055640937], [33, 42, 0.9677392899579613], [34, 43, 0.28287729162469666], [36, 37, 0.7572129106597224], [36, 45, 0.03547078621586641], [37, 38, 0.6929463847139553], [37, 46, 0.7600054184195326], [38, 39, 0.8163510641248793], [38, 47, 0.8249035606700773], [39, 40, 0.5323526076337595], [39, 48, 0.03025072440807053], [40, 41, 0.3530248005946218], [41, 42, 0.3000328504098517], [42, 43, 0.5898469204397022], [43, 44, 0.9196451159746719], [46, 47, 0.06927398299101839], [46, 55, 0.5641330627819898], [47, 48, 0.3666953263056151], [47, 56, 0.9992217096676405], [48, 49, 0.6925240744138688], [48, 57, 0.48781168832013666], [49, 50, 0.2606280765134745], [50, 51, 0.10358904439391914], [50, 59, 0.46355395956912226], [51, 52, 0.061411882967265075], [51, 60, 0.9121830768541187], [54, 55, 0.7176529923734506], [55, 64, 0.6437722887874152], [56, 57, 0.6307516145777678], [56, 65, 0.060254133610698646], [57, 58, 0.1912432661795258], [58, 67, 0.7233312721847753], [59, 68, 0.4687492183244166], [60, 61, 0.791719473601846], [60, 69, 0.1756120975710066], [61, 62, 0.7405365972105927], [61, 70, 0.1787317506842141], [63, 64, 0.9191712349476918], [63, 72, 0.20767998295075407], [64, 73, 0.33872916291481625], [65, 66, 0.2958976597507653], [65, 74, 0.5569226271069019], [66, 75, 0.5278436139307487], [68, 69, 0.6501270586118819], [68, 77, 0.9359368573767581], [69, 70, 0.7037646630175903], [69, 78, 0.5374855953798439], [70, 71, 0.04477916739744048], [70, 79, 0.13636233011231758], [26, 35, 0.20566122590123326], [35, 44, 0.15979433570335588], [44, 53, 0.8666957914016897], [53, 62, 0.876176137870455], [73, 74, 0.853452361845384], [74, 75, 0.9527028402678186], [75, 76, 0.6597748298721845], [77, 78, 0.46257718384669777], [78, 79, 0.44971955049277457], [79, 80, 0.9073274086658216]], "oriented": false, "discover": false, "dist": true, "mode": "map"}