{"pos": [[0, 0], [0, 1], [0, 2], [0, 3], [0, 4], [0, 5], [0, 6], [0, 7], [1, 0], [1, 1], [1, 2], [1, 3], [1, 4], [1, 5], [1, 6], [1, 7], [2, 0], [2, 1], [2, 2], [2, 3], [2, 4], [2, 5], [2, 6], [2, 7], [3, 0], [3, 1], [3, 2], [3, 3], [3, 4], [3, 5], [3, 6], [3, 7], [4, 0], [4, 1], [4, 2], [4, 3], [4, 4], [4, 5], [4, 6], [4, 7], [5, 0], [5, 1], [5, 2], [5, 3], [5, 4], [5, 5], [5, 6], [5, 7], [6, 0], [6, 1], [6, 2], [6, 3], [6, 4], [6, 5], [6, 6], [6, 7], [7, 0], [7, 1], [7, 2], [7, 3], [7, 4], [7, 5], [7, 6], [7, 7]], "edges": [[0, 1, 0.929391061536321], [0, 8, 0.9442235093345613], [1, 2, 0.41658232100219705], [1, 9, 0.4282477859625299], [2, 3, 0.39790919095170985], [2, 10, 0.9619704767931766], [3, 4, 0.10419384286915967], [3, 11, 0.716051831485664], [4, 5, 0.5501295547584816], [4, 12, 0.9996517498265141], [5, 6, 0.21228351874940576], [5, 13, 0.0724299041231733], [6, 7, 0.04831403683568225], [6, 14, 0.8843981132053927], [8, 9, 0.34793958826646276], [8, 16, 0.22373068017999498], [9, 10, 0.2644210167259283], [9, 17, 0.36262248303183653], [10, 11, 0.32750530358060803], [11, 12, 0.11017927473668776], [11, 19, 0.46837580924092936], [12, 20, 0.011267805829912048], [14, 15, 0.22057711757582454], [14, 22, 0.9676603706242284], [16, 17, 0.8896626182894313], [16, 24, 0.7127731782653214], [17, 18, 0.5785071869945266], [17, 25, 0.7847600522382703], [19, 20, 0.2588061641049344], [19, 27, 0.6333069266185788], [20, 21, 0.1469209617011179], [20, 28, 0.3092104968516086], [21, 22, 0.820751304732429], [21, 29, 0.8105937487379585], [24, 32, 0.49904780885036215], [25, 26, 0.27276200137364237], [25, 33, 0.09090805077474817], [26, 27, 0.5183234086650677], [26, 34, 0.492121291492999], [27, 28, 0.41084313287614327], [27, 35, 0.7208120562869766], [28, 36, 0.4476722383945414], [29, 30, 0.1781717715750537], [32, 40, 0.14239017594795644], [33, 41, 0.47969737202539753], [36, 37, 0.9709105631814283], [36, 44, 0.8731086014299867], [37, 38, 0.31669490447625015], [37, 45, 0.30887323550600365], [38, 39, 0.647509887265099], [40, 41, 0.17537547320958446], [40, 48, 0.5954051010539825], [41, 42, 0.7654806512170088], [41, 49, 0.5419205012765318], [42, 43, 0.44709733596703527], [43, 44, 0.8526269436150018], [43, 51, 0.8162081357177667], [44, 45, 0.43120160120580153], [45, 46, 0.5522523944066557], [45, 53, 0.8756732887344186], [46, 54, 0.9503925841317457], [48, 49, 0.5985519745690704], [49, 50, 0.8074617810212643], [49, 57, 0.6982725562012831], [50, 58, 0.46358674743748374], [51, 52, 0.6829510645948359], [51, 59, 0.0969443827265315], [52, 60, 0.975256634651954], [53, 61, 0.3026816337511613], [7, 15, 0.06463322223391577], [15, 23, 0.6226080461023905], [23, 31, 0.9150938584031376], [31, 39, 0.7137713993133504], [39, 47, 0.1519803957535475], [47, 55, 0.043114326197419395], [55, 63, 0.9406843221686468], [56, 57, 0.6769354045259834], [57, 58, 0.09643558295869781], [60, 61, 0.6047118578667674], [61, 62, 0.5688755680798903], [62, 63, 0.19170609306202835]], "oriented": false, "discover": false, "dist": true, "mode": "map"}