{"pos": [[0, 0], [0, 1], [0, 2], [0, 3], [0, 4], [0, 5], [0, 6], [0, 7], [1, 0], [1, 1], [1, 2], [1, 3], [1, 4], [1, 5], [1, 6], [1, 7], [2, 0], [2, 1], [2, 2], [2, 3], [2, 4], [2, 5], [2, 6], [2, 7], [3, 0], [3, 1], [3, 2], [3, 3], [3, 4], [3, 5], [3, 6], [3, 7], [4, 0], [4, 1], [4, 2], [4, 3], [4, 4], [4, 5], [4, 6], [4, 7], [5, 0], [5, 1], [5, 2], [5, 3], [5, 4], [5, 5], [5, 6], [5, 7], [6, 0], [6, 1], [6, 2], [6, 3], [6, 4], [6, 5], [6, 6], [6, 7], [7, 0], [7, 1], [7, 2], [7, 3], [7, 4], [7, 5], [7, 6], [7, 7]], "edges": [[0, 8, 0.2765751927085609], [1, 2, 0.7162161266764562], [1, 9, 0.5246769068263589], [2, 10, 0.7382642083412747], [3, 4, 0.5913698301859674], [3, 11, 0.42189931564156147], [4, 5, 0.9205765518525667], [5, 6, 0.1293167655600468], [6, 14, 0.4840832529592909], [8, 9, 0.8961272710120729], [8, 16, 0.6612257196053832], [9, 10, 0.5950033394033064], [9, 17, 0.13007243883235775], [10, 11, 0.35995173350672316], [10, 18, 0.8621045433665929], [11, 12, 0.6798086836279346], [12, 13, 0.7640993923846228], [13, 14, 0.9095629598369239], [14, 15, 0.5462016133110282], [16, 24, 0.5753351697629802], [17, 18, 0.025516437676953996], [17, 25, 0.25964457343861824], [18, 19, 0.7084559684190866], [19, 20, 0.6857093722704023], [19, 27, 0.02939945863281801], [20, 21, 0.654515381867704], [20, 28, 0.637400261546489], [21, 22, 0.2983071432722971], [22, 23, 0.912278873302582], [22, 30, 0.6848934511358413], [24, 25, 0.5731902105164265], [24, 32, 0.8808206846875819], [25, 26, 0.7536944699662459], [25, 33, 0.6308052893251783], [26, 34, 0.29375225453538945], [27, 35, 0.6920307399064599], [28, 29, 0.4689881941440004], [28, 36, 0.6327135842966108], [32, 33, 0.7475083225137968], [32, 40, 0.6720427798136618], [33, 34, 0.8862790948695741], [33, 41, 0.9883242534394792], [34, 35, 0.5517076544643629], [34, 42, 0.3097624021763271], [35, 36, 0.8052659199080002], [35, 43, 0.9907459143356062], [36, 37, 0.4141374582114097], [36, 44, 0.7908638534890245], [37, 38, 0.16479997997020324], [37, 45, 0.7662983676582534], [38, 39, 0.9865637468533595], [38, 46, 0.7928487908612305], [40, 41, 0.1853089239973158], [40, 48, 0.4291985669040864], [41, 49, 0.47278361069382957], [42, 50, 0.5455625082765485], [43, 44, 0.8418422265447127], [44, 45, 0.42053232139232055], [44, 52, 0.30305928679128435], [45, 53, 0.07825785804846963], [46, 47, 0.287119967467546], [46, 54, 0.5178026408736521], [48, 56, 0.6011492548096375], [49, 50, 0.28438062343907433], [49, 57, 0.29291476232865565], [50, 51, 0.974740619727288], [50, 58, 0.7860381130035831], [51, 59, 0.43996010303456157], [52, 53, 0.15875564196065317], [53, 61, 0.8241472179855968], [54, 55, 0.7857676599938378], [54, 62, 0.02191148610534055], [7, 15, 0.6333422103773607], [23, 31, 0.9763723894739003], [47, 55, 0.30407946867590485], [56, 57, 0.8126188862839709], [58, 59, 0.4014833519757267], [59, 60, 0.6327153244986323], [60, 61, 0.6255531348864578], [61, 62, 0.5766026906791022], [62, 63, 0.11892370260354934]], "oriented": false, "discover": false, "dist": true, "mode": "map"}