{"pos": [[0, 0], [0, 1], [0, 2], [0, 3], [0, 4], [0, 5], [0, 6], [0, 7], [1, 0], [1, 1], [1, 2], [1, 3], [1, 4], [1, 5], [1, 6], [1, 7], [2, 0], [2, 1], [2, 2], [2, 3], [2, 4], [2, 5], [2, 6], [2, 7], [3, 0], [3, 1], [3, 2], [3, 3], [3, 4], [3, 5], [3, 6], [3, 7], [4, 0], [4, 1], [4, 2], [4, 3], [4, 4], [4, 5], [4, 6], [4, 7], [5, 0], [5, 1], [5, 2], [5, 3], [5, 4], [5, 5], [5, 6], [5, 7], [6, 0], [6, 1], [6, 2], [6, 3], [6, 4], [6, 5], [6, 6], [6, 7], [7, 0], [7, 1], [7, 2], [7, 3], [7, 4], [7, 5], [7, 6], [7, 7]], "edges": [[0, 1, 0.06912478470911387], [0, 8, 0.8052609225421886], [1, 9, 0.07507985307074372], [2, 3, 0.1566241990313041], [2, 10, 0.5869541752989723], [3, 4, 0.372299376301654], [3, 11, 0.9206561112999951], [4, 5, 0.7044105475715048], [4, 12, 0.2604770912153491], [5, 6, 0.5444497687235774], [6, 7, 0.9672644573629868], [8, 9, 0.18153423242637756], [8, 16, 0.3489057737716038], [9, 10, 0.8946465902827713], [9, 17, 0.6954722545223289], [10, 11, 0.7101949844615397], [11, 12, 0.05165227274493256], [12, 13, 0.25738231422125224], [12, 20, 0.8805329441376923], [13, 14, 0.5275098352101665], [13, 21, 0.4087855942916635], [14, 15, 0.47372534639004615], [14, 22, 0.23423329790762715], [16, 24, 0.747873807482876], [17, 18, 0.5085536515668302], [17, 25, 0.6615414032904801], [18, 19, 0.3054332994524478], [18, 26, 0.7320086426177171], [19, 27, 0.6569612525781324], [20, 21, 0.2954691957721315], [20, 28, 0.1839716733468073], [21, 22, 0.11852634705511988], [22, 23, 0.14664534607220292], [22, 30, 0.27435641280420286], [24, 25, 0.9041144071262884], [24, 32, 0.6463756716456425], [25, 33, 0.7649890546791576], [26, 34, 0.25577680865232644], [27, 28, 0.9699794517841579], [27, 35, 0.18416448621769888], [29, 30, 0.6930946379407907], [29, 37, 0.8832066709817414], [30, 31, 0.9575462285990005], [30, 38, 0.47070471269637515], [32, 33, 0.49925770961452065], [32, 40, 0.7039402858649209], [33, 41, 0.2175644059047771], [35, 36, 0.011679006860245589], [35, 43, 0.19436690981794746], [36, 44, 0.691509478965888], [38, 39, 0.9031496392796738], [38, 46, 0.8665572691266262], [40, 48, 0.9926048930119422], [41, 42, 0.39666839103033147], [41, 49, 0.2688037516041035], [42, 50, 0.8407521050306045], [44, 45, 0.8450037997392938], [44, 52, 0.6265206598678207], [45, 46, 0.31221279616776065], [46, 54, 0.9052016679504357], [48, 49, 0.20400276015916852], [48, 56, 0.8771809137347449], [49, 57, 0.6271976900703058], [50, 51, 0.6763310026916749], [50, 58, 0.8870497697290995], [51, 52, 0.3561744022598371], [51, 59, 0.3392679847650777], [52, 53, 0.4187419927144501], [52, 60, 0.2073586072928103], [53, 54, 0.0736460091952641], [53, 61, 0.9314665236453088], [54, 62, 0.9206109198803081], [15, 23, 0.010312563250889473], [31, 39, 0.056051866408126316], [39, 47, 0.4562217378625284], [47, 55, 0.2441312099498859], [56, 57, 0.2921843333623242], [58, 59, 0.6196623401204979], [59, 60, 0.7312967491177659], [61, 62, 0.9648404567382247], [62, 63, 0.23010310384734267]], "oriented": false, "discover": false, "dist": true, "mode": "map"}