{"pos": [[0, 0], [0, 1], [0, 2], [0, 3], [0, 4], [0, 5], [0, 6], [0, 7], [1, 0], [1, 1], [1, 2], [1, 3], [1, 4], [1, 5], [1, 6], [1, 7], [2, 0], [2, 1], [2, 2], [2, 3], [2, 4], [2, 5], [2, 6], [2, 7], [3, 0], [3, 1], [3, 2], [3, 3], [3, 4], [3, 5], [3, 6], [3, 7], [4, 0], [4, 1], [4, 2], [4, 3], [4, 4], [4, 5], [4, 6], [4, 7], [5, 0], [5, 1], [5, 2], [5, 3], [5, 4], [5, 5], [5, 6], [5, 7], [6, 0], [6, 1], [6, 2], [6, 3], [6, 4], [6, 5], [6, 6], [6, 7], [7, 0], [7, 1], [7, 2], [7, 3], [7, 4], [7, 5], [7, 6], [7, 7]], "edges": [[0, 1, 0.6196059394490373], [0, 8, 0.5382310303440346], [1, 2, 0.6224627438743567], [1, 9, 0.5420979501445097], [2, 3, 0.8036352283557007], [2, 10, 0.8181082437522604], [3, 4, 0.6037160096743011], [4, 5, 0.5398953920593104], [4, 12, 0.32172366935262897], [5, 6, 0.9924635856270746], [5, 13, 0.12350789815797958], [6, 7, 0.30206204629906086], [8, 9, 0.13470487408492704], [8, 16, 0.06228079829009803], [9, 17, 0.7404766896331286], [10, 11, 0.8604174952861658], [10, 18, 0.8084337906692559], [11, 12, 0.37569343517884524], [12, 13, 0.4445146401199839], [13, 14, 0.2845849883734194], [13, 21, 0.46746116052836395], [14, 22, 0.6482084277242385], [16, 17, 0.9382034199746642], [16, 24, 0.6532702084393537], [17, 18, 0.8225076211168676], [18, 19, 0.013009751338382447], [18, 26, 0.27738527683666714], [19, 20, 0.5023358046802364], [19, 27, 0.8481769149623151], [21, 29, 0.05241120833678525], [22, 23, 0.05475153691453849], [22, 30, 0.2773471567430952], [24, 25, 0.7955733427637448], [25, 26, 0.4861627360570956], [26, 27, 0.45788579451009037], [26, 34, 0.2742707005225655], [27, 28, 0.12015926270511512], [28, 36, 0.4857735724425869], [29, 30, 0.9194941729670162], [29, 37, 0.44177940661788884], [30, 31, 0.9468162778342982], [30, 38, 0.4354613776808447], [32, 33, 0.20742527221661344], [32, 40, 0.965208423401082], [33, 34, 0.24282127944307552], [33, 41, 0.6458524663296747], [34, 35, 0.547019305364278], [34, 42, 0.24073978613478053], [35, 43, 0.5971597348531916], [36, 37, 0.34462364679874447], [36, 44, 0.26137992044570635], [37, 38, 0.3038358774876504], [37, 45, 0.11880196556277345], [38, 39, 0.13138215338072612], [38, 46, 0.25991482672059485], [41, 49, 0.2533471750360964], [42, 43, 0.14648404901135237], [42, 50, 0.3108955694509803], [44, 45, 0.33926776422915483], [44, 52, 0.882001498464011], [45, 46, 0.9382063706677027], [48, 49, 0.8081604646499659], [48, 56, 0.22062996482072283], [49, 50, 0.4419958454839754], [50, 51, 0.8087790792307706], [50, 58, 0.05142346969881828], [51, 59, 0.09901664788966891], [52, 53, 0.6882156528631437], [52, 60, 0.5712954670897747], [53, 54, 0.6881864582190667], [54, 55, 0.5142491409754294], [54, 62, 0.03396746585092136], [7, 15, 0.9506130577175067], [31, 39, 0.8186836611830309], [39, 47, 0.6358864460282557], [55, 63, 0.7966315964659793], [56, 57, 0.5752257216878974], [57, 58, 0.29422924794336025], [58, 59, 0.4010613335283111], [60, 61, 0.15923793814376241], [61, 62, 0.23139263744950544]], "oriented": false, "discover": false, "dist": true, "mode": "map"}