{"pos": [[0, 0], [0, 1], [0, 2], [0, 3], [0, 4], [0, 5], [0, 6], [0, 7], [1, 0], [1, 1], [1, 2], [1, 3], [1, 4], [1, 5], [1, 6], [1, 7], [2, 0], [2, 1], [2, 2], [2, 3], [2, 4], [2, 5], [2, 6], [2, 7], [3, 0], [3, 1], [3, 2], [3, 3], [3, 4], [3, 5], [3, 6], [3, 7], [4, 0], [4, 1], [4, 2], [4, 3], [4, 4], [4, 5], [4, 6], [4, 7], [5, 0], [5, 1], [5, 2], [5, 3], [5, 4], [5, 5], [5, 6], [5, 7], [6, 0], [6, 1], [6, 2], [6, 3], [6, 4], [6, 5], [6, 6], [6, 7], [7, 0], [7, 1], [7, 2], [7, 3], [7, 4], [7, 5], [7, 6], [7, 7]], "edges": [[0, 1, 0.5478688202802217], [0, 8, 0.023618472993418127], [1, 2, 0.2510986300341288], [2, 3, 0.9430920901779253], [2, 10, 0.7509931528553863], [3, 4, 0.5421150093381751], [3, 11, 0.8079289080625123], [4, 5, 0.9007151101153348], [5, 6, 0.24425584160360314], [6, 7, 0.9384513833710407], [6, 14, 0.9545142527922104], [8, 9, 0.061257878773735897], [8, 16, 0.5886358897060645], [10, 18, 0.29443342264943373], [11, 12, 0.5298195323797916], [11, 19, 0.6225582981425616], [12, 13, 0.5003496864346931], [12, 20, 0.32701028035948676], [13, 14, 0.3900828286814426], [13, 21, 0.6152512510534147], [14, 15, 0.210960849491716], [14, 22, 0.44087807824877645], [16, 17, 0.04925501576694047], [16, 24, 0.15533132109449477], [17, 18, 0.8451992858597716], [17, 25, 0.6640277276795781], [18, 19, 0.17143540242728506], [18, 26, 0.024024205610554628], [19, 20, 0.47408803126813526], [19, 27, 0.5901813322786517], [20, 28, 0.8255039163926916], [21, 22, 0.0844164703742798], [21, 29, 0.9953653856977297], [24, 25, 0.3173613433534799], [24, 32, 0.020957745856486354], [25, 33, 0.977955986620494], [26, 34, 0.8640724872484695], [27, 28, 0.6031715448496752], [27, 35, 0.8428695867409872], [28, 29, 0.7506824535365187], [28, 36, 0.35210459431865215], [29, 30, 0.9684860387998444], [29, 37, 0.32814259680498536], [30, 31, 0.7262168454762458], [30, 38, 0.5880569794663613], [32, 40, 0.26533323354044624], [34, 35, 0.2113786166893764], [35, 36, 0.12123233930523902], [35, 43, 0.09870890744783856], [36, 37, 0.9628900122567543], [37, 38, 0.5702423185982485], [37, 45, 0.15796468918180206], [38, 39, 0.6845904951472678], [40, 41, 0.32594749156046254], [40, 48, 0.017992049404466637], [41, 42, 0.6255186325882235], [42, 50, 0.9804908333604935], [43, 44, 0.01883713187013114], [43, 51, 0.4143031053056413], [44, 45, 0.8615408012855996], [45, 46, 0.9499339502705831], [45, 53, 0.5990079190295792], [48, 49, 0.9258315911784457], [48, 56, 0.5086369915066973], [49, 50, 0.9918847287240687], [49, 57, 0.2757594646334065], [50, 51, 0.13037102185461158], [51, 52, 0.8636712109224656], [51, 59, 0.2977312101283772], [52, 53, 0.25354012105752666], [53, 54, 0.9621976364055744], [54, 55, 0.9145216629494377], [15, 23, 0.28151209855590376], [23, 31, 0.6422632296956186], [39, 47, 0.391642570262561], [47, 55, 0.6215749133055661], [57, 58, 0.1805251558417491], [59, 60, 0.02666901905817054], [60, 61, 0.6778753565396226], [61, 62, 0.44670383681930803], [62, 63, 0.6553169973491536]], "oriented": false, "discover": false, "dist": true, "mode": "map"}