{"pos": [[0, 0], [0, 1], [0, 2], [0, 3], [0, 4], [0, 5], [0, 6], [0, 7], [1, 0], [1, 1], [1, 2], [1, 3], [1, 4], [1, 5], [1, 6], [1, 7], [2, 0], [2, 1], [2, 2], [2, 3], [2, 4], [2, 5], [2, 6], [2, 7], [3, 0], [3, 1], [3, 2], [3, 3], [3, 4], [3, 5], [3, 6], [3, 7], [4, 0], [4, 1], [4, 2], [4, 3], [4, 4], [4, 5], [4, 6], [4, 7], [5, 0], [5, 1], [5, 2], [5, 3], [5, 4], [5, 5], [5, 6], [5, 7], [6, 0], [6, 1], [6, 2], [6, 3], [6, 4], [6, 5], [6, 6], [6, 7], [7, 0], [7, 1], [7, 2], [7, 3], [7, 4], [7, 5], [7, 6], [7, 7]], "edges": [[0, 1, 0.3594304175191899], [0, 8, 0.9996775898184582], [1, 2, 0.8802847472775727], [1, 9, 0.024338307381160162], [2, 3, 0.9294579726011076], [2, 10, 0.3516903969147548], [3, 4, 0.1021578108430844], [3, 11, 0.907632154924555], [4, 5, 0.7941602821044588], [4, 12, 0.6776928520629343], [5, 6, 0.33722281709800905], [5, 13, 0.141596905883264], [6, 7, 0.14661665766903276], [6, 14, 0.4512076324673667], [9, 17, 0.408921040203325], [10, 18, 0.8749057207924338], [11, 12, 0.1340658540257157], [11, 19, 0.6257930116169979], [14, 15, 0.6058306093994517], [14, 22, 0.6758073415966839], [16, 17, 0.4319887494067385], [17, 25, 0.24829346743841874], [18, 26, 0.7442978786080644], [19, 20, 0.23938109904823512], [19, 27, 0.5702589122143559], [20, 21, 0.39116748121943157], [20, 28, 0.9858235352797969], [22, 30, 0.7812559631145946], [24, 25, 0.0865919754604243], [24, 32, 0.165317921255156], [25, 33, 0.418258387646671], [26, 27, 0.5488529573931782], [27, 28, 0.4608340473319875], [27, 35, 0.5968430033422915], [28, 29, 0.041531503059999864], [28, 36, 0.5574922805026733], [29, 37, 0.3692220412220454], [30, 31, 0.8213115223033016], [30, 38, 0.7748832654324356], [32, 33, 0.2344783158201923], [32, 40, 0.34994263179650054], [33, 34, 0.44860388095051607], [33, 41, 0.2574832961302722], [35, 36, 0.04045233143021687], [35, 43, 0.67786939502825], [36, 37, 0.5888285717478426], [36, 44, 0.6044237354111431], [37, 45, 0.5111422336645275], [38, 39, 0.6137912933539846], [38, 46, 0.15113412616818622], [40, 48, 0.35488982307383266], [41, 42, 0.42266936520815734], [41, 49, 0.183334058720392], [42, 43, 0.1825167934556935], [42, 50, 0.26775216752175557], [43, 51, 0.9904941268536617], [45, 53, 0.5587907379800833], [46, 47, 0.544031586731395], [46, 54, 0.6026939774720231], [48, 49, 0.5118898730429646], [48, 56, 0.9151144412186463], [49, 57, 0.3421802890609519], [50, 51, 0.8578832618955905], [50, 58, 0.4442417246872471], [51, 52, 0.9552029711432012], [51, 59, 0.06934763014331613], [52, 53, 0.6129391005515453], [54, 55, 0.4845093629281878], [54, 62, 0.013388991362624392], [7, 15, 0.3605054344280044], [15, 23, 0.2833407023058925], [31, 39, 0.46942517481677826], [39, 47, 0.488422108865335], [47, 55, 0.6463152672703141], [55, 63, 0.9772772214930093], [56, 57, 0.26463923694599434], [57, 58, 0.8000743435848597], [58, 59, 0.7957932478677503], [59, 60, 0.06535547782668594], [60, 61, 0.7749673162246449], [61, 62, 0.6689065605019764]], "oriented": false, "discover": false, "dist": true, "mode": "map"}