{"pos": [[0, 0], [0, 1], [0, 2], [0, 3], [0, 4], [0, 5], [0, 6], [0, 7], [1, 0], [1, 1], [1, 2], [1, 3], [1, 4], [1, 5], [1, 6], [1, 7], [2, 0], [2, 1], [2, 2], [2, 3], [2, 4], [2, 5], [2, 6], [2, 7], [3, 0], [3, 1], [3, 2], [3, 3], [3, 4], [3, 5], [3, 6], [3, 7], [4, 0], [4, 1], [4, 2], [4, 3], [4, 4], [4, 5], [4, 6], [4, 7], [5, 0], [5, 1], [5, 2], [5, 3], [5, 4], [5, 5], [5, 6], [5, 7], [6, 0], [6, 1], [6, 2], [6, 3], [6, 4], [6, 5], [6, 6], [6, 7], [7, 0], [7, 1], [7, 2], [7, 3], [7, 4], [7, 5], [7, 6], [7, 7]], "edges": [[0, 1, 0.9160963770175211], [0, 8, 0.031860406411387654], [1, 2, 0.020695875127607732], [2, 3, 0.878814017623537], [2, 10, 0.31055787868259654], [3, 4, 0.07722094189711315], [3, 11, 0.18605207801534007], [4, 5, 0.8753262934291025], [4, 12, 0.36218893626413906], [5, 6, 0.27873390697099854], [6, 7, 0.5833489910545836], [8, 9, 0.4850107085617551], [8, 16, 0.2722994908793359], [9, 10, 0.8841226223400498], [9, 17, 0.8795980018458248], [10, 18, 0.46983520423911906], [11, 19, 0.45838458164627016], [12, 13, 0.7994508586538444], [12, 20, 0.41698262441472944], [13, 14, 0.21021932581828406], [13, 21, 0.6200271237528377], [14, 15, 0.7456693115827823], [14, 22, 0.0795438986033632], [16, 17, 0.9147180605341696], [16, 24, 0.9663767032717344], [17, 18, 0.4170249091574463], [17, 25, 0.8568637636663177], [18, 19, 0.9392044403771301], [18, 26, 0.044007390309937056], [19, 27, 0.6296050876979841], [21, 22, 0.827454703132647], [22, 23, 0.3891176673707626], [24, 25, 0.86898190406404], [24, 32, 0.19768555462542103], [25, 33, 0.46386117708439456], [27, 28, 0.1474271695243602], [27, 35, 0.5952109857195483], [28, 29, 0.015180384978850991], [28, 36, 0.7898138447124878], [29, 30, 0.3566124079813392], [30, 38, 0.43133335271115725], [32, 33, 0.29851861833975646], [32, 40, 0.8746161854020771], [33, 41, 0.3915582350084855], [34, 35, 0.9590963232111471], [35, 43, 0.16964120280938721], [36, 37, 0.6168119028816235], [36, 44, 0.16466493485886957], [38, 46, 0.23912395553908117], [40, 41, 0.7159636715347165], [40, 48, 0.5591256405358909], [41, 42, 0.5940868787305731], [43, 44, 0.25383857306005353], [43, 51, 0.7550447306968509], [44, 45, 0.16230204972134266], [44, 52, 0.9755741691119089], [45, 46, 0.5306555607057132], [45, 53, 0.2760720257278032], [46, 54, 0.9117621701841965], [48, 49, 0.013490031607393704], [48, 56, 0.34180646641446366], [49, 50, 0.1365402529442724], [49, 57, 0.49471879552372255], [51, 52, 0.38293836114357316], [51, 59, 0.32862639858998655], [52, 53, 0.5959496326674193], [52, 60, 0.6526997361663488], [53, 61, 0.3759068356699127], [54, 55, 0.4251340197076412], [54, 62, 0.4827321947367422], [15, 23, 0.057155888362564244], [23, 31, 0.984529640848623], [31, 39, 0.6744239025331592], [39, 47, 0.1351712007755852], [47, 55, 0.6971890988233828], [55, 63, 0.3715739319451863], [57, 58, 0.843037725884248], [59, 60, 0.9344440268185766], [60, 61, 0.0795851544339452], [61, 62, 0.9777471724480494], [62, 63, 0.269629380318797]], "oriented": false, "discover": false, "dist": true, "mode": "map"}