{"pos": [[0, 0], [0, 1], [0, 2], [0, 3], [0, 4], [0, 5], [0, 6], [0, 7], [1, 0], [1, 1], [1, 2], [1, 3], [1, 4], [1, 5], [1, 6], [1, 7], [2, 0], [2, 1], [2, 2], [2, 3], [2, 4], [2, 5], [2, 6], [2, 7], [3, 0], [3, 1], [3, 2], [3, 3], [3, 4], [3, 5], [3, 6], [3, 7], [4, 0], [4, 1], [4, 2], [4, 3], [4, 4], [4, 5], [4, 6], [4, 7], [5, 0], [5, 1], [5, 2], [5, 3], [5, 4], [5, 5], [5, 6], [5, 7], [6, 0], [6, 1], [6, 2], [6, 3], [6, 4], [6, 5], [6, 6], [6, 7], [7, 0], [7, 1], [7, 2], [7, 3], [7, 4], [7, 5], [7, 6], [7, 7]], "edges": [[0, 1, 0.8027755365544899], [0, 8, 0.8223576508905576], [1, 2, 0.6533224325596566], [1, 9, 0.020218561089772713], [2, 3, 0.829434143375722], [2, 10, 0.9073812268451031], [3, 4, 0.34841491177136186], [4, 5, 0.5871199044863646], [4, 12, 0.07361177384122175], [5, 6, 0.25139379282114294], [5, 13, 0.7271435356247863], [6, 7, 0.5232529595777539], [6, 14, 0.4849885398813556], [8, 16, 0.7246062372412259], [9, 10, 0.42282867226731025], [10, 11, 0.47023137572095997], [10, 18, 0.9288117131377875], [11, 12, 0.45981989965193704], [12, 13, 0.26356915703353734], [14, 15, 0.05815002275220438], [14, 22, 0.5299615819735682], [17, 18, 0.753360528821585], [18, 19, 0.7102614274572298], [18, 26, 0.7499805094261307], [19, 20, 0.6886819197672281], [19, 27, 0.49512133511568723], [20, 21, 0.5975735813417552], [20, 28, 0.07822651485635368], [21, 22, 0.9069237821213726], [21, 29, 0.30317101602462593], [22, 23, 0.7825003986888951], [22, 30, 0.1516730686938017], [24, 25, 0.7085191207992343], [24, 32, 0.8066227419756083], [25, 26, 0.26561859314456804], [25, 33, 0.9814923490786356], [26, 27, 0.22588519246275895], [26, 34, 0.6319249858513588], [27, 28, 0.40825654088005614], [27, 35, 0.07606927798742436], [28, 36, 0.6004839623384075], [29, 37, 0.7910497871032791], [30, 31, 0.5485424726076791], [30, 38, 0.009685516459314814], [32, 33, 0.42033898952700655], [34, 35, 0.9354852720820905], [34, 42, 0.6186436462285756], [35, 43, 0.7615066547984004], [36, 44, 0.883648254846963], [37, 45, 0.5874784820371941], [38, 39, 0.09509325965541615], [38, 46, 0.1527983896392403], [40, 41, 0.10737694281052002], [41, 42, 0.7179450886214701], [42, 43, 0.9779375301485166], [42, 50, 0.8726513941539465], [43, 51, 0.02813219726216587], [44, 45, 0.5453801463945457], [44, 52, 0.7710117668562133], [45, 53, 0.4024128750238005], [46, 47, 0.8768504550943358], [46, 54, 0.6659196805987515], [48, 49, 0.039053333234373766], [48, 56, 0.3244119203164221], [49, 50, 0.8206979811656293], [49, 57, 0.5860028475226072], [50, 58, 0.8290671820684258], [51, 52, 0.9150228960307355], [52, 60, 0.14300486223004938], [53, 54, 0.9551219038185016], [53, 61, 0.962712890731499], [54, 55, 0.3296874001820651], [54, 62, 0.5220600866371774], [15, 23, 0.8308426227536124], [31, 39, 0.41419605988723474], [39, 47, 0.3618214283054635], [58, 59, 0.11853319849448019], [59, 60, 0.1678735344386536], [60, 61, 0.9409830955516041], [61, 62, 0.2935948027349936], [62, 63, 0.40592192993942977]], "oriented": false, "discover": false, "dist": true, "mode": "map"}