{"pos": [[0, 0], [0, 1], [0, 2], [0, 3], [0, 4], [0, 5], [0, 6], [0, 7], [1, 0], [1, 1], [1, 2], [1, 3], [1, 4], [1, 5], [1, 6], [1, 7], [2, 0], [2, 1], [2, 2], [2, 3], [2, 4], [2, 5], [2, 6], [2, 7], [3, 0], [3, 1], [3, 2], [3, 3], [3, 4], [3, 5], [3, 6], [3, 7], [4, 0], [4, 1], [4, 2], [4, 3], [4, 4], [4, 5], [4, 6], [4, 7], [5, 0], [5, 1], [5, 2], [5, 3], [5, 4], [5, 5], [5, 6], [5, 7], [6, 0], [6, 1], [6, 2], [6, 3], [6, 4], [6, 5], [6, 6], [6, 7], [7, 0], [7, 1], [7, 2], [7, 3], [7, 4], [7, 5], [7, 6], [7, 7]], "edges": [[0, 1, 0.1601098743554722], [0, 8, 0.8891014562096476], [1, 9, 0.21479375744322926], [2, 3, 0.13021285945450656], [2, 10, 0.08217333971439156], [3, 4, 0.6415574206629923], [4, 5, 0.43474998972788703], [4, 12, 0.31717879683119354], [5, 13, 0.09685097656532993], [6, 14, 0.03756561289217453], [8, 9, 0.3601365932049855], [8, 16, 0.15541313390043598], [9, 10, 0.7788987729148555], [10, 11, 0.5740838772178067], [11, 12, 0.9701574999501092], [11, 19, 0.21639185717665876], [12, 13, 0.695543303646223], [12, 20, 0.28365719902105324], [13, 14, 0.2595589789262026], [13, 21, 0.11996845673825007], [14, 15, 0.9523509110906686], [16, 17, 0.7593957496177047], [16, 24, 0.022711815800219526], [17, 18, 0.8848898507839978], [18, 19, 0.19906106146560765], [18, 26, 0.19056980086343878], [19, 20, 0.3974458737160288], [20, 21, 0.6832679433728123], [21, 22, 0.7163164144305503], [22, 23, 0.9266000840248249], [22, 30, 0.07821237394565506], [24, 25, 0.13697271249110776], [24, 32, 0.0117947694125341], [26, 27, 0.8727278880580852], [26, 34, 0.7176850485930251], [27, 28, 0.515961481568817], [27, 35, 0.9787400476931047], [28, 29, 0.8897218823012406], [28, 36, 0.8955154255599148], [29, 30, 0.6554233996297446], [30, 31, 0.27623487064724905], [30, 38, 0.4881264974012366], [32, 33, 0.42224314554191966], [32, 40, 0.5309925131847985], [33, 41, 0.7737206077786286], [34, 42, 0.5813821052563792], [35, 36, 0.4081313270170126], [36, 37, 0.236701760809781], [36, 44, 0.29251110979409645], [37, 45, 0.5668526327574509], [38, 39, 0.43277549309059693], [40, 48, 0.643790869753974], [41, 49, 0.8515693773827793], [42, 43, 0.372161952145869], [42, 50, 0.31363236714221243], [43, 44, 0.9936298536026085], [44, 45, 0.42446625114193914], [44, 52, 0.7430238802841427], [45, 46, 0.779656547880744], [48, 49, 0.22404720027148572], [48, 56, 0.38126388725150806], [49, 50, 0.9564432106302224], [49, 57, 0.42458314008140363], [50, 51, 0.4919330706717374], [51, 59, 0.6118916939734028], [52, 53, 0.30978197510021244], [52, 60, 0.8769284093453348], [53, 54, 0.7555230757357787], [53, 61, 0.7441021481286596], [54, 55, 0.5093106970063195], [54, 62, 0.7395860219732477], [7, 15, 0.4454898091250926], [31, 39, 0.8089631452522215], [39, 47, 0.8769594554313767], [47, 55, 0.010154160279270297], [55, 63, 0.7572436937442343], [56, 57, 0.9499516393109109], [57, 58, 0.4949627174752962], [58, 59, 0.3225921064282189], [59, 60, 0.37251097332207095], [61, 62, 0.8650734299959058]], "oriented": false, "discover": false, "dist": true, "mode": "map"}