{"pos": [[0, 0], [0, 1], [0, 2], [0, 3], [0, 4], [0, 5], [0, 6], [0, 7], [1, 0], [1, 1], [1, 2], [1, 3], [1, 4], [1, 5], [1, 6], [1, 7], [2, 0], [2, 1], [2, 2], [2, 3], [2, 4], [2, 5], [2, 6], [2, 7], [3, 0], [3, 1], [3, 2], [3, 3], [3, 4], [3, 5], [3, 6], [3, 7], [4, 0], [4, 1], [4, 2], [4, 3], [4, 4], [4, 5], [4, 6], [4, 7], [5, 0], [5, 1], [5, 2], [5, 3], [5, 4], [5, 5], [5, 6], [5, 7], [6, 0], [6, 1], [6, 2], [6, 3], [6, 4], [6, 5], [6, 6], [6, 7], [7, 0], [7, 1], [7, 2], [7, 3], [7, 4], [7, 5], [7, 6], [7, 7]], "edges": [[0, 1, 0.8166697970539157], [0, 8, 0.454286564344615], [2, 3, 0.5212143939312922], [2, 10, 0.6488325463164463], [3, 4, 0.7817526322846371], [4, 5, 0.7861984697145558], [5, 6, 0.9877525532589077], [6, 7, 0.6306766450296104], [8, 9, 0.14352832213843403], [8, 16, 0.0642565917795036], [9, 10, 0.5737726257648932], [9, 17, 0.22538290014394113], [10, 11, 0.8621607121716083], [11, 12, 0.9744571215805801], [11, 19, 0.4973492113986603], [12, 13, 0.003586255240769387], [12, 20, 0.23568237907093292], [13, 14, 0.02827598955401789], [13, 21, 0.041285819413405034], [14, 15, 0.6359562502117558], [14, 22, 0.2983187933351956], [16, 17, 0.21270427059504993], [16, 24, 0.2837592512842292], [17, 18, 0.2883470848685322], [17, 25, 0.06719569146472648], [19, 20, 0.00032429400802513886], [19, 27, 0.2462375194001737], [20, 28, 0.3673348822232], [21, 22, 0.9099607529719986], [21, 29, 0.4460374561230912], [22, 23, 0.4492786101670112], [22, 30, 0.08062511393791427], [24, 32, 0.9838572049812868], [25, 26, 0.7516269847029861], [26, 34, 0.4056678722059299], [27, 35, 0.3305034595564109], [28, 29, 0.5650114093063039], [28, 36, 0.9568003705129348], [29, 37, 0.8702426742144485], [30, 31, 0.7343964075481204], [32, 33, 0.13904423282488354], [32, 40, 0.8392130223228708], [33, 41, 0.8787022586609652], [34, 35, 0.20047441053716597], [34, 42, 0.41140728345836297], [35, 43, 0.7237432327338323], [36, 37, 0.1350296693160119], [37, 38, 0.026853974516941603], [37, 45, 0.38925218230877], [38, 39, 0.33975362975367285], [38, 46, 0.5824201681703645], [40, 41, 0.565171631197732], [40, 48, 0.34035399757182916], [41, 42, 0.8708257510210293], [41, 49, 0.09757348429356882], [42, 43, 0.03463165907294419], [43, 44, 0.6107654699888934], [44, 45, 0.5517893943172612], [44, 52, 0.11901875905526438], [46, 47, 0.804653649588737], [48, 49, 0.015108113434640358], [48, 56, 0.07397210454621683], [49, 50, 0.2736331050441433], [49, 57, 0.24989748898498987], [50, 51, 0.789679595919096], [50, 58, 0.07683155676777209], [51, 52, 0.871153185570561], [51, 59, 0.3728893049910561], [52, 53, 0.09494991851369117], [52, 60, 0.25233333887896514], [53, 54, 0.2843885720088205], [53, 61, 0.9524197410205201], [54, 62, 0.8615361660716321], [7, 15, 0.5728468979912212], [23, 31, 0.2786185199276233], [31, 39, 0.3697882379195072], [39, 47, 0.2082692394827501], [47, 55, 0.5053835767066983], [55, 63, 0.24076683551840916], [56, 57, 0.01612765584707898], [61, 62, 0.7830047422789086]], "oriented": false, "discover": false, "dist": true, "mode": "map"}