{"pos": [[0, 0], [0, 1], [0, 2], [0, 3], [0, 4], [0, 5], [0, 6], [0, 7], [1, 0], [1, 1], [1, 2], [1, 3], [1, 4], [1, 5], [1, 6], [1, 7], [2, 0], [2, 1], [2, 2], [2, 3], [2, 4], [2, 5], [2, 6], [2, 7], [3, 0], [3, 1], [3, 2], [3, 3], [3, 4], [3, 5], [3, 6], [3, 7], [4, 0], [4, 1], [4, 2], [4, 3], [4, 4], [4, 5], [4, 6], [4, 7], [5, 0], [5, 1], [5, 2], [5, 3], [5, 4], [5, 5], [5, 6], [5, 7], [6, 0], [6, 1], [6, 2], [6, 3], [6, 4], [6, 5], [6, 6], [6, 7], [7, 0], [7, 1], [7, 2], [7, 3], [7, 4], [7, 5], [7, 6], [7, 7]], "edges": [[0, 1, 0.44199306259670157], [1, 2, 0.9919012576032664], [1, 9, 0.4891918532793844], [2, 3, 0.30693098867768875], [2, 10, 0.585425717064866], [3, 4, 0.22647457424056894], [3, 11, 0.6688417824635566], [4, 5, 0.9177723880378751], [4, 12, 0.6336439249900043], [5, 6, 0.2445720669977255], [6, 7, 0.06130775417014733], [8, 9, 0.3200791237874201], [8, 16, 0.8058718205833616], [9, 10, 0.5228193608091922], [9, 17, 0.944154984349019], [10, 18, 0.6209591564067578], [11, 12, 0.1723684844018809], [11, 19, 0.5060626440981607], [12, 13, 0.9916084347599586], [13, 14, 0.6703017586884569], [13, 21, 0.2037758939014337], [14, 15, 0.34622776029336044], [16, 24, 0.3382939059578446], [17, 18, 0.33143724956135867], [17, 25, 0.4250602944472135], [18, 26, 0.7032559828062654], [19, 20, 0.4516069673668558], [19, 27, 0.1937215954512017], [20, 21, 0.5547103172109991], [20, 28, 0.4264529435727781], [21, 29, 0.9767621032395813], [22, 30, 0.9118392322351816], [24, 25, 0.5246444397325202], [24, 32, 0.32676434696018064], [25, 26, 0.7628392090883341], [25, 33, 0.6206514000689218], [26, 27, 0.11652703139912224], [28, 36, 0.1679634060985984], [29, 30, 0.3952725551612999], [30, 31, 0.7962475410263582], [30, 38, 0.14458425021572074], [32, 33, 0.8035893570251945], [32, 40, 0.1462550856578989], [33, 34, 0.7261855991395797], [33, 41, 0.39444179731922135], [35, 36, 0.07105590365839143], [36, 37, 0.12007010102478355], [36, 44, 0.44944453401089257], [37, 38, 0.14759551779135893], [37, 45, 0.7687037487707091], [38, 46, 0.09127684006529324], [41, 42, 0.7851660351706438], [41, 49, 0.6226567269448428], [42, 43, 0.40325643318034976], [42, 50, 0.9639944773632352], [43, 51, 0.8165624478036889], [45, 46, 0.38909667134042025], [45, 53, 0.04043105442811057], [46, 47, 0.297211298039185], [46, 54, 0.5816767052033485], [48, 49, 0.06210167599965022], [49, 50, 0.9977262042958933], [49, 57, 0.2752547737881792], [50, 58, 0.18297433786782202], [51, 52, 0.8901344337243804], [51, 59, 0.046877363026048946], [52, 60, 0.7191296473985322], [53, 54, 0.6165435221804832], [53, 61, 0.23223631025597558], [54, 62, 0.3436487242516686], [7, 15, 0.9762638731580645], [15, 23, 0.773597596049564], [31, 39, 0.8629421583625756], [39, 47, 0.0742170499988759], [47, 55, 0.2273992392380677], [55, 63, 0.18631768806641558], [56, 57, 0.6398393971424173], [57, 58, 0.2023363764315439], [60, 61, 0.3005804217566801], [61, 62, 0.07585024725313338], [62, 63, 0.731281658554292]], "oriented": false, "discover": false, "dist": true, "mode": "map"}