{"pos": [[0, 0], [0, 1], [0, 2], [0, 3], [0, 4], [0, 5], [0, 6], [0, 7], [1, 0], [1, 1], [1, 2], [1, 3], [1, 4], [1, 5], [1, 6], [1, 7], [2, 0], [2, 1], [2, 2], [2, 3], [2, 4], [2, 5], [2, 6], [2, 7], [3, 0], [3, 1], [3, 2], [3, 3], [3, 4], [3, 5], [3, 6], [3, 7], [4, 0], [4, 1], [4, 2], [4, 3], [4, 4], [4, 5], [4, 6], [4, 7], [5, 0], [5, 1], [5, 2], [5, 3], [5, 4], [5, 5], [5, 6], [5, 7], [6, 0], [6, 1], [6, 2], [6, 3], [6, 4], [6, 5], [6, 6], [6, 7], [7, 0], [7, 1], [7, 2], [7, 3], [7, 4], [7, 5], [7, 6], [7, 7]], "edges": [[0, 1, 0.6261066225465641], [0, 8, 0.03835597499637022], [1, 9, 0.8787910632145639], [2, 3, 0.7705906420555052], [2, 10, 0.22763159919846065], [3, 4, 0.1296006333631572], [5, 6, 0.9394755449260497], [5, 13, 0.3096918228805927], [6, 7, 0.2447930088687732], [6, 14, 0.9055027820113049], [8, 9, 0.42730537975523064], [8, 16, 0.9075118516330354], [9, 10, 0.16005286402553032], [9, 17, 0.3880676435088104], [10, 11, 0.3629605510907722], [10, 18, 0.8488294301235124], [11, 12, 0.277217123135866], [12, 13, 0.6509542005018816], [13, 14, 0.6217255416988378], [13, 21, 0.19859076815093268], [14, 15, 0.3048310461027376], [14, 22, 0.6124693160569952], [16, 24, 0.44368547663423874], [17, 25, 0.919786994501387], [18, 19, 0.019680387677121214], [19, 20, 0.2071583760227813], [20, 21, 0.6853849953168529], [21, 22, 0.38506701369980934], [21, 29, 0.6497883287669879], [22, 23, 0.7348595743034821], [24, 32, 0.8231878599251659], [25, 26, 0.6556413425395404], [25, 33, 0.09004076667627958], [26, 27, 0.7239531514154355], [26, 34, 0.7351461205862603], [27, 28, 0.418561436700703], [28, 36, 0.7128191465170051], [29, 30, 0.09883003533762136], [29, 37, 0.36242420696449296], [30, 31, 0.0021650961786056078], [30, 38, 0.41633892134040884], [32, 40, 0.08500274091403826], [33, 34, 0.12683331253563013], [33, 41, 0.04260039469387655], [34, 35, 0.21553632822880364], [35, 43, 0.19100217214943205], [36, 44, 0.9767163495016835], [37, 45, 0.7133327437746527], [38, 39, 0.1429079863423095], [38, 46, 0.23177414228827897], [40, 41, 0.44179290502317337], [41, 42, 0.6679509465606086], [41, 49, 0.27782036998911297], [42, 50, 0.9916760487367188], [43, 44, 0.6829180470801505], [43, 51, 0.5696704242200288], [44, 45, 0.530039197487308], [45, 46, 0.3026574439307833], [45, 53, 0.22193929285542902], [46, 47, 0.7874421885429607], [46, 54, 0.851712547166365], [48, 49, 0.5618435688564946], [48, 56, 0.3172131173206184], [49, 50, 0.4062441898985327], [49, 57, 0.08957613008886245], [50, 51, 0.03560531461418781], [50, 58, 0.5915133182658256], [51, 52, 0.6663977169360409], [51, 59, 0.08825432692201796], [53, 54, 0.30134429413318375], [53, 61, 0.25975196543327017], [54, 55, 0.5876367765254195], [54, 62, 0.5345959680552591], [15, 23, 0.08739563132336792], [31, 39, 0.6634100170912881], [47, 55, 0.5908294271914353], [56, 57, 0.3663091803083359], [57, 58, 0.8552753814463757], [59, 60, 0.40744914005867705], [61, 62, 0.39212308901472415], [62, 63, 0.3760376537867851]], "oriented": false, "discover": false, "dist": true, "mode": "map"}