{"pos": [[0, 0], [0, 1], [0, 2], [0, 3], [0, 4], [0, 5], [0, 6], [0, 7], [1, 0], [1, 1], [1, 2], [1, 3], [1, 4], [1, 5], [1, 6], [1, 7], [2, 0], [2, 1], [2, 2], [2, 3], [2, 4], [2, 5], [2, 6], [2, 7], [3, 0], [3, 1], [3, 2], [3, 3], [3, 4], [3, 5], [3, 6], [3, 7], [4, 0], [4, 1], [4, 2], [4, 3], [4, 4], [4, 5], [4, 6], [4, 7], [5, 0], [5, 1], [5, 2], [5, 3], [5, 4], [5, 5], [5, 6], [5, 7], [6, 0], [6, 1], [6, 2], [6, 3], [6, 4], [6, 5], [6, 6], [6, 7], [7, 0], [7, 1], [7, 2], [7, 3], [7, 4], [7, 5], [7, 6], [7, 7]], "edges": [[0, 1, 0.822202418533703], [0, 8, 0.3070837658321006], [1, 2, 0.4747274555074821], [1, 9, 0.6349411795632661], [2, 3, 0.8040971901592895], [2, 10, 0.676328394474272], [3, 4, 0.06745043350345548], [3, 11, 0.8473503164722807], [4, 5, 0.9823217989343427], [5, 6, 0.6293565403439139], [5, 13, 0.20081645890109823], [6, 7, 0.13967337819909587], [6, 14, 0.49413340115654414], [9, 10, 0.05671171255703478], [9, 17, 0.8724983045523498], [10, 11, 0.623884212559535], [11, 12, 0.43335607282346056], [12, 13, 0.14548702010139802], [13, 21, 0.616918067874131], [14, 15, 0.37051780199951134], [14, 22, 0.11083513509609422], [16, 17, 0.2339282677215101], [17, 18, 0.4863659256102556], [17, 25, 0.1617609806069007], [18, 19, 0.15187199036412846], [18, 26, 0.7656639882650849], [19, 20, 0.8498954635092439], [19, 27, 0.011622192250336894], [20, 28, 0.43132336645376135], [22, 30, 0.7961005320876074], [24, 25, 0.7921145096828451], [25, 33, 0.20531994110719798], [26, 27, 0.06434380054825684], [26, 34, 0.36635481100367384], [27, 35, 0.36089770475345917], [28, 29, 0.6125749850972022], [28, 36, 0.6123369326146235], [29, 30, 0.8500798110039127], [30, 31, 0.24408381380039057], [30, 38, 0.018280657255270838], [32, 33, 0.3183522087511962], [32, 40, 0.3535648937337573], [33, 34, 0.7799916874187461], [33, 41, 0.8974214295773639], [34, 35, 0.6557974446714925], [34, 42, 0.5077143376047424], [35, 36, 0.009807134908104365], [36, 37, 0.06497501967074781], [36, 44, 0.6602606666641898], [38, 39, 0.24807455939234613], [38, 46, 0.16276607681853883], [40, 48, 0.5712771078026312], [41, 49, 0.06926155205165518], [42, 43, 0.5912320814544546], [42, 50, 0.34452425932348196], [43, 44, 0.61770827685264], [44, 45, 0.9650112911500976], [44, 52, 0.5430228072027234], [45, 46, 0.4423742635189839], [45, 53, 0.4642921817683434], [46, 47, 0.05606040778619703], [46, 54, 0.20602217812734036], [48, 49, 0.5183434707338103], [49, 50, 0.1796360117937874], [49, 57, 0.12663744727768833], [50, 51, 0.37762659828989276], [50, 58, 0.03699782331762158], [51, 52, 0.48572375662679557], [52, 60, 0.1437691202806377], [54, 62, 0.6440263935516984], [7, 15, 0.8594635039675074], [15, 23, 0.4552250111239803], [23, 31, 0.5022555938177711], [39, 47, 0.42696671015286225], [47, 55, 0.04136691832892214], [55, 63, 0.6978080881087093], [56, 57, 0.820774994970809], [57, 58, 0.8374827920740241], [58, 59, 0.2667806943015847], [60, 61, 0.17848613092140542], [61, 62, 0.6583557709603229]], "oriented": false, "discover": false, "dist": true, "mode": "map"}