{"pos": [[0, 0], [0, 1], [0, 2], [0, 3], [0, 4], [0, 5], [0, 6], [0, 7], [1, 0], [1, 1], [1, 2], [1, 3], [1, 4], [1, 5], [1, 6], [1, 7], [2, 0], [2, 1], [2, 2], [2, 3], [2, 4], [2, 5], [2, 6], [2, 7], [3, 0], [3, 1], [3, 2], [3, 3], [3, 4], [3, 5], [3, 6], [3, 7], [4, 0], [4, 1], [4, 2], [4, 3], [4, 4], [4, 5], [4, 6], [4, 7], [5, 0], [5, 1], [5, 2], [5, 3], [5, 4], [5, 5], [5, 6], [5, 7], [6, 0], [6, 1], [6, 2], [6, 3], [6, 4], [6, 5], [6, 6], [6, 7], [7, 0], [7, 1], [7, 2], [7, 3], [7, 4], [7, 5], [7, 6], [7, 7]], "edges": [[0, 1, 0.7795680894068512], [0, 8, 0.557456358139974], [1, 2, 0.9004615325506667], [1, 9, 0.6518782736777828], [2, 3, 0.35171325541042986], [2, 10, 0.43895619922895746], [3, 4, 0.14201615720228855], [4, 5, 0.10720893409267018], [5, 6, 0.7189152575344746], [5, 13, 0.128754159246519], [6, 7, 0.15378014098158366], [6, 14, 0.9901711642439444], [8, 9, 0.05438436746269293], [8, 16, 0.5103367011391813], [9, 10, 0.5283874800063655], [9, 17, 0.9920664269530808], [10, 11, 0.15426977028139943], [10, 18, 0.46608989688946556], [11, 12, 0.5794002938431112], [11, 19, 0.6239927673081351], [12, 13, 0.7969352084033798], [12, 20, 0.9911468291048791], [13, 21, 0.650911343495366], [14, 22, 0.043983248908948225], [16, 24, 0.29009979762902716], [17, 25, 0.6728144742935879], [18, 19, 0.8661872439373242], [19, 27, 0.7273691454417828], [20, 21, 0.5988162987479185], [20, 28, 0.007517480663643994], [21, 29, 0.5850663175302682], [22, 23, 0.00544877064756899], [22, 30, 0.5633404669951477], [24, 32, 0.3673254312059756], [25, 26, 0.7103028455201249], [27, 28, 0.3672615600755045], [27, 35, 0.07079311682075384], [28, 36, 0.7049512505532725], [29, 37, 0.055327916062944515], [30, 31, 0.7181367809006793], [30, 38, 0.016098449914692226], [32, 33, 0.06586965423646685], [32, 40, 0.2510975703173821], [33, 34, 0.45751146319213076], [33, 41, 0.6540407735199597], [34, 35, 0.7088380891915204], [35, 43, 0.08697905840200659], [36, 37, 0.7529911031025356], [37, 45, 0.10160165823725453], [38, 39, 0.6558474028275169], [40, 41, 0.9429905292124209], [40, 48, 0.0736588443923829], [41, 42, 0.4667312358527227], [41, 49, 0.31995115093205884], [43, 44, 0.7438707631641186], [43, 51, 0.6647507169183292], [44, 45, 0.6852714847594891], [45, 46, 0.610483760311978], [46, 54, 0.3559316295083582], [48, 49, 0.8211748142363076], [48, 56, 0.7130272974068037], [49, 50, 0.4976430334547812], [49, 57, 0.962700979943612], [50, 51, 0.9234117341335613], [50, 58, 0.6620005478331181], [51, 52, 0.7612151300174803], [51, 59, 0.8256377927361215], [52, 53, 0.44811676032270586], [52, 60, 0.848172198071507], [53, 54, 0.6375950270402365], [54, 62, 0.657154664488239], [7, 15, 0.19725020232617063], [15, 23, 0.8360929168355831], [23, 31, 0.7141778420449959], [31, 39, 0.7969576309593025], [39, 47, 0.6600138146956904], [47, 55, 0.5038208510678686], [55, 63, 0.9528694591774979], [58, 59, 0.9295585942796988], [61, 62, 0.2896600814662631], [62, 63, 0.2665067474215739]], "oriented": false, "discover": false, "dist": true, "mode": "map"}