{"pos": [[0, 0], [0, 1], [0, 2], [0, 3], [0, 4], [0, 5], [0, 6], [0, 7], [1, 0], [1, 1], [1, 2], [1, 3], [1, 4], [1, 5], [1, 6], [1, 7], [2, 0], [2, 1], [2, 2], [2, 3], [2, 4], [2, 5], [2, 6], [2, 7], [3, 0], [3, 1], [3, 2], [3, 3], [3, 4], [3, 5], [3, 6], [3, 7], [4, 0], [4, 1], [4, 2], [4, 3], [4, 4], [4, 5], [4, 6], [4, 7], [5, 0], [5, 1], [5, 2], [5, 3], [5, 4], [5, 5], [5, 6], [5, 7], [6, 0], [6, 1], [6, 2], [6, 3], [6, 4], [6, 5], [6, 6], [6, 7], [7, 0], [7, 1], [7, 2], [7, 3], [7, 4], [7, 5], [7, 6], [7, 7]], "edges": [[0, 1, 0.2641791424870066], [0, 8, 0.25318306498438503], [1, 9, 0.5297293024059347], [2, 3, 0.11118286257517374], [2, 10, 0.6176725067606953], [3, 4, 0.9456845552216138], [3, 11, 0.3655246560659262], [5, 13, 0.38543035580408536], [6, 7, 0.5599770065668759], [6, 14, 0.9152248715217352], [8, 9, 0.8507087551398356], [8, 16, 0.7003741714765035], [9, 10, 0.6224612201079882], [9, 17, 0.5559144182428896], [10, 11, 0.8043952151457244], [10, 18, 0.09245647256537604], [11, 12, 0.0882584273898388], [11, 19, 0.5939154712595529], [12, 13, 0.35594536587734626], [12, 20, 0.9811407796925063], [13, 14, 0.170618679727087], [13, 21, 0.7245828584241792], [14, 15, 0.9497429345693816], [14, 22, 0.11026626859948718], [16, 17, 0.9739306698090322], [16, 24, 0.3325012537179355], [19, 20, 0.014523945619429601], [19, 27, 0.8475545683760871], [21, 22, 0.8413651925162827], [21, 29, 0.5455118892966484], [22, 23, 0.7095117798821744], [22, 30, 0.2995062163721839], [24, 25, 0.015718522610012164], [24, 32, 0.1728923726859649], [25, 33, 0.27044353031296986], [26, 27, 0.9527611382115079], [26, 34, 0.6678869481974303], [27, 28, 0.6349122566098158], [27, 35, 0.3180871030078448], [28, 36, 0.5275088615922114], [30, 31, 0.7454411774541178], [30, 38, 0.5638541676123622], [32, 33, 0.84680220713366], [32, 40, 0.49172451676245776], [33, 41, 0.9590309488287714], [34, 35, 0.21956376402394984], [34, 42, 0.6856449073094517], [35, 43, 0.6842249382258745], [36, 37, 0.5179605163687176], [36, 44, 0.8892357247224913], [37, 38, 0.1378023845957539], [38, 39, 0.6170241400847131], [38, 46, 0.9020275846117949], [40, 41, 0.29062593137393056], [40, 48, 0.6247025651263253], [41, 42, 0.5356613367019283], [41, 49, 0.94114070156536], [42, 50, 0.03562284149049921], [43, 44, 0.0234593508000438], [43, 51, 0.612755250009822], [44, 45, 0.5558486062806534], [44, 52, 0.5880905492944092], [45, 46, 0.5431318001842707], [45, 53, 0.6097909722531993], [46, 54, 0.5218523492761538], [48, 56, 0.8759045171596428], [49, 50, 0.6181195192961054], [49, 57, 0.6241734976278568], [50, 51, 0.1265968125285034], [50, 58, 0.3538756295350518], [51, 52, 0.20248552878958725], [51, 59, 0.8972583034631721], [53, 61, 0.9696992880258508], [54, 62, 0.011748421180934554], [23, 31, 0.008474682996750804], [39, 47, 0.40314752801359377], [47, 55, 0.5629618014610503], [55, 63, 0.6027992419855799], [58, 59, 0.7624651617539108], [59, 60, 0.8085203036897706], [62, 63, 0.9390335680693082]], "oriented": false, "discover": false, "dist": true, "mode": "map"}