{"pos": [[0, 0], [0, 1], [0, 2], [0, 3], [0, 4], [0, 5], [0, 6], [0, 7], [0, 8], [1, 0], [1, 1], [1, 2], [1, 3], [1, 4], [1, 5], [1, 6], [1, 7], [1, 8], [2, 0], [2, 1], [2, 2], [2, 3], [2, 4], [2, 5], [2, 6], [2, 7], [2, 8], [3, 0], [3, 1], [3, 2], [3, 3], [3, 4], [3, 5], [3, 6], [3, 7], [3, 8], [4, 0], [4, 1], [4, 2], [4, 3], [4, 4], [4, 5], [4, 6], [4, 7], [4, 8], [5, 0], [5, 1], [5, 2], [5, 3], [5, 4], [5, 5], [5, 6], [5, 7], [5, 8], [6, 0], [6, 1], [6, 2], [6, 3], [6, 4], [6, 5], [6, 6], [6, 7], [6, 8], [7, 0], [7, 1], [7, 2], [7, 3], [7, 4], [7, 5], [7, 6], [7, 7], [7, 8], [8, 0], [8, 1], [8, 2], [8, 3], [8, 4], [8, 5], [8, 6], [8, 7], [8, 8]], "edges": [[0, 1, 0.7788377546308514], [0, 9, 0.9781663613269778], [1, 2, 0.47320646550808043], [1, 10, 0.7747230417206636], [2, 3, 0.9953890247920509], [2, 11, 0.5949140060026632], [3, 4, 0.20592745888988984], [3, 12, 0.31838038646506617], [4, 5, 0.3022310358541095], [4, 13, 0.6339121784703758], [5, 6, 0.4574782607436001], [5, 14, 0.9319507014288873], [6, 7, 0.29364795797739884], [6, 15, 0.16711956579392284], [7, 8, 0.6214321253037522], [7, 16, 0.05957667707166636], [9, 10, 0.8953431953109695], [9, 18, 0.6763829604339343], [10, 19, 0.3762368295065873], [11, 12, 0.017473318550028982], [11, 20, 0.4475714557195567], [12, 21, 0.9651107642320853], [13, 22, 0.7553025782722601], [14, 15, 0.7952046134195385], [14, 23, 0.19722467583596104], [15, 16, 0.02014097966061623], [15, 24, 0.2194646185673096], [16, 25, 0.2699986427350656], [18, 27, 0.28612870535004986], [19, 28, 0.9695441435354122], [20, 21, 0.9092108928099746], [21, 30, 0.049340465657379706], [22, 23, 0.5372885212113203], [22, 31, 0.7597713037577323], [23, 32, 0.9332994321451691], [24, 25, 0.7337147792157753], [25, 26, 0.1002548620116478], [25, 34, 0.9892467350434173], [27, 28, 0.1558315733466109], [28, 29, 0.9179391593110031], [28, 37, 0.2772159162020039], [29, 38, 0.5813749778857642], [30, 31, 0.011849918057672326], [30, 39, 0.4129672834522331], [31, 40, 0.39294474931767565], [32, 33, 0.8696671042361411], [32, 41, 0.33036384682758013], [33, 34, 0.21313730753871452], [33, 42, 0.9616694878269078], [34, 35, 0.14695175249890036], [36, 37, 0.603969258288918], [36, 45, 0.23166957270273125], [37, 46, 0.20680828415367747], [38, 39, 0.01159203618667104], [38, 47, 0.2569722271074478], [39, 40, 0.9424589466228716], [39, 48, 0.4488927638273478], [40, 49, 0.13594129179519554], [42, 43, 0.5629332688431704], [42, 51, 0.2017528082098431], [43, 52, 0.12051053720898264], [46, 47, 0.8986249729534833], [46, 55, 0.95191564120509], [47, 48, 0.9569729965752402], [48, 57, 0.8496145350612215], [49, 50, 0.9629502926622252], [49, 58, 0.23855356770471725], [50, 51, 0.3485885293433003], [50, 59, 0.35552508523298154], [51, 60, 0.5714453269562532], [52, 53, 0.0866108243896141], [52, 61, 0.6335620003155042], [54, 55, 0.9018064504207338], [54, 63, 0.9950352758529316], [55, 56, 0.22629277162627348], [55, 64, 0.6784605228195615], [56, 57, 0.7522175058843241], [57, 58, 0.4638466303774488], [57, 66, 0.6412850125677625], [58, 59, 0.6820985245530871], [58, 67, 0.5178755605555085], [59, 68, 0.9182470907539433], [60, 61, 0.09375268876863996], [61, 62, 0.7811542944179029], [61, 70, 0.5631747762061883], [63, 72, 0.46615017858163643], [64, 65, 0.3466715827844954], [64, 73, 0.9704160214028378], [66, 67, 0.4706045348142259], [66, 75, 0.20416488405347744], [68, 69, 0.5415156999870281], [69, 70, 0.1488682488669939], [69, 78, 0.2889800362841545], [70, 71, 0.6061639765759115], [70, 79, 0.6713064258250383], [8, 17, 0.3672042603867157], [26, 35, 0.8505539487049273], [35, 44, 0.7767685062734269], [44, 53, 0.8045480726376806], [71, 80, 0.004450562397298241], [72, 73, 0.8685628231907645], [73, 74, 0.6721269146679314], [75, 76, 0.7540393969988659], [76, 77, 0.34119296863321047]], "oriented": false, "discover": false, "dist": true, "mode": "map"}