{"pos": [[0, 0], [0, 1], [0, 2], [0, 3], [0, 4], [0, 5], [0, 6], [0, 7], [1, 0], [1, 1], [1, 2], [1, 3], [1, 4], [1, 5], [1, 6], [1, 7], [2, 0], [2, 1], [2, 2], [2, 3], [2, 4], [2, 5], [2, 6], [2, 7], [3, 0], [3, 1], [3, 2], [3, 3], [3, 4], [3, 5], [3, 6], [3, 7], [4, 0], [4, 1], [4, 2], [4, 3], [4, 4], [4, 5], [4, 6], [4, 7], [5, 0], [5, 1], [5, 2], [5, 3], [5, 4], [5, 5], [5, 6], [5, 7], [6, 0], [6, 1], [6, 2], [6, 3], [6, 4], [6, 5], [6, 6], [6, 7], [7, 0], [7, 1], [7, 2], [7, 3], [7, 4], [7, 5], [7, 6], [7, 7]], "edges": [[0, 1, 0.7704511637495063], [0, 8, 0.024125414470364537], [1, 9, 0.5229123073813337], [2, 10, 0.37517467297187845], [3, 4, 0.7935186677037966], [4, 5, 0.29673258034967886], [4, 12, 0.7524726080569151], [5, 6, 0.6435291037714282], [5, 13, 0.7982048524622106], [6, 7, 0.6827262387379958], [6, 14, 0.6894533005254249], [8, 9, 0.47775927534693496], [8, 16, 0.6388714649314589], [9, 10, 0.7622937535208618], [9, 17, 0.25297023523971707], [10, 11, 0.988159920261544], [10, 18, 0.4095992046110123], [12, 13, 0.053154989158304744], [13, 14, 0.1638520482224537], [13, 21, 0.7693362181431097], [14, 15, 0.02081740998804893], [16, 17, 0.7399138449196865], [16, 24, 0.7838029649721902], [17, 18, 0.3276814573034218], [17, 25, 0.20109210747393946], [18, 19, 0.08630092139859091], [18, 26, 0.7862536578254414], [19, 20, 0.7204018916729049], [19, 27, 0.21342849704421496], [21, 22, 0.7128843390911166], [21, 29, 0.9131291124976156], [22, 30, 0.20164646734913616], [24, 25, 0.10551531038431439], [24, 32, 0.6609209271962099], [26, 34, 0.2118295141768699], [27, 28, 0.2581154826288363], [27, 35, 0.26827998775351736], [28, 36, 0.3011783301927885], [29, 37, 0.20282388040060018], [30, 38, 0.7313760075679824], [32, 33, 0.943879867768043], [32, 40, 0.8720225065900581], [33, 34, 0.5345023159235799], [33, 41, 0.5721909912683898], [36, 44, 0.032200533531716924], [37, 38, 0.3223253999777752], [37, 45, 0.5361106462906119], [38, 39, 0.5261745410601862], [38, 46, 0.03892546200329061], [40, 41, 0.04547145785617046], [40, 48, 0.24857540796800404], [41, 42, 0.2296497569694066], [42, 43, 0.3998956152810371], [42, 50, 0.8173232166762617], [43, 44, 0.05580041085986187], [43, 51, 0.9162194222832099], [44, 45, 0.9032034688699733], [45, 46, 0.14853919902695079], [45, 53, 0.9170480755723802], [46, 54, 0.7303397609874828], [48, 49, 0.9584692542101153], [48, 56, 0.02642440951704772], [49, 57, 0.36730527429647275], [50, 51, 0.38234248107530433], [50, 58, 0.7819830666403825], [51, 52, 0.3376234164424534], [52, 60, 0.02763592148501126], [53, 54, 0.5758016116083059], [53, 61, 0.5148559993366815], [54, 55, 0.28190855555756233], [54, 62, 0.823459290125682], [7, 15, 0.16155584676631551], [15, 23, 0.3023343346978963], [23, 31, 0.9037824395336392], [39, 47, 0.45494251365090543], [47, 55, 0.49055647495874377], [55, 63, 0.9384526000222564], [58, 59, 0.5522930514758709], [59, 60, 0.594916370736536], [62, 63, 0.5297927299024143]], "oriented": false, "discover": false, "dist": true, "mode": "map"}