{"pos": [[0, 0], [0, 1], [0, 2], [0, 3], [0, 4], [0, 5], [0, 6], [0, 7], [1, 0], [1, 1], [1, 2], [1, 3], [1, 4], [1, 5], [1, 6], [1, 7], [2, 0], [2, 1], [2, 2], [2, 3], [2, 4], [2, 5], [2, 6], [2, 7], [3, 0], [3, 1], [3, 2], [3, 3], [3, 4], [3, 5], [3, 6], [3, 7], [4, 0], [4, 1], [4, 2], [4, 3], [4, 4], [4, 5], [4, 6], [4, 7], [5, 0], [5, 1], [5, 2], [5, 3], [5, 4], [5, 5], [5, 6], [5, 7], [6, 0], [6, 1], [6, 2], [6, 3], [6, 4], [6, 5], [6, 6], [6, 7], [7, 0], [7, 1], [7, 2], [7, 3], [7, 4], [7, 5], [7, 6], [7, 7]], "edges": [[0, 1, 0.41094372592055706], [0, 8, 0.46908115173646336], [1, 2, 0.5222851231541746], [1, 9, 0.6450685890229999], [2, 3, 0.7459218681268531], [2, 10, 0.8490723245986573], [3, 4, 0.478316164261968], [3, 11, 0.13599774364473693], [4, 12, 0.9464018877074832], [5, 6, 0.9457487772803159], [5, 13, 0.3224997421246071], [6, 7, 0.8734416521471952], [6, 14, 0.028439785559975506], [9, 17, 0.16045848151365139], [10, 18, 0.2753773950575896], [11, 12, 0.5416786043331145], [11, 19, 0.2675726291293231], [12, 13, 0.22204442718084105], [13, 14, 0.3363987406957979], [13, 21, 0.7847685272928553], [14, 15, 0.45997959123551846], [14, 22, 0.45547850405768553], [16, 24, 0.10058728739385159], [17, 25, 0.5946107096934703], [18, 19, 0.42951184149951427], [18, 26, 0.3079317741856922], [19, 20, 0.6385064022317505], [20, 21, 0.7910721506190709], [20, 28, 0.5629935466578746], [21, 22, 0.06597374059274641], [22, 30, 0.8371163282606034], [24, 25, 0.4998251603425735], [24, 32, 0.7209647882496878], [25, 26, 0.4748084586619884], [26, 27, 0.7724497751409954], [26, 34, 0.8562850558431551], [27, 28, 0.08036022567918244], [27, 35, 0.17323760440058655], [28, 29, 0.26946148800800784], [28, 36, 0.9122936453005069], [29, 30, 0.5487043575259384], [29, 37, 0.5127997560518889], [30, 31, 0.4427874619490997], [30, 38, 0.16502137405712292], [32, 33, 0.08322569676251657], [32, 40, 0.49529371889472795], [33, 34, 0.16840621269067357], [33, 41, 0.9832464420466948], [34, 42, 0.06374757731738678], [36, 37, 0.6831526818028858], [36, 44, 0.06395143946960347], [37, 38, 0.5989685125478437], [38, 39, 0.766693658514332], [42, 43, 0.269332500522653], [42, 50, 0.7943304899138597], [43, 51, 0.4401019500954152], [44, 45, 0.5174504306625142], [45, 46, 0.4353415095034776], [46, 54, 0.43123775725058855], [48, 49, 0.6843800951404991], [48, 56, 0.6223702453834367], [49, 50, 0.8584288966540811], [50, 58, 0.7390074279291727], [51, 52, 0.4234406673611656], [52, 53, 0.5579547995495482], [52, 60, 0.365493432470814], [53, 54, 0.820456646041897], [53, 61, 0.6796844867642642], [54, 55, 0.44508665028548433], [54, 62, 0.8547623789107491], [15, 23, 0.3330819224290468], [23, 31, 0.4988555055068168], [31, 39, 0.6621925399124415], [39, 47, 0.7315300234523431], [47, 55, 0.4424821388827914], [55, 63, 0.794975331517751], [56, 57, 0.45198068171419137], [57, 58, 0.4659880941639737], [58, 59, 0.6096434096389133], [60, 61, 0.8324413859020384], [61, 62, 0.7641803293672942]], "oriented": false, "discover": false, "dist": true, "mode": "map"}