{"pos": [[0, 0], [0, 1], [0, 2], [0, 3], [0, 4], [0, 5], [0, 6], [0, 7], [1, 0], [1, 1], [1, 2], [1, 3], [1, 4], [1, 5], [1, 6], [1, 7], [2, 0], [2, 1], [2, 2], [2, 3], [2, 4], [2, 5], [2, 6], [2, 7], [3, 0], [3, 1], [3, 2], [3, 3], [3, 4], [3, 5], [3, 6], [3, 7], [4, 0], [4, 1], [4, 2], [4, 3], [4, 4], [4, 5], [4, 6], [4, 7], [5, 0], [5, 1], [5, 2], [5, 3], [5, 4], [5, 5], [5, 6], [5, 7], [6, 0], [6, 1], [6, 2], [6, 3], [6, 4], [6, 5], [6, 6], [6, 7], [7, 0], [7, 1], [7, 2], [7, 3], [7, 4], [7, 5], [7, 6], [7, 7]], "edges": [[0, 1, 0.9513354863949237], [0, 8, 0.4529400318432747], [2, 3, 0.829810780754062], [2, 10, 0.907118091835107], [3, 4, 0.9152814944094302], [3, 11, 0.5572577987378862], [4, 12, 0.8511440894615465], [5, 6, 0.08289601532813251], [5, 13, 0.48147782650586524], [6, 7, 0.8667770779713315], [6, 14, 0.34236351326349035], [8, 9, 0.6605348286087245], [8, 16, 0.2081020566337014], [9, 10, 0.3829006540029102], [9, 17, 0.547935376546627], [10, 11, 0.5966734865656779], [10, 18, 0.285678173423664], [11, 12, 0.5706636357180975], [11, 19, 0.8994248261354705], [12, 13, 0.06450608301310246], [12, 20, 0.3675190377241133], [13, 14, 0.3302287786561938], [14, 15, 0.43432579303636254], [14, 22, 0.5616516307450926], [16, 24, 0.20602201917178864], [17, 18, 0.6105372705416066], [17, 25, 0.008377048514662477], [18, 26, 0.6592620901138441], [19, 27, 0.7346185626764645], [20, 21, 0.20135904556368356], [21, 29, 0.010540719400047083], [24, 32, 0.43507257758440765], [25, 33, 0.5034304028857682], [26, 27, 0.8428481541390728], [26, 34, 0.49979149337857476], [27, 28, 0.9043898222418161], [27, 35, 0.20523033433786464], [28, 36, 0.6300591394155896], [29, 30, 0.05316078927052792], [30, 31, 0.06755782147725375], [32, 33, 0.934250003089294], [32, 40, 0.26921632903551795], [33, 41, 0.5421467554811833], [35, 43, 0.0022110973228021136], [36, 37, 0.7408646772775151], [36, 44, 0.757751152862165], [37, 38, 0.2721090456241688], [37, 45, 0.22327540575289428], [38, 39, 0.10110171387676048], [38, 46, 0.7687518625239506], [40, 48, 0.24723405395949416], [41, 42, 0.14074226073196783], [41, 49, 0.273716953495322], [42, 43, 0.5414288731980016], [42, 50, 0.11688619768726716], [43, 44, 0.2770872570706989], [44, 45, 0.5945391722537773], [44, 52, 0.02248253681876189], [45, 46, 0.2838610862510881], [45, 53, 0.19899968614735097], [46, 47, 0.43814263895423144], [48, 49, 0.49528656395202664], [48, 56, 0.38346045495663383], [50, 51, 0.061741800740084396], [50, 58, 0.819989980377406], [52, 53, 0.7161140387235788], [52, 60, 0.4394624466058029], [53, 54, 0.9890249744341855], [53, 61, 0.26448815880103105], [54, 55, 0.86326234614026], [54, 62, 0.1677270126177629], [7, 15, 0.715084412207872], [15, 23, 0.20945000046699525], [31, 39, 0.11338287406981695], [55, 63, 0.03851149254043362], [56, 57, 0.30822814099990814], [58, 59, 0.5696168396550778], [59, 60, 0.6805378115576842], [60, 61, 0.03186771276746547], [61, 62, 0.3390188541161172], [62, 63, 0.34656767081984186]], "oriented": false, "discover": false, "dist": true, "mode": "map"}