{"pos": [[0, 0], [0, 1], [0, 2], [0, 3], [0, 4], [0, 5], [0, 6], [0, 7], [1, 0], [1, 1], [1, 2], [1, 3], [1, 4], [1, 5], [1, 6], [1, 7], [2, 0], [2, 1], [2, 2], [2, 3], [2, 4], [2, 5], [2, 6], [2, 7], [3, 0], [3, 1], [3, 2], [3, 3], [3, 4], [3, 5], [3, 6], [3, 7], [4, 0], [4, 1], [4, 2], [4, 3], [4, 4], [4, 5], [4, 6], [4, 7], [5, 0], [5, 1], [5, 2], [5, 3], [5, 4], [5, 5], [5, 6], [5, 7], [6, 0], [6, 1], [6, 2], [6, 3], [6, 4], [6, 5], [6, 6], [6, 7], [7, 0], [7, 1], [7, 2], [7, 3], [7, 4], [7, 5], [7, 6], [7, 7]], "edges": [[0, 1, 0.2116662658927676], [0, 8, 0.06396155041188134], [1, 2, 0.09652478610242188], [1, 9, 0.7004320291545308], [2, 3, 0.09695157483936756], [2, 10, 0.4983696542792445], [3, 4, 0.3336393766599597], [3, 11, 0.25008659713416703], [4, 5, 0.7420826520351275], [5, 6, 0.9519787917703642], [6, 7, 0.6878159612704713], [6, 14, 0.46480006215892955], [8, 16, 0.7192443480577541], [9, 17, 0.3077176741545131], [10, 11, 0.47692433671911105], [10, 18, 0.7900663083377678], [11, 12, 0.25432955806514534], [12, 13, 0.5633104614421366], [12, 20, 0.6613556305179941], [13, 14, 0.68865538669184], [13, 21, 0.9478036562404061], [14, 15, 0.8966790705672518], [14, 22, 0.6269936508084114], [16, 17, 0.27258342814261727], [17, 25, 0.24163224141168016], [18, 19, 0.7058451560201693], [19, 20, 0.7218129299961257], [20, 21, 0.7682211273561478], [20, 28, 0.07907036966566172], [21, 22, 0.6355645986348888], [22, 30, 0.9853943070919587], [24, 25, 0.05583688203938353], [25, 26, 0.8344124494790311], [25, 33, 0.01887158306359471], [26, 27, 0.05662013564455204], [26, 34, 0.1110771988463145], [28, 29, 0.34536152660386565], [28, 36, 0.4218183547393911], [29, 30, 0.8021586065884824], [29, 37, 0.48632282229328405], [30, 31, 0.9256646921033127], [30, 38, 0.5279438332533793], [32, 33, 0.2857635504554831], [32, 40, 0.8940200359986765], [33, 41, 0.31033097055075154], [34, 35, 0.04494113208646555], [34, 42, 0.2592193234995671], [35, 36, 0.10588465830834337], [35, 43, 0.5234049810951941], [36, 44, 0.7548345810284971], [37, 38, 0.9970439834560594], [37, 45, 0.9607292592552971], [38, 46, 0.9185072997345378], [40, 41, 0.025728528284169938], [41, 42, 0.8662690836196918], [41, 49, 0.16356576306507464], [42, 50, 0.5487141833945889], [43, 44, 0.820899607055969], [43, 51, 0.6948665880821255], [44, 52, 0.30388439595510996], [45, 53, 0.5252598635076656], [46, 47, 0.34272231550300714], [46, 54, 0.2685779875307044], [48, 49, 0.2753221880839958], [48, 56, 0.8255409966314241], [49, 57, 0.2506998277478927], [50, 51, 0.7135797520203955], [50, 58, 0.28791290156344185], [51, 52, 0.6801911880620277], [51, 59, 0.050639518710372644], [53, 61, 0.11683116603828347], [54, 62, 0.337195442802108], [7, 15, 0.6598018054892968], [15, 23, 0.7610740426786502], [23, 31, 0.2217560243863297], [31, 39, 0.48105545608089717], [39, 47, 0.2524140399725868], [47, 55, 0.4658015671381397], [55, 63, 0.11328153396294416], [57, 58, 0.18267572114779174], [59, 60, 0.7938001931060825]], "oriented": false, "discover": false, "dist": true, "mode": "map"}