{"pos": [[0, 0], [0, 1], [0, 2], [0, 3], [0, 4], [0, 5], [0, 6], [0, 7], [0, 8], [1, 0], [1, 1], [1, 2], [1, 3], [1, 4], [1, 5], [1, 6], [1, 7], [1, 8], [2, 0], [2, 1], [2, 2], [2, 3], [2, 4], [2, 5], [2, 6], [2, 7], [2, 8], [3, 0], [3, 1], [3, 2], [3, 3], [3, 4], [3, 5], [3, 6], [3, 7], [3, 8], [4, 0], [4, 1], [4, 2], [4, 3], [4, 4], [4, 5], [4, 6], [4, 7], [4, 8], [5, 0], [5, 1], [5, 2], [5, 3], [5, 4], [5, 5], [5, 6], [5, 7], [5, 8], [6, 0], [6, 1], [6, 2], [6, 3], [6, 4], [6, 5], [6, 6], [6, 7], [6, 8], [7, 0], [7, 1], [7, 2], [7, 3], [7, 4], [7, 5], [7, 6], [7, 7], [7, 8], [8, 0], [8, 1], [8, 2], [8, 3], [8, 4], [8, 5], [8, 6], [8, 7], [8, 8]], "edges": [[0, 1, 0.8149957986464137], [0, 9, 0.7737379512321315], [1, 2, 0.7145323478667361], [1, 10, 0.3552700311942163], [2, 3, 0.5306285902914296], [2, 11, 0.5318346646393021], [3, 4, 0.7792276423092768], [3, 12, 0.24349545499100778], [4, 5, 0.38672470092017786], [4, 13, 0.9540532492444105], [5, 6, 0.6319959969656208], [5, 14, 0.6892319634803404], [6, 7, 0.6448885694514371], [6, 15, 0.21618554342508056], [7, 8, 0.4404791016366315], [7, 16, 0.6482241983026847], [9, 10, 0.5017600019057719], [9, 18, 0.4850060391377081], [10, 11, 0.7223332047779488], [10, 19, 0.03911631482479583], [11, 12, 0.22222722848658416], [11, 20, 0.63331241841671], [12, 13, 0.8360319753139982], [12, 21, 0.344074437144389], [13, 14, 0.8768938452334325], [13, 22, 0.9835856029099977], [14, 15, 0.4571783386899715], [14, 23, 0.033141356446069636], [15, 16, 0.30196592878148976], [15, 24, 0.44396347276449144], [16, 25, 0.19804654403950217], [19, 28, 0.5422067526259826], [20, 29, 0.8396271319603658], [21, 22, 0.6855801837236495], [22, 31, 0.8624003340189226], [23, 24, 0.8398919697082975], [23, 32, 0.8339561758159163], [24, 33, 0.7885619953617807], [25, 34, 0.8295637775901922], [27, 28, 0.7549903490534912], [28, 37, 0.6592869129928094], [29, 30, 0.2545736846258827], [30, 39, 0.4167166420019185], [31, 32, 0.5371371674626593], [31, 40, 0.12213945525323533], [32, 33, 0.2059010474382451], [32, 41, 0.32260030100360415], [33, 42, 0.8564660060715672], [36, 37, 0.2606595091483229], [37, 38, 0.812688099632131], [37, 46, 0.5568660692649315], [39, 40, 0.6999354896747751], [39, 48, 0.6623795536468126], [40, 41, 0.39931552770443335], [40, 49, 0.8099374054569357], [42, 43, 0.23431448183151837], [42, 51, 0.2776037162836934], [43, 52, 0.1609495388205029], [45, 46, 0.02407618019641311], [46, 47, 0.8298081714343246], [46, 55, 0.9632943233164484], [48, 57, 0.37700579576522253], [50, 51, 0.9554820699976684], [50, 59, 0.5346217330328606], [51, 52, 0.21628220150413924], [51, 60, 0.6834635445302064], [52, 53, 0.3851662462315685], [52, 61, 0.9999408088702819], [54, 55, 0.46130617320118517], [55, 56, 0.5877833772768282], [55, 64, 0.5193882456901064], [56, 57, 0.9673621225997804], [56, 65, 0.2955604196930074], [57, 58, 0.4253406235151924], [57, 66, 0.19119028105994007], [58, 59, 0.5194193058641545], [58, 67, 0.3001056348035941], [59, 68, 0.9091574382246886], [60, 69, 0.9902617557392077], [63, 64, 0.9555866763081222], [63, 72, 0.8230855380637043], [64, 73, 0.9061210822451548], [65, 74, 0.6986754044617831], [66, 67, 0.2256893216429534], [67, 68, 0.9279956892866646], [67, 76, 0.5842172230873177], [68, 69, 0.6424583967515103], [68, 77, 0.8900736362577032], [69, 78, 0.018930739843887823], [70, 71, 0.214565363145509], [70, 79, 0.23062201682575945], [8, 17, 0.6654965683217917], [17, 26, 0.33985754144114844], [26, 35, 0.6976222093713003], [35, 44, 0.4681577769280737], [44, 53, 0.263658962489818], [53, 62, 0.8677031941987101], [62, 71, 0.31245753149887456], [71, 80, 0.24741939502090904], [72, 73, 0.0686100547478874], [73, 74, 0.6035224964302849], [74, 75, 0.052921795237476754], [76, 77, 0.9142091722898013], [77, 78, 0.9752055499804992]], "oriented": false, "discover": false, "dist": true, "mode": "map"}