{"pos": [[0, 0], [0, 1], [0, 2], [0, 3], [0, 4], [0, 5], [0, 6], [0, 7], [0, 8], [1, 0], [1, 1], [1, 2], [1, 3], [1, 4], [1, 5], [1, 6], [1, 7], [1, 8], [2, 0], [2, 1], [2, 2], [2, 3], [2, 4], [2, 5], [2, 6], [2, 7], [2, 8], [3, 0], [3, 1], [3, 2], [3, 3], [3, 4], [3, 5], [3, 6], [3, 7], [3, 8], [4, 0], [4, 1], [4, 2], [4, 3], [4, 4], [4, 5], [4, 6], [4, 7], [4, 8], [5, 0], [5, 1], [5, 2], [5, 3], [5, 4], [5, 5], [5, 6], [5, 7], [5, 8], [6, 0], [6, 1], [6, 2], [6, 3], [6, 4], [6, 5], [6, 6], [6, 7], [6, 8], [7, 0], [7, 1], [7, 2], [7, 3], [7, 4], [7, 5], [7, 6], [7, 7], [7, 8], [8, 0], [8, 1], [8, 2], [8, 3], [8, 4], [8, 5], [8, 6], [8, 7], [8, 8]], "edges": [[0, 1, 0.6336190637816714], [0, 9, 0.7805764971460052], [1, 2, 0.5615121043160486], [2, 3, 0.166972061900463], [3, 4, 0.727125354225297], [3, 12, 0.033003217548200015], [4, 5, 0.8922344906819014], [4, 13, 0.08171038315639656], [5, 6, 0.5157098539778492], [5, 14, 0.7963503359228808], [6, 7, 0.4695732929499009], [6, 15, 0.9951548039502925], [7, 8, 0.40219382285642236], [7, 16, 0.16763388246481414], [9, 10, 0.28535653068770306], [9, 18, 0.2069741828414946], [10, 19, 0.679773677669165], [11, 12, 0.21548836263102655], [11, 20, 0.41125150657968834], [12, 13, 0.6049050149222699], [12, 21, 0.3466495358181654], [13, 22, 0.2666757531080597], [14, 23, 0.20112111747647854], [15, 24, 0.9859631768996011], [16, 17, 0.031906320002667465], [16, 25, 0.463077306134564], [18, 19, 0.3122519272733426], [18, 27, 0.33489588663148595], [19, 28, 0.6132653266551527], [20, 21, 0.6585199526003046], [20, 29, 0.012705507152180662], [21, 22, 0.06187580923041869], [21, 30, 0.08789653378993834], [22, 23, 0.5510624759048129], [22, 31, 0.5205046486627448], [23, 24, 0.20192193511823542], [23, 32, 0.06726035043796663], [24, 33, 0.14353432852698345], [25, 26, 0.4572022286665238], [25, 34, 0.4909425273302849], [27, 36, 0.1522208187666424], [28, 37, 0.8069575384138136], [29, 30, 0.7947382170089843], [30, 31, 0.018628580801865025], [30, 39, 0.7961283624872741], [31, 32, 0.31730989421465494], [32, 33, 0.9123694744840067], [32, 41, 0.14542943709309142], [33, 34, 0.1970650770171951], [33, 42, 0.5698748576172686], [34, 43, 0.6625370134726072], [36, 37, 0.25547681131272315], [36, 45, 0.7196553420503088], [37, 46, 0.659613216386252], [38, 39, 0.3907880469046876], [39, 40, 0.4907344465748099], [39, 48, 0.23711033309012308], [40, 49, 0.3797844783097667], [41, 50, 0.7900489987705591], [42, 43, 0.5782730534849165], [43, 52, 0.12712895485346942], [45, 54, 0.37497945535017674], [46, 47, 0.41082283680331655], [47, 48, 0.21327580250121247], [48, 49, 0.5124529874646481], [48, 57, 0.5892013537847839], [49, 50, 0.7365089562282269], [50, 51, 0.313993730227907], [50, 59, 0.6671699298944678], [51, 52, 0.3272721364980322], [51, 60, 0.2697494553140998], [52, 53, 0.7978107013930326], [52, 61, 0.7317218586552782], [54, 55, 0.9241374010203808], [54, 63, 0.3130151954829219], [55, 56, 0.40833037728428623], [55, 64, 0.3071496215382584], [56, 65, 0.09328445763283122], [57, 58, 0.9732635459210857], [57, 66, 0.8861328778774846], [58, 59, 0.8876321469819758], [59, 60, 0.6884267981718052], [61, 70, 0.4203644140931504], [63, 64, 0.8164240875046834], [63, 72, 0.8087620769777367], [64, 73, 0.7644316415575575], [66, 67, 0.6350130503092446], [66, 75, 0.6379820001983212], [67, 68, 0.5750449815818504], [67, 76, 0.23716173826256537], [68, 69, 0.3788246633971226], [68, 77, 0.7264270779581169], [69, 70, 0.5631480459026196], [69, 78, 0.1715452693480738], [70, 71, 0.3343894125313426], [26, 35, 0.7183522571782766], [35, 44, 0.6230082713593654], [44, 53, 0.5532742243011816], [53, 62, 0.9269259988423071], [71, 80, 0.12108054451567751], [73, 74, 0.021760654873845597], [74, 75, 0.45212665753977654], [77, 78, 0.007249398196309875], [78, 79, 0.5163243139449639]], "oriented": false, "discover": false, "dist": true, "mode": "map"}