{"pos": [[0, 0], [0, 1], [0, 2], [0, 3], [0, 4], [0, 5], [0, 6], [0, 7], [1, 0], [1, 1], [1, 2], [1, 3], [1, 4], [1, 5], [1, 6], [1, 7], [2, 0], [2, 1], [2, 2], [2, 3], [2, 4], [2, 5], [2, 6], [2, 7], [3, 0], [3, 1], [3, 2], [3, 3], [3, 4], [3, 5], [3, 6], [3, 7], [4, 0], [4, 1], [4, 2], [4, 3], [4, 4], [4, 5], [4, 6], [4, 7], [5, 0], [5, 1], [5, 2], [5, 3], [5, 4], [5, 5], [5, 6], [5, 7], [6, 0], [6, 1], [6, 2], [6, 3], [6, 4], [6, 5], [6, 6], [6, 7], [7, 0], [7, 1], [7, 2], [7, 3], [7, 4], [7, 5], [7, 6], [7, 7]], "edges": [[0, 1, 0.7539063771711397], [1, 2, 0.5676921004028722], [1, 9, 0.42014909415989554], [2, 3, 0.06131223992266799], [2, 10, 0.09912874783462955], [3, 4, 0.43855347407137657], [3, 11, 0.20009819882401403], [4, 5, 0.8893539524661586], [5, 6, 0.029810898864585544], [5, 13, 0.7515081631816211], [6, 7, 0.09420413257571225], [6, 14, 0.2768592168237819], [8, 9, 0.14467332177476944], [9, 17, 0.034441789412158474], [10, 18, 0.05246582815647216], [11, 12, 0.12521084248595804], [11, 19, 0.59557918031041], [12, 13, 0.9701652092419303], [13, 21, 0.16176838587344178], [14, 15, 0.09937735705417616], [16, 17, 0.29018061531391026], [16, 24, 0.8292504508210042], [17, 18, 0.4067027913124557], [17, 25, 0.23763802439642134], [18, 19, 0.8453971391229057], [19, 20, 0.9368495660910694], [19, 27, 0.6383012416095184], [20, 21, 0.1340031267986449], [20, 28, 0.4883493832700534], [22, 23, 0.3614267410836154], [22, 30, 0.7922511985319654], [24, 25, 0.1831153310730721], [25, 26, 0.7098448493887765], [25, 33, 0.7730086333572178], [26, 27, 0.4548579279273629], [27, 28, 0.21046769272584498], [27, 35, 0.741705117162395], [29, 30, 0.13221610780479753], [29, 37, 0.833436962202366], [30, 31, 0.8233943107160234], [32, 33, 0.1448895400561594], [32, 40, 0.8628991875608322], [33, 41, 0.7930154548933624], [34, 42, 0.3625762950405933], [35, 43, 0.24818293070183728], [36, 37, 0.4557878421543117], [37, 45, 0.4421513377912766], [38, 39, 0.2726115674405145], [38, 46, 0.465146866123445], [40, 41, 0.9641985259453287], [41, 42, 0.1584958222740528], [41, 49, 0.03177868810875084], [42, 43, 0.6464593323391914], [42, 50, 0.3847955775167531], [43, 44, 0.1413629035809707], [43, 51, 0.44161468229051903], [44, 45, 0.6894942621586592], [44, 52, 0.3567487799544121], [45, 46, 0.10078967978917108], [46, 47, 0.2882440509158506], [46, 54, 0.3051352936343992], [48, 49, 0.32762509597536893], [48, 56, 0.5971194576646655], [49, 50, 0.9432846036260645], [50, 51, 0.5528092982840139], [50, 58, 0.9636917231674507], [51, 52, 0.012708298485678782], [52, 53, 0.21964776946686393], [53, 61, 0.6457432274367761], [54, 55, 0.9731721319755928], [15, 23, 0.5813500653346555], [23, 31, 0.9987000882733048], [31, 39, 0.7127562626325097], [47, 55, 0.818681495560365], [55, 63, 0.5122311533589099], [56, 57, 0.46837526387664086], [58, 59, 0.9917967696749327], [59, 60, 0.6846040218522851], [60, 61, 0.3976271756190304], [61, 62, 0.9270724754932228], [62, 63, 0.8729510233714858]], "oriented": false, "discover": false, "dist": true, "mode": "map"}