{"pos": [[0, 0], [0, 1], [0, 2], [0, 3], [0, 4], [0, 5], [0, 6], [0, 7], [0, 8], [1, 0], [1, 1], [1, 2], [1, 3], [1, 4], [1, 5], [1, 6], [1, 7], [1, 8], [2, 0], [2, 1], [2, 2], [2, 3], [2, 4], [2, 5], [2, 6], [2, 7], [2, 8], [3, 0], [3, 1], [3, 2], [3, 3], [3, 4], [3, 5], [3, 6], [3, 7], [3, 8], [4, 0], [4, 1], [4, 2], [4, 3], [4, 4], [4, 5], [4, 6], [4, 7], [4, 8], [5, 0], [5, 1], [5, 2], [5, 3], [5, 4], [5, 5], [5, 6], [5, 7], [5, 8], [6, 0], [6, 1], [6, 2], [6, 3], [6, 4], [6, 5], [6, 6], [6, 7], [6, 8], [7, 0], [7, 1], [7, 2], [7, 3], [7, 4], [7, 5], [7, 6], [7, 7], [7, 8], [8, 0], [8, 1], [8, 2], [8, 3], [8, 4], [8, 5], [8, 6], [8, 7], [8, 8]], "edges": [[0, 1, 0.5950866822560962], [0, 9, 0.24522271799449713], [1, 2, 0.8658021614466258], [1, 10, 0.3080937201684205], [2, 3, 0.5937145609138142], [2, 11, 0.6414572019716269], [3, 4, 0.1567856335044434], [3, 12, 0.946848456347691], [4, 5, 0.45666979668217933], [5, 6, 0.2797036741873158], [6, 7, 0.3282586569838343], [7, 8, 0.18142793204322538], [7, 16, 0.4275935086731505], [9, 10, 0.3312189668577473], [9, 18, 0.2738834788840657], [10, 11, 0.49972869735347014], [10, 19, 0.3001465309896515], [11, 20, 0.016829418677249297], [12, 13, 0.45097894783148773], [12, 21, 0.5845019848434656], [13, 14, 0.4227736505678119], [13, 22, 0.8373037407108919], [14, 15, 0.13624750177134737], [14, 23, 0.5290995761429752], [15, 16, 0.7795434542098594], [16, 17, 0.24313750922246447], [16, 25, 0.9533968028606039], [18, 27, 0.11528744621885978], [19, 28, 0.6836060668532654], [20, 21, 0.9903558759367259], [20, 29, 0.16880568189804201], [21, 30, 0.2914847417806765], [22, 23, 0.8404235538570068], [22, 31, 0.5829550890624426], [23, 24, 0.491476884708298], [24, 25, 0.6052347662451385], [25, 34, 0.04268124395810602], [27, 28, 0.14646005947941754], [27, 36, 0.002556736419840222], [29, 30, 0.4180708622927375], [29, 38, 0.9974184805099328], [30, 31, 0.6038312390957655], [30, 39, 0.49355099242618994], [31, 32, 0.6691677206990875], [31, 40, 0.4096834765816677], [32, 33, 0.9260265343238689], [34, 43, 0.3340932004347068], [36, 37, 0.14422061914469775], [36, 45, 0.22860219251392933], [37, 38, 0.48112269151456943], [37, 46, 0.19828949728457024], [39, 40, 0.7543427076722304], [39, 48, 0.21004315786137473], [40, 41, 0.13954810903942927], [40, 49, 0.5652873117312334], [41, 42, 0.3154211041440007], [41, 50, 0.3304384256748363], [43, 52, 0.4085519255815979], [45, 46, 0.8922525826333262], [45, 54, 0.4259919025500174], [46, 47, 0.6577431809183902], [47, 48, 0.004644972000851011], [47, 56, 0.45021896996198074], [48, 57, 0.8495457739461246], [49, 50, 0.5708897898518319], [49, 58, 0.23504448674174605], [50, 51, 0.22800585634912363], [50, 59, 0.9200070198029013], [51, 52, 0.7547595301553047], [52, 61, 0.8064996156798936], [54, 55, 0.42557062304083615], [54, 63, 0.20861220683434645], [55, 64, 0.9254071846925337], [56, 57, 0.6580522968111279], [56, 65, 0.29695851350140823], [57, 66, 0.7562118965029746], [58, 59, 0.5180570813290543], [58, 67, 0.8872867685993467], [59, 60, 0.5711673263959507], [59, 68, 0.4365291066861007], [60, 69, 0.6281619092452342], [61, 70, 0.979306841215142], [63, 64, 0.5696320119233652], [63, 72, 0.9607649239691953], [64, 73, 0.6793567924092446], [65, 74, 0.4825678270050554], [66, 67, 0.6804913470089125], [66, 75, 0.7279539822719155], [67, 76, 0.2619986598882401], [69, 70, 0.34174667193938923], [69, 78, 0.3375918345748854], [70, 71, 0.9072420229346976], [70, 79, 0.9792361754114908], [8, 17, 0.5313057645771182], [17, 26, 0.3206228099714272], [26, 35, 0.33600990917703333], [35, 44, 0.3691973919395837], [44, 53, 0.051192235860040514], [53, 62, 0.676525280885382], [62, 71, 0.742275814137169], [71, 80, 0.16106694308788105], [73, 74, 0.7596161048307697], [76, 77, 0.48980450988298296], [79, 80, 0.6710433077413983]], "oriented": false, "discover": false, "dist": true, "mode": "map"}