{"pos": [[0, 0], [0, 1], [0, 2], [0, 3], [0, 4], [0, 5], [0, 6], [0, 7], [1, 0], [1, 1], [1, 2], [1, 3], [1, 4], [1, 5], [1, 6], [1, 7], [2, 0], [2, 1], [2, 2], [2, 3], [2, 4], [2, 5], [2, 6], [2, 7], [3, 0], [3, 1], [3, 2], [3, 3], [3, 4], [3, 5], [3, 6], [3, 7], [4, 0], [4, 1], [4, 2], [4, 3], [4, 4], [4, 5], [4, 6], [4, 7], [5, 0], [5, 1], [5, 2], [5, 3], [5, 4], [5, 5], [5, 6], [5, 7], [6, 0], [6, 1], [6, 2], [6, 3], [6, 4], [6, 5], [6, 6], [6, 7], [7, 0], [7, 1], [7, 2], [7, 3], [7, 4], [7, 5], [7, 6], [7, 7]], "edges": [[0, 1, 0.6154370655683776], [0, 8, 0.3651542980308612], [1, 2, 0.8516437451489678], [1, 9, 0.6786033958697084], [2, 3, 0.6571568615242318], [3, 4, 0.4475779579116155], [3, 11, 0.6661887921928922], [4, 5, 0.020424867021567983], [4, 12, 0.4641682922057828], [5, 6, 0.2774682864042003], [6, 7, 0.43909952795505036], [6, 14, 0.658477632973178], [8, 16, 0.9695332788737966], [9, 10, 0.5399448240219874], [9, 17, 0.31022001299552016], [10, 11, 0.38792331365407184], [10, 18, 0.5863460507746909], [11, 12, 0.44891898884842907], [11, 19, 0.6329950022841812], [12, 13, 0.49076236955220864], [12, 20, 0.07854791486919632], [14, 15, 0.5894813136880294], [14, 22, 0.6846315881580501], [16, 17, 0.1221862209508694], [16, 24, 0.11828908679148098], [17, 25, 0.7025365071149814], [18, 26, 0.40388069970301343], [19, 20, 0.5177026383415447], [19, 27, 0.3390877574934972], [20, 21, 0.06344291442537187], [20, 28, 0.4087314012429212], [22, 23, 0.5548679316324753], [22, 30, 0.9309776856849564], [24, 25, 0.8491935952992504], [24, 32, 0.8444861418658495], [25, 33, 0.40210094468771107], [26, 34, 0.5839589639170872], [27, 35, 0.6269185423100331], [28, 29, 0.5300869854872247], [28, 36, 0.005880218997197151], [29, 30, 0.8733761403241912], [29, 37, 0.7084600374319148], [30, 38, 0.6477024649263786], [32, 33, 0.05643375346929169], [32, 40, 0.9521007872138694], [33, 34, 0.8888763928355381], [33, 41, 0.4486216582470738], [35, 36, 0.8621859045547867], [35, 43, 0.9400324455948379], [36, 44, 0.2638007299554147], [37, 38, 0.30376802376962075], [38, 39, 0.3540837378531446], [38, 46, 0.5872242727269037], [40, 48, 0.19789085369518722], [41, 42, 0.7543081518948783], [42, 43, 0.4409090717507984], [43, 51, 0.41024275868810034], [45, 46, 0.5376853078968228], [45, 53, 0.7477213244534331], [46, 47, 0.7813981146617381], [46, 54, 0.7857455634559399], [48, 49, 0.7412424157509612], [48, 56, 0.028158421048941062], [49, 50, 0.48764931324847305], [50, 51, 0.023806248115307183], [50, 58, 0.4264021177480992], [51, 52, 0.2608054980728811], [51, 59, 0.5991315116112926], [53, 61, 0.9596614929045555], [54, 55, 0.8104400462716974], [54, 62, 0.43942601917826285], [7, 15, 0.03174351954932242], [15, 23, 0.7649945384334522], [23, 31, 0.5776784661552534], [47, 55, 0.7053479454257355], [55, 63, 0.8574990501668668], [56, 57, 0.11997435100235587], [57, 58, 0.4940175518479779], [58, 59, 0.5121707546099248], [59, 60, 0.18935913615281974], [60, 61, 0.5923372469930748]], "oriented": false, "discover": false, "dist": true, "mode": "map"}