{"pos": [[0, 0], [0, 1], [0, 2], [0, 3], [0, 4], [0, 5], [0, 6], [0, 7], [1, 0], [1, 1], [1, 2], [1, 3], [1, 4], [1, 5], [1, 6], [1, 7], [2, 0], [2, 1], [2, 2], [2, 3], [2, 4], [2, 5], [2, 6], [2, 7], [3, 0], [3, 1], [3, 2], [3, 3], [3, 4], [3, 5], [3, 6], [3, 7], [4, 0], [4, 1], [4, 2], [4, 3], [4, 4], [4, 5], [4, 6], [4, 7], [5, 0], [5, 1], [5, 2], [5, 3], [5, 4], [5, 5], [5, 6], [5, 7], [6, 0], [6, 1], [6, 2], [6, 3], [6, 4], [6, 5], [6, 6], [6, 7], [7, 0], [7, 1], [7, 2], [7, 3], [7, 4], [7, 5], [7, 6], [7, 7]], "edges": [[0, 1, 0.4719454609343303], [0, 8, 0.8918745963265948], [1, 2, 0.01062371079665958], [1, 9, 0.578102717854872], [3, 11, 0.1979457608384293], [4, 5, 0.5442607682584183], [4, 12, 0.6027143073099103], [5, 6, 0.010860066791120282], [6, 7, 0.3357219450654685], [6, 14, 0.4056370589466831], [8, 9, 0.346430677324838], [8, 16, 0.2964520961676328], [9, 10, 0.481018898727378], [9, 17, 0.4572319118640855], [10, 11, 0.4802896283820586], [10, 18, 0.29782458195064965], [11, 12, 0.5061454188302076], [11, 19, 0.8303692765048966], [12, 13, 0.09543952568370306], [12, 20, 0.9304485876466907], [13, 14, 0.1823881153275454], [14, 22, 0.9636577060959416], [16, 24, 0.6686830124451572], [17, 18, 0.7476721481522739], [18, 19, 0.14172605096894608], [18, 26, 0.9481372439870952], [20, 21, 0.22889566026311203], [20, 28, 0.38678645576459536], [21, 22, 0.08424123712669362], [21, 29, 0.095375287579057], [22, 30, 0.6580542586865915], [24, 32, 0.14396604320221185], [25, 26, 0.17033830916144344], [25, 33, 0.23869917666121931], [26, 27, 0.016165814628972375], [26, 34, 0.8577049058114756], [27, 35, 0.9516714008629953], [28, 29, 0.43409745405859335], [29, 30, 0.18670077965692378], [29, 37, 0.9746956169459637], [30, 38, 0.17849085095145534], [32, 33, 0.2504389585288833], [32, 40, 0.8649440194951139], [33, 34, 0.3346476706255701], [34, 35, 0.7235198839892681], [34, 42, 0.5876589113546861], [35, 43, 0.9558391062644965], [36, 37, 0.8317570979691055], [36, 44, 0.06420720514232447], [37, 45, 0.4904364961693294], [38, 39, 0.8541981585034837], [38, 46, 0.6670340683438726], [40, 41, 0.5793497746438038], [40, 48, 0.3371572436724395], [41, 42, 0.0031481595406533947], [42, 43, 0.6406393410348654], [42, 50, 0.5009928383932363], [43, 44, 0.26761662785089924], [44, 45, 0.47275228407044156], [46, 54, 0.4261446721454677], [48, 49, 0.748330144186553], [48, 56, 0.18094468469685998], [49, 57, 0.24014129210948154], [50, 51, 0.42841078764554263], [50, 58, 0.5389317272707586], [51, 52, 0.30722723440226096], [51, 59, 0.2626594060429357], [52, 53, 0.2886617542656561], [52, 60, 0.501963897235007], [53, 61, 0.556481829390043], [54, 55, 0.5078963649755747], [54, 62, 0.8708400611837167], [7, 15, 0.7735525294089322], [15, 23, 0.947272029552631], [23, 31, 0.9411147109579598], [31, 39, 0.12220214959396103], [39, 47, 0.7146998148754795], [56, 57, 0.5987051310060522], [59, 60, 0.6724684230429013], [62, 63, 0.6019223532643608]], "oriented": false, "discover": false, "dist": true, "mode": "map"}