{"pos": [[0, 0], [0, 1], [0, 2], [0, 3], [0, 4], [0, 5], [0, 6], [0, 7], [1, 0], [1, 1], [1, 2], [1, 3], [1, 4], [1, 5], [1, 6], [1, 7], [2, 0], [2, 1], [2, 2], [2, 3], [2, 4], [2, 5], [2, 6], [2, 7], [3, 0], [3, 1], [3, 2], [3, 3], [3, 4], [3, 5], [3, 6], [3, 7], [4, 0], [4, 1], [4, 2], [4, 3], [4, 4], [4, 5], [4, 6], [4, 7], [5, 0], [5, 1], [5, 2], [5, 3], [5, 4], [5, 5], [5, 6], [5, 7], [6, 0], [6, 1], [6, 2], [6, 3], [6, 4], [6, 5], [6, 6], [6, 7], [7, 0], [7, 1], [7, 2], [7, 3], [7, 4], [7, 5], [7, 6], [7, 7]], "edges": [[0, 1, 0.2199538125782431], [0, 8, 0.25007537133697655], [1, 2, 0.20695945518347147], [1, 9, 0.3886572402353651], [2, 3, 0.7569317378843088], [2, 10, 0.05607027069138926], [3, 4, 0.5812101616117465], [3, 11, 0.04026596007966976], [4, 5, 0.1661783944822628], [5, 6, 0.15755303613345428], [5, 13, 0.6751668921951811], [6, 7, 0.943157459347999], [6, 14, 0.806602338785074], [9, 10, 0.26481696587308445], [9, 17, 0.3446769384116023], [10, 11, 0.4949161993392095], [10, 18, 0.978217482988675], [11, 12, 0.40501172178957545], [12, 13, 0.47660525036461465], [12, 20, 0.43031213005584046], [13, 14, 0.328594907319507], [13, 21, 0.7092452973954688], [14, 22, 0.6182931207894666], [16, 17, 0.23656405614109755], [16, 24, 0.3452851437903569], [17, 25, 0.205270794714016], [18, 19, 0.8976050723667158], [19, 20, 0.2875501179787462], [24, 25, 0.034311448425524804], [24, 32, 0.47665153874093436], [25, 26, 0.5698989826658449], [25, 33, 0.31428311705455636], [26, 27, 0.4105797251810571], [26, 34, 0.6529435124430029], [27, 28, 0.8562307060889622], [27, 35, 0.6344436256558047], [28, 29, 0.4520719755177136], [29, 30, 0.467234801196726], [29, 37, 0.34955658211571283], [30, 38, 0.21175732913705836], [33, 34, 0.975974021087551], [33, 41, 0.22710844776548356], [34, 42, 0.7433369347609231], [35, 36, 0.6236299850285704], [35, 43, 0.2589198626463478], [36, 37, 0.2189548846235292], [36, 44, 0.687254206623967], [37, 38, 0.38387514360934005], [37, 45, 0.24531654470117492], [38, 46, 0.7744951969685043], [40, 41, 0.9308936550263982], [41, 42, 0.5279676879034444], [41, 49, 0.10179101919016953], [42, 43, 0.04804001571712402], [43, 44, 0.09393008299454952], [43, 51, 0.05987289427047848], [44, 45, 0.6320353306803818], [45, 53, 0.32181137488195655], [46, 54, 0.8854314712951667], [48, 49, 0.05520357262904785], [48, 56, 0.03579754323232598], [49, 50, 0.1751283740495383], [49, 57, 0.929062292773832], [50, 58, 0.8108781207246529], [51, 52, 0.9222359029799094], [51, 59, 0.10011028162418067], [52, 53, 0.493745088053572], [53, 54, 0.9077903071489895], [53, 61, 0.11878582600043064], [54, 55, 0.6048060897149192], [54, 62, 0.3991020801833176], [7, 15, 0.2988641550829142], [15, 23, 0.007019969916583602], [23, 31, 0.9182678862176421], [31, 39, 0.35291415921970615], [39, 47, 0.0892163728956672], [47, 55, 0.8453219209360532], [55, 63, 0.19879318795914003], [58, 59, 0.6801157804786553], [59, 60, 0.8397853462126391], [60, 61, 0.36219604139212436]], "oriented": false, "discover": false, "dist": true, "mode": "map"}