{"pos": [[0, 0], [0, 1], [0, 2], [0, 3], [0, 4], [0, 5], [0, 6], [0, 7], [1, 0], [1, 1], [1, 2], [1, 3], [1, 4], [1, 5], [1, 6], [1, 7], [2, 0], [2, 1], [2, 2], [2, 3], [2, 4], [2, 5], [2, 6], [2, 7], [3, 0], [3, 1], [3, 2], [3, 3], [3, 4], [3, 5], [3, 6], [3, 7], [4, 0], [4, 1], [4, 2], [4, 3], [4, 4], [4, 5], [4, 6], [4, 7], [5, 0], [5, 1], [5, 2], [5, 3], [5, 4], [5, 5], [5, 6], [5, 7], [6, 0], [6, 1], [6, 2], [6, 3], [6, 4], [6, 5], [6, 6], [6, 7], [7, 0], [7, 1], [7, 2], [7, 3], [7, 4], [7, 5], [7, 6], [7, 7]], "edges": [[0, 1, 0.02545185648551329], [0, 8, 0.6255208731227541], [1, 2, 0.1997997945155553], [1, 9, 0.49497414335609335], [2, 3, 0.3280157375442584], [3, 4, 0.7900740611388538], [4, 5, 0.9386753712607634], [5, 6, 0.6568452676065958], [5, 13, 0.0865150008090021], [6, 7, 0.4434760146846848], [6, 14, 0.28571343927321924], [8, 9, 0.7840352146373417], [9, 10, 0.3368628308902436], [9, 17, 0.4724363490310963], [10, 11, 0.6020319594215694], [10, 18, 0.3895853214510103], [11, 19, 0.46411912988536463], [12, 13, 0.4531860017194109], [12, 20, 0.17045347289115775], [14, 22, 0.004538450416272877], [16, 17, 0.6179581956585304], [16, 24, 0.7275122321304432], [17, 18, 0.7850740034200377], [17, 25, 0.9818632425562921], [18, 19, 0.6534972863042522], [18, 26, 0.7579890956200892], [19, 20, 0.3000944123917968], [19, 27, 0.986618643619983], [21, 29, 0.5813305388776021], [22, 23, 0.7341460594707208], [22, 30, 0.4101815757980174], [24, 25, 0.7745317136798607], [24, 32, 0.9316220747405491], [25, 26, 0.49322517627411366], [25, 33, 0.6202333413822879], [26, 34, 0.11533439304117243], [27, 28, 0.4129776646067497], [27, 35, 0.066565228041231], [28, 29, 0.8713498314562286], [28, 36, 0.8718405505078761], [29, 37, 0.7031458308134619], [30, 31, 0.8472973796887572], [30, 38, 0.1391208658133236], [32, 33, 0.0749140893821375], [32, 40, 0.647814506723212], [33, 34, 0.5909455591285386], [33, 41, 0.8266867817760516], [34, 42, 0.7476455467871747], [35, 43, 0.4626631222911387], [36, 37, 0.5400598812171353], [37, 45, 0.46127827629497], [38, 39, 0.9562051695091766], [38, 46, 0.8535905230242907], [40, 48, 0.47890422043622916], [41, 42, 0.7308286450054378], [41, 49, 0.4626868282224621], [42, 43, 0.431601308418891], [43, 44, 0.26304957485019054], [43, 51, 0.16573364052587147], [44, 45, 0.596779833308542], [44, 52, 0.7610693171400571], [46, 54, 0.33748181869561533], [48, 56, 0.6316197853341954], [49, 50, 0.025808114767921442], [49, 57, 0.7977267297990325], [52, 60, 0.5153053251500765], [53, 54, 0.3764330970785237], [53, 61, 0.8726667758690893], [54, 62, 0.5422737378142511], [7, 15, 0.9827074171657498], [15, 23, 0.04792844316652489], [23, 31, 0.5591069680103554], [31, 39, 0.41358051842937615], [39, 47, 0.9404423375530029], [47, 55, 0.7301004956125814], [55, 63, 0.720721235241391], [57, 58, 0.008923728986782398], [58, 59, 0.4132568770065548], [60, 61, 0.42018323277611325], [61, 62, 0.4941435045296185], [62, 63, 0.9770214727591353]], "oriented": false, "discover": false, "dist": true, "mode": "map"}