{"pos": [[0, 0], [0, 1], [0, 2], [0, 3], [0, 4], [0, 5], [0, 6], [0, 7], [1, 0], [1, 1], [1, 2], [1, 3], [1, 4], [1, 5], [1, 6], [1, 7], [2, 0], [2, 1], [2, 2], [2, 3], [2, 4], [2, 5], [2, 6], [2, 7], [3, 0], [3, 1], [3, 2], [3, 3], [3, 4], [3, 5], [3, 6], [3, 7], [4, 0], [4, 1], [4, 2], [4, 3], [4, 4], [4, 5], [4, 6], [4, 7], [5, 0], [5, 1], [5, 2], [5, 3], [5, 4], [5, 5], [5, 6], [5, 7], [6, 0], [6, 1], [6, 2], [6, 3], [6, 4], [6, 5], [6, 6], [6, 7], [7, 0], [7, 1], [7, 2], [7, 3], [7, 4], [7, 5], [7, 6], [7, 7]], "edges": [[0, 1, 0.6218856323731611], [0, 8, 0.71056010630785], [1, 9, 0.3001874872313388], [2, 3, 0.7010906262792415], [2, 10, 0.9195154098945766], [3, 4, 0.6322819702849186], [3, 11, 0.43423662127478957], [4, 5, 0.37053290911730885], [4, 12, 0.6196621960255682], [5, 6, 0.6010905719363369], [5, 13, 0.6086261396448204], [6, 7, 0.8513572628623854], [6, 14, 0.738715391729347], [8, 9, 0.1843907657142959], [8, 16, 0.07616826205441762], [9, 10, 0.63238572613707], [9, 17, 0.8708453564545384], [10, 11, 0.8428651294849512], [11, 12, 0.1818075566768288], [11, 19, 0.9488487043982925], [12, 13, 0.7833960509046207], [12, 20, 0.29021100730272664], [13, 14, 0.4391586668166765], [13, 21, 0.19212055521016025], [14, 15, 0.2716647467636102], [16, 17, 0.3114785062666884], [16, 24, 0.728840517097629], [17, 18, 0.7217940453289607], [17, 25, 0.17649875857986796], [18, 26, 0.8279010516870041], [19, 20, 0.8353952934435679], [20, 21, 0.0021999816909785697], [20, 28, 0.5163249587465855], [21, 22, 0.29118998546745856], [21, 29, 0.31733660021827514], [22, 23, 0.3940869946933844], [24, 25, 0.2842725039433991], [24, 32, 0.9896372086405553], [26, 27, 0.02467355800974269], [26, 34, 0.6139912230130384], [27, 28, 0.9508652791799891], [29, 30, 0.6921001797749703], [30, 38, 0.7433678539309978], [32, 33, 0.9307821896045844], [32, 40, 0.44754803928552], [33, 34, 0.5921953975558126], [33, 41, 0.982286166775538], [34, 35, 0.17210039243943664], [34, 42, 0.2511642960684054], [35, 36, 0.1866683723718845], [35, 43, 0.055970314908473484], [36, 37, 0.34919274920067433], [38, 39, 0.17931504657059705], [40, 48, 0.46912821057273013], [42, 50, 0.1476389408483898], [43, 44, 0.7583261681991431], [43, 51, 0.9165175376615007], [44, 45, 0.9184403499822965], [45, 46, 0.4725884637725457], [45, 53, 0.09926325713962436], [46, 47, 0.17557550033854274], [48, 49, 0.609260097758212], [48, 56, 0.7548881628558806], [50, 51, 0.9375361412091994], [50, 58, 0.06805381726579507], [51, 52, 0.16252719843369046], [51, 59, 0.8457418878851501], [52, 53, 0.26963778937521066], [52, 60, 0.5178463799791306], [53, 54, 0.2853501161363865], [53, 61, 0.031783250972471144], [54, 62, 0.06118105795210893], [7, 15, 0.9944072424879614], [23, 31, 0.07763135389414932], [31, 39, 0.30405435517938983], [47, 55, 0.5323349009182547], [56, 57, 0.19038802964336454], [59, 60, 0.876958581853062], [60, 61, 0.9212888868758228], [61, 62, 0.585489935912392], [62, 63, 0.00792491114845184]], "oriented": false, "discover": false, "dist": true, "mode": "map"}