{"pos": [[0, 0], [0, 1], [0, 2], [0, 3], [0, 4], [0, 5], [0, 6], [0, 7], [0, 8], [1, 0], [1, 1], [1, 2], [1, 3], [1, 4], [1, 5], [1, 6], [1, 7], [1, 8], [2, 0], [2, 1], [2, 2], [2, 3], [2, 4], [2, 5], [2, 6], [2, 7], [2, 8], [3, 0], [3, 1], [3, 2], [3, 3], [3, 4], [3, 5], [3, 6], [3, 7], [3, 8], [4, 0], [4, 1], [4, 2], [4, 3], [4, 4], [4, 5], [4, 6], [4, 7], [4, 8], [5, 0], [5, 1], [5, 2], [5, 3], [5, 4], [5, 5], [5, 6], [5, 7], [5, 8], [6, 0], [6, 1], [6, 2], [6, 3], [6, 4], [6, 5], [6, 6], [6, 7], [6, 8], [7, 0], [7, 1], [7, 2], [7, 3], [7, 4], [7, 5], [7, 6], [7, 7], [7, 8], [8, 0], [8, 1], [8, 2], [8, 3], [8, 4], [8, 5], [8, 6], [8, 7], [8, 8]], "edges": [[0, 1, 0.27728749349872706], [0, 9, 0.2977764786155487], [1, 2, 0.4919100065956836], [1, 10, 0.6052958403425818], [2, 3, 0.17233251567113306], [2, 11, 0.12199734042119148], [3, 4, 0.44257708208163415], [3, 12, 0.43635966045202257], [4, 5, 0.2687762679359881], [5, 6, 0.5825815973583811], [5, 14, 0.9660158919783068], [6, 7, 0.8168178408016077], [6, 15, 0.7185260972880994], [7, 8, 0.4338236527408569], [7, 16, 0.5427947915892866], [9, 18, 0.49211597646530814], [10, 19, 0.2936075175130549], [12, 13, 0.10845438028993148], [12, 21, 0.45842575220509774], [13, 22, 0.9912799582484365], [14, 15, 0.5602841279067156], [14, 23, 0.06580806461323563], [15, 24, 0.31975425673846347], [16, 17, 0.9079713549331228], [16, 25, 0.5295295632464757], [18, 27, 0.9380766959904119], [19, 20, 0.712612324814409], [19, 28, 0.3094912125766721], [20, 21, 0.30297954757680245], [21, 22, 0.6026047281482799], [21, 30, 0.5330716316321858], [22, 23, 0.26941569336742244], [22, 31, 0.058782454479720636], [23, 32, 0.5498564029544792], [24, 33, 0.6859992177425905], [25, 34, 0.8953169459259691], [27, 36, 0.4471755566171356], [28, 29, 0.7395198696796536], [28, 37, 0.9531518090662799], [29, 30, 0.23844278206252034], [29, 38, 0.33865512913980444], [30, 39, 0.8034479064442228], [31, 32, 0.6405386895413998], [31, 40, 0.5728139199604748], [32, 33, 0.39578285184193307], [32, 41, 0.27479272729238935], [33, 42, 0.2634050158578414], [34, 35, 0.09298182714480607], [34, 43, 0.570270510574067], [36, 37, 0.37066487474743615], [36, 45, 0.32353954569794763], [37, 38, 0.12820349155110977], [38, 47, 0.12571715611000234], [39, 48, 0.11679172880244426], [40, 41, 0.4250038827927266], [40, 49, 0.311433757576026], [41, 50, 0.7958371489652121], [42, 43, 0.5271908039944667], [43, 52, 0.9156495728707846], [45, 46, 0.24035529706280667], [45, 54, 0.47782010727069313], [46, 47, 0.17001285447715342], [47, 48, 0.8469892928409569], [49, 50, 0.22000062357350425], [49, 58, 0.08273278197924838], [50, 59, 0.9836372602405486], [51, 52, 0.316975448743566], [51, 60, 0.5945741803340511], [52, 53, 0.33750245387484445], [52, 61, 0.9500825420917521], [54, 55, 0.29143836330373607], [54, 63, 0.06261132836393302], [55, 56, 0.1503684423445124], [55, 64, 0.4554589841717621], [56, 65, 0.756661555685669], [57, 58, 0.3091964553043681], [57, 66, 0.42246689647780755], [58, 59, 0.294978231360857], [58, 67, 0.7903399918251844], [59, 60, 0.9236069346306783], [60, 69, 0.21456601719529367], [61, 62, 0.10761382117036644], [61, 70, 0.5946097401231139], [63, 64, 0.1482773710994305], [63, 72, 0.4210218606761167], [64, 65, 0.7745435694016033], [65, 74, 0.84715420232747], [66, 67, 0.4223152053080744], [66, 75, 0.9995339106803165], [67, 68, 0.5795855983207296], [67, 76, 0.25627774364378764], [70, 79, 0.6042788350831009], [8, 17, 0.7635614972067859], [17, 26, 0.6512156908023033], [26, 35, 0.8296799395767778], [35, 44, 0.5434468953024205], [44, 53, 0.8161013556734678], [62, 71, 0.322476774531552], [71, 80, 0.22061491000551647], [72, 73, 0.10595511840184157], [75, 76, 0.37242300291420416], [76, 77, 0.3280169646647261], [78, 79, 0.3016515340544794], [79, 80, 0.1855075464462228]], "oriented": false, "discover": false, "dist": true, "mode": "map"}