{"pos": [[0, 0], [0, 1], [0, 2], [0, 3], [0, 4], [0, 5], [0, 6], [0, 7], [0, 8], [1, 0], [1, 1], [1, 2], [1, 3], [1, 4], [1, 5], [1, 6], [1, 7], [1, 8], [2, 0], [2, 1], [2, 2], [2, 3], [2, 4], [2, 5], [2, 6], [2, 7], [2, 8], [3, 0], [3, 1], [3, 2], [3, 3], [3, 4], [3, 5], [3, 6], [3, 7], [3, 8], [4, 0], [4, 1], [4, 2], [4, 3], [4, 4], [4, 5], [4, 6], [4, 7], [4, 8], [5, 0], [5, 1], [5, 2], [5, 3], [5, 4], [5, 5], [5, 6], [5, 7], [5, 8], [6, 0], [6, 1], [6, 2], [6, 3], [6, 4], [6, 5], [6, 6], [6, 7], [6, 8], [7, 0], [7, 1], [7, 2], [7, 3], [7, 4], [7, 5], [7, 6], [7, 7], [7, 8], [8, 0], [8, 1], [8, 2], [8, 3], [8, 4], [8, 5], [8, 6], [8, 7], [8, 8]], "edges": [[0, 1, 0.7773190655766143], [0, 9, 0.2125638596480076], [1, 2, 0.0495901034350229], [1, 10, 0.8079485621198037], [2, 3, 0.8033209456830904], [2, 11, 0.4836649479067844], [3, 4, 0.8665088182448815], [3, 12, 0.6101274888433851], [4, 13, 0.5065468547647953], [5, 6, 0.8426516503213886], [5, 14, 0.384791480369732], [7, 8, 0.8722419669762529], [9, 10, 0.03569548121182675], [9, 18, 0.9061834415976403], [10, 11, 0.7105635019653436], [10, 19, 0.6823863060027199], [11, 12, 0.6641416160451205], [11, 20, 0.5315756806196902], [12, 13, 0.4572635150474037], [13, 14, 0.7039117613397695], [13, 22, 0.9118263215382175], [14, 15, 0.401064606732931], [15, 16, 0.9639239979179067], [15, 24, 0.11058241416813286], [16, 25, 0.8059491715191371], [18, 19, 0.934042505529873], [19, 20, 0.31287063845026697], [20, 21, 0.2870129694910155], [20, 29, 0.0746919426294489], [21, 22, 0.996205105957806], [21, 30, 0.18107503391326274], [22, 23, 0.8745242365921402], [22, 31, 0.040667521179575505], [24, 25, 0.8770874785975769], [24, 33, 0.42351699212994776], [25, 26, 0.9918772483759033], [25, 34, 0.18245919817072398], [27, 28, 0.5732591434671874], [27, 36, 0.5280721229622365], [28, 29, 0.22558214304923552], [31, 32, 0.5107345283512514], [31, 40, 0.12637983839653966], [32, 33, 0.7040743282758045], [32, 41, 0.7802291344174459], [33, 42, 0.031575922912508325], [34, 35, 0.7336167269758181], [36, 37, 0.8443599136507154], [37, 46, 0.6332967220605084], [38, 39, 0.7512876245608902], [39, 40, 0.2785963783334796], [40, 41, 0.8348915827556933], [41, 50, 0.6618164812548419], [42, 43, 0.5714101493929458], [43, 44, 0.04432429393255555], [43, 52, 0.13599323229989602], [45, 46, 0.036457352683497146], [45, 54, 0.4065020105678817], [46, 47, 0.5078425359908664], [46, 55, 0.9044871558114004], [47, 48, 0.3146926205754965], [47, 56, 0.2716957959803056], [48, 49, 0.597755318974906], [48, 57, 0.9883242287678191], [49, 50, 0.23453412738688384], [50, 51, 0.7753385907576157], [50, 59, 0.8905806679461313], [51, 52, 0.06801407880782584], [51, 60, 0.024332027598921613], [54, 63, 0.13227316282525003], [55, 64, 0.3838783113607933], [57, 66, 0.03514350607053729], [58, 59, 0.6631755211699302], [58, 67, 0.16243486342793956], [59, 68, 0.36164435027499664], [60, 61, 0.8796375412856399], [60, 69, 0.6629468922729072], [61, 62, 0.2071288657177811], [61, 70, 0.13525531598281149], [63, 72, 0.4226200649590992], [64, 65, 0.6705197489554106], [64, 73, 0.11362591245919718], [65, 74, 0.12040788977975714], [66, 75, 0.6452769568914971], [67, 68, 0.18210052834186574], [68, 69, 0.07837532367406641], [68, 77, 0.5069638004282867], [69, 70, 0.9178365433860372], [69, 78, 0.8567834905858357], [70, 71, 0.4391476512217649], [70, 79, 0.9613449674259008], [8, 17, 0.15438517092212012], [17, 26, 0.7160978636073031], [35, 44, 0.4310166606955962], [44, 53, 0.8509490519170853], [53, 62, 0.5000171075265236], [62, 71, 0.18287141126358897], [73, 74, 0.1488951953160631], [74, 75, 0.7762235146903752], [75, 76, 0.19674574773551012], [76, 77, 0.9209351600222938], [77, 78, 0.7351024637346938], [78, 79, 0.6790220667741098], [79, 80, 0.3368151148670212]], "oriented": false, "discover": false, "dist": true, "mode": "map"}