{"pos": [[0, 0], [0, 1], [0, 2], [0, 3], [0, 4], [0, 5], [0, 6], [0, 7], [1, 0], [1, 1], [1, 2], [1, 3], [1, 4], [1, 5], [1, 6], [1, 7], [2, 0], [2, 1], [2, 2], [2, 3], [2, 4], [2, 5], [2, 6], [2, 7], [3, 0], [3, 1], [3, 2], [3, 3], [3, 4], [3, 5], [3, 6], [3, 7], [4, 0], [4, 1], [4, 2], [4, 3], [4, 4], [4, 5], [4, 6], [4, 7], [5, 0], [5, 1], [5, 2], [5, 3], [5, 4], [5, 5], [5, 6], [5, 7], [6, 0], [6, 1], [6, 2], [6, 3], [6, 4], [6, 5], [6, 6], [6, 7], [7, 0], [7, 1], [7, 2], [7, 3], [7, 4], [7, 5], [7, 6], [7, 7]], "edges": [[0, 1, 0.8456657149937685], [0, 8, 0.7038255800149612], [1, 2, 0.15266575073932576], [1, 9, 0.12608609621124678], [2, 3, 0.05773144348076553], [2, 10, 0.7005425443779881], [3, 4, 0.2903318198249514], [3, 11, 0.4371632891392976], [4, 5, 0.15507790129881305], [4, 12, 0.8904806781559303], [5, 6, 0.9563903053725017], [5, 13, 0.6238719384844732], [6, 7, 0.827985571419296], [6, 14, 0.042671848134620216], [8, 9, 0.15615306596725742], [8, 16, 0.48009078093717317], [9, 10, 0.03973638286837888], [10, 18, 0.9438532424967891], [11, 19, 0.7468164373437062], [12, 13, 0.6306589428437812], [12, 20, 0.3668052954438755], [13, 14, 0.8260401174765368], [14, 15, 0.40372542470694817], [14, 22, 0.9033033524158576], [16, 17, 0.9004871011258027], [16, 24, 0.7269780423091939], [18, 19, 0.3154693879243491], [18, 26, 0.7165988454288644], [19, 27, 0.9462218104864404], [20, 21, 0.20790675697862926], [20, 28, 0.7527721367342262], [21, 22, 0.28702787088187365], [22, 30, 0.8138973565961398], [24, 25, 0.5021757949775106], [24, 32, 0.21289551300477672], [25, 33, 0.5840178658258581], [26, 27, 0.7014225814301862], [27, 28, 0.8272165454071543], [27, 35, 0.39757882200523464], [28, 29, 0.5645759208911628], [28, 36, 0.7439373975654258], [30, 31, 0.02955154498386403], [30, 38, 0.5763931956750354], [32, 33, 0.22734830716984866], [32, 40, 0.9947984071392888], [33, 34, 0.07024122210302086], [34, 35, 0.030408015402537347], [36, 37, 0.2588146380064962], [36, 44, 0.5971862450806581], [37, 38, 0.976855675292359], [38, 39, 0.3627185908288155], [38, 46, 0.13186965003474616], [40, 41, 0.6839171653714748], [40, 48, 0.400426614792705], [41, 42, 0.9696878629736873], [41, 49, 0.5651233041218843], [42, 43, 0.9225368920935164], [43, 44, 0.7019756999454784], [44, 45, 0.22675022564559255], [44, 52, 0.6616676444450896], [45, 46, 0.39488197374501577], [46, 47, 0.3553508383527382], [46, 54, 0.7388501197357312], [48, 49, 0.35178782294827526], [48, 56, 0.4626099801410699], [49, 50, 0.035601304233086606], [49, 57, 0.5937300074091758], [50, 51, 0.10267700121646484], [52, 53, 0.10249759468747299], [52, 60, 0.35776461077211474], [53, 54, 0.7852277447567408], [53, 61, 0.14636509562435618], [54, 62, 0.27848440051600476], [15, 23, 0.812659565323858], [23, 31, 0.17468266600605042], [39, 47, 0.19994944613961685], [47, 55, 0.4611069777431658], [57, 58, 0.7182855193485715], [58, 59, 0.13110724810369145], [59, 60, 0.14182886435193087], [62, 63, 0.38983135224745147]], "oriented": false, "discover": false, "dist": true, "mode": "map"}