{"pos": [[0, 0], [0, 1], [0, 2], [0, 3], [0, 4], [0, 5], [0, 6], [0, 7], [1, 0], [1, 1], [1, 2], [1, 3], [1, 4], [1, 5], [1, 6], [1, 7], [2, 0], [2, 1], [2, 2], [2, 3], [2, 4], [2, 5], [2, 6], [2, 7], [3, 0], [3, 1], [3, 2], [3, 3], [3, 4], [3, 5], [3, 6], [3, 7], [4, 0], [4, 1], [4, 2], [4, 3], [4, 4], [4, 5], [4, 6], [4, 7], [5, 0], [5, 1], [5, 2], [5, 3], [5, 4], [5, 5], [5, 6], [5, 7], [6, 0], [6, 1], [6, 2], [6, 3], [6, 4], [6, 5], [6, 6], [6, 7], [7, 0], [7, 1], [7, 2], [7, 3], [7, 4], [7, 5], [7, 6], [7, 7]], "edges": [[0, 1, 0.4134507154289142], [0, 8, 0.7873567559623391], [1, 2, 0.03433375567421282], [2, 10, 0.9322879055529529], [3, 11, 0.619768527228521], [4, 5, 0.09172644386072726], [4, 12, 0.9125600068370802], [6, 7, 0.9829494259121341], [6, 14, 0.30752695163400146], [8, 9, 0.7489362007984448], [8, 16, 0.47765005145634454], [9, 10, 0.3624553365248363], [9, 17, 0.5764888886003567], [10, 11, 0.2460146434622752], [11, 12, 0.5450052017270729], [11, 19, 0.20059843872212313], [12, 13, 0.6712802855151238], [12, 20, 0.6570898334886223], [13, 14, 0.8951698394655329], [14, 15, 0.707006228599685], [14, 22, 0.11603063752961995], [16, 17, 0.5508420723015829], [16, 24, 0.4386450152882416], [17, 18, 0.615617310286052], [18, 19, 0.06346218638669965], [19, 20, 0.15073105120237318], [19, 27, 0.5656232442768007], [20, 21, 0.8106492095040552], [20, 28, 0.980919849933162], [22, 23, 0.4325243187222696], [22, 30, 0.671297383495594], [24, 25, 0.5276770983508364], [24, 32, 0.896643373301885], [25, 26, 0.6846699923713985], [25, 33, 0.05052205220495054], [26, 27, 0.8026512658233469], [26, 34, 0.10914426285450296], [27, 28, 0.4862163511420219], [27, 35, 0.16280282552305425], [28, 29, 0.5151369059280858], [28, 36, 0.6231126954061041], [29, 30, 0.48916831356011325], [30, 38, 0.8794511325111223], [32, 40, 0.7555618139580593], [33, 41, 0.9918513311004151], [35, 36, 0.3657342967428764], [35, 43, 0.964913111645523], [36, 37, 0.4681227490130413], [37, 38, 0.2370193726566412], [37, 45, 0.3175333974305673], [38, 39, 0.1284042138028676], [38, 46, 0.8128455811020064], [40, 48, 0.11799934979118576], [41, 42, 0.14849793606259976], [42, 43, 0.1795685354299703], [42, 50, 0.296490461217929], [43, 44, 0.6655333639279849], [43, 51, 0.2355126635251642], [44, 45, 0.8697116686516612], [44, 52, 0.6583864547984254], [45, 46, 0.5084520506768087], [45, 53, 0.27986953816670923], [46, 54, 0.3036091612321179], [48, 49, 0.46185037479585844], [48, 56, 0.46829826844538625], [50, 51, 0.949764078466687], [50, 58, 0.14661574492389684], [51, 52, 0.3013143471534414], [51, 59, 0.6051043232789163], [53, 61, 0.6529773230799564], [54, 62, 0.9768110429557684], [15, 23, 0.37080949155406817], [23, 31, 0.6830632262846813], [39, 47, 0.07963111081645735], [47, 55, 0.055180370076818974], [55, 63, 0.5052500964285932], [56, 57, 0.25523794985376613], [59, 60, 0.39613513381992005], [60, 61, 0.03081415992988701], [61, 62, 0.5412374464128054], [62, 63, 0.21401221209875965]], "oriented": false, "discover": false, "dist": true, "mode": "map"}