{"pos": [[0, 0], [0, 1], [0, 2], [0, 3], [0, 4], [0, 5], [0, 6], [0, 7], [1, 0], [1, 1], [1, 2], [1, 3], [1, 4], [1, 5], [1, 6], [1, 7], [2, 0], [2, 1], [2, 2], [2, 3], [2, 4], [2, 5], [2, 6], [2, 7], [3, 0], [3, 1], [3, 2], [3, 3], [3, 4], [3, 5], [3, 6], [3, 7], [4, 0], [4, 1], [4, 2], [4, 3], [4, 4], [4, 5], [4, 6], [4, 7], [5, 0], [5, 1], [5, 2], [5, 3], [5, 4], [5, 5], [5, 6], [5, 7], [6, 0], [6, 1], [6, 2], [6, 3], [6, 4], [6, 5], [6, 6], [6, 7], [7, 0], [7, 1], [7, 2], [7, 3], [7, 4], [7, 5], [7, 6], [7, 7]], "edges": [[0, 1, 0.9886354389589934], [0, 8, 0.19467197846567963], [1, 2, 0.23752914022997706], [1, 9, 0.8586933799700255], [2, 3, 0.6145072443630564], [2, 10, 0.2890313740643706], [3, 4, 0.9357215377708434], [3, 11, 0.38560299203253523], [4, 5, 0.1407809998411056], [4, 12, 0.5088578178888029], [5, 6, 0.4320231340761168], [5, 13, 0.028416738933279118], [6, 7, 0.4282127232135806], [6, 14, 0.8003954303198744], [8, 9, 0.890797246978524], [8, 16, 0.2413051095692884], [9, 10, 0.8032937432678361], [9, 17, 0.2364827411164383], [10, 11, 0.4116514243959799], [10, 18, 0.4174729046495286], [11, 19, 0.5690529418265142], [13, 14, 0.3591527644346709], [13, 21, 0.014791770746884425], [14, 22, 0.14469975316041017], [17, 25, 0.9546593142096131], [18, 19, 0.18416463321083942], [19, 20, 0.16873191576963775], [19, 27, 0.4398714902522709], [20, 21, 0.3549600346608818], [20, 28, 0.49867226214270266], [21, 22, 0.07703404328198549], [21, 29, 0.4371108675220756], [22, 23, 0.3169079971873714], [22, 30, 0.866552420636666], [24, 25, 0.5679506862787028], [25, 26, 0.9594823562001665], [25, 33, 0.12348378142571304], [26, 27, 0.33914498527737547], [27, 35, 0.6806981099510446], [28, 36, 0.8519732608448927], [29, 37, 0.7543495249892554], [30, 38, 0.8952479141734205], [32, 33, 0.41320390345869784], [33, 34, 0.9578379081901975], [33, 41, 0.3437493502286635], [34, 35, 0.10090830693219321], [35, 36, 0.860790150706799], [35, 43, 0.4616129270970062], [36, 37, 0.38180525245922947], [36, 44, 0.030705793088952382], [37, 45, 0.4696677038953029], [38, 39, 0.7692983599872382], [38, 46, 0.9820779465815473], [40, 41, 0.3738031308415447], [40, 48, 0.9903800488869142], [41, 42, 0.9361474737089515], [41, 49, 0.6745235675019116], [43, 51, 0.5627723761992927], [44, 45, 0.009388227237499658], [44, 52, 0.4651140707133705], [45, 46, 0.18672213646475633], [45, 53, 0.8806653273970579], [46, 47, 0.4655678937659956], [46, 54, 0.18130828685303657], [48, 56, 0.447963957424372], [49, 50, 0.23474030971793247], [49, 57, 0.6014971327645572], [50, 51, 0.9203818085275722], [51, 59, 0.812152192332588], [53, 54, 0.6190939469532051], [53, 61, 0.625262022763928], [54, 62, 0.9592777034818972], [7, 15, 0.16061863150779299], [15, 23, 0.5154385669943102], [23, 31, 0.36116789476262046], [31, 39, 0.9308407767466047], [39, 47, 0.0035306955209336577], [47, 55, 0.9279565088120365], [55, 63, 0.20217907944309232], [58, 59, 0.2959409732413327], [59, 60, 0.7270478358513108]], "oriented": false, "discover": false, "dist": true, "mode": "map"}