{"pos": [[0, 0], [0, 1], [0, 2], [0, 3], [0, 4], [0, 5], [0, 6], [0, 7], [1, 0], [1, 1], [1, 2], [1, 3], [1, 4], [1, 5], [1, 6], [1, 7], [2, 0], [2, 1], [2, 2], [2, 3], [2, 4], [2, 5], [2, 6], [2, 7], [3, 0], [3, 1], [3, 2], [3, 3], [3, 4], [3, 5], [3, 6], [3, 7], [4, 0], [4, 1], [4, 2], [4, 3], [4, 4], [4, 5], [4, 6], [4, 7], [5, 0], [5, 1], [5, 2], [5, 3], [5, 4], [5, 5], [5, 6], [5, 7], [6, 0], [6, 1], [6, 2], [6, 3], [6, 4], [6, 5], [6, 6], [6, 7], [7, 0], [7, 1], [7, 2], [7, 3], [7, 4], [7, 5], [7, 6], [7, 7]], "edges": [[0, 1, 0.009156767572100044], [0, 8, 0.922690452520932], [1, 2, 0.9402991739723393], [1, 9, 0.5382371812406803], [2, 3, 0.4365592522197742], [2, 10, 0.18619368285654136], [3, 4, 0.990997640388904], [3, 11, 0.22180409370207133], [4, 5, 0.3236891016841047], [4, 12, 0.8604024130108606], [5, 6, 0.5519028779213979], [5, 13, 0.6392272258551011], [6, 7, 0.8862924393861158], [6, 14, 0.6007452426261009], [8, 16, 0.5710252435285611], [10, 18, 0.3534491565419863], [12, 20, 0.4275600476442075], [13, 14, 0.5345545493699595], [13, 21, 0.1973062348189646], [14, 22, 0.41197540334928606], [16, 17, 0.11730959944633812], [16, 24, 0.6169299358136736], [17, 25, 0.056385359970167026], [18, 19, 0.7969090861907339], [18, 26, 0.45853366331380196], [19, 20, 0.5735709504814406], [19, 27, 0.590577165511289], [20, 28, 0.4261533971096658], [21, 22, 0.1490181156724062], [21, 29, 0.20793893623744886], [22, 23, 0.3324853778911412], [24, 25, 0.28591718446218717], [24, 32, 0.29710165913245135], [25, 26, 0.6942144269629656], [25, 33, 0.7811535087698057], [27, 35, 0.7757723386587013], [28, 36, 0.5692374917972146], [29, 30, 0.8480595871293656], [29, 37, 0.4718747900094362], [30, 31, 0.6004150317264513], [30, 38, 0.7179936241090689], [32, 33, 0.19205712947287312], [32, 40, 0.7776012295479842], [33, 34, 0.11907802583822524], [33, 41, 0.34311656120377354], [34, 42, 0.07702476493812149], [35, 36, 0.4910334172579004], [35, 43, 0.4244433325545387], [36, 37, 0.6672436894707818], [36, 44, 0.3191692489167608], [37, 45, 0.5217494083503574], [38, 39, 0.134754804554866], [38, 46, 0.12474274764430682], [40, 41, 0.13315093762336816], [40, 48, 0.4704815747139319], [41, 42, 0.03743411995200829], [41, 49, 0.9466656030250912], [43, 51, 0.6790138409384993], [44, 52, 0.5803385648581413], [45, 46, 0.7230415355541856], [45, 53, 0.08025156506709119], [46, 47, 0.5079352132474675], [46, 54, 0.23881290980289405], [48, 49, 0.34668169998796317], [48, 56, 0.6520726880263502], [49, 50, 0.2292959380580033], [49, 57, 0.7700637502249332], [51, 59, 0.673346150603625], [53, 54, 0.5172323825448366], [53, 61, 0.2644310793733168], [54, 55, 0.22882012900351179], [54, 62, 0.2996592434335179], [7, 15, 0.751598332172252], [31, 39, 0.8109203205646539], [39, 47, 0.17012513547965102], [47, 55, 0.6695367016471205], [57, 58, 0.6755115628863443], [58, 59, 0.2365411911620764], [60, 61, 0.6416439637352772], [61, 62, 0.9284464254430146], [62, 63, 0.4313028054744362]], "oriented": false, "discover": false, "dist": true, "mode": "map"}