{"pos": [[0, 0], [0, 1], [0, 2], [0, 3], [0, 4], [0, 5], [0, 6], [0, 7], [1, 0], [1, 1], [1, 2], [1, 3], [1, 4], [1, 5], [1, 6], [1, 7], [2, 0], [2, 1], [2, 2], [2, 3], [2, 4], [2, 5], [2, 6], [2, 7], [3, 0], [3, 1], [3, 2], [3, 3], [3, 4], [3, 5], [3, 6], [3, 7], [4, 0], [4, 1], [4, 2], [4, 3], [4, 4], [4, 5], [4, 6], [4, 7], [5, 0], [5, 1], [5, 2], [5, 3], [5, 4], [5, 5], [5, 6], [5, 7], [6, 0], [6, 1], [6, 2], [6, 3], [6, 4], [6, 5], [6, 6], [6, 7], [7, 0], [7, 1], [7, 2], [7, 3], [7, 4], [7, 5], [7, 6], [7, 7]], "edges": [[0, 1, 0.4632604428894024], [0, 8, 0.8500099003727551], [1, 2, 0.1265218479000536], [2, 3, 0.006007819032449846], [2, 10, 0.7281072901781952], [3, 4, 0.6685935494010016], [3, 11, 0.15658025204505732], [4, 5, 0.778842692592524], [4, 12, 0.7873082371706355], [5, 6, 0.7526958647284594], [5, 13, 0.20734443126018542], [6, 7, 0.33316106678784285], [8, 16, 0.48898889059617034], [9, 10, 0.6995338120298655], [10, 11, 0.31048772958314474], [10, 18, 0.12768335011426024], [11, 12, 0.8656850600653734], [12, 13, 0.17628207374480542], [12, 20, 0.32372811315391525], [13, 14, 0.6578598873271602], [13, 21, 0.07365403966487838], [14, 15, 0.7183156116734016], [14, 22, 0.8392281173370599], [16, 17, 0.0564233333407429], [17, 18, 0.02410670015571137], [17, 25, 0.055734589015753455], [18, 19, 0.41026492280916116], [18, 26, 0.0733765396913435], [19, 20, 0.4854009773484236], [19, 27, 0.7481592162793534], [20, 21, 0.49066225611432], [20, 28, 0.6045265604868515], [21, 29, 0.9187591323711028], [22, 30, 0.6451184584259316], [24, 25, 0.5633122649857807], [24, 32, 0.9384859828693659], [25, 26, 0.3039315444554357], [25, 33, 0.42504036987143823], [26, 27, 0.5044033196390383], [26, 34, 0.584894346940711], [27, 28, 0.825005070939022], [27, 35, 0.6856261227972839], [28, 29, 0.439705224662879], [29, 30, 0.9628787798936282], [29, 37, 0.2530929269167407], [33, 41, 0.2590743333143184], [34, 35, 0.8870958789008395], [34, 42, 0.09912818172820348], [35, 36, 0.4216032720342977], [35, 43, 0.030662339931450844], [36, 44, 0.6837613218028337], [37, 38, 0.7392063692500109], [37, 45, 0.4497966241362986], [38, 46, 0.5249280943326899], [40, 41, 0.4460824877997108], [40, 48, 0.9565667264176708], [41, 42, 0.877239097794292], [41, 49, 0.032328168046974026], [42, 43, 0.8515118320110506], [42, 50, 0.9564150816717728], [43, 44, 0.4210933962716046], [43, 51, 0.3918570519558925], [44, 52, 0.9122322753499731], [45, 53, 0.7963899640259665], [46, 54, 0.7594929138396148], [48, 56, 0.8597091520551865], [50, 58, 0.18875287601424096], [51, 59, 0.7216343317214851], [52, 60, 0.9209991200175646], [53, 61, 0.008488312228469685], [54, 62, 0.031093582157727395], [7, 15, 0.3806869948775655], [15, 23, 0.6229393955372415], [23, 31, 0.7474232890339509], [31, 39, 0.21826927229491633], [39, 47, 0.1607240792361303], [47, 55, 0.9340221298403268], [55, 63, 0.5693151353537059], [57, 58, 0.8476647162755193], [60, 61, 0.8532066019736938], [62, 63, 0.06334681462476888]], "oriented": false, "discover": false, "dist": true, "mode": "map"}