{"pos": [[0, 0], [0, 1], [0, 2], [0, 3], [0, 4], [0, 5], [0, 6], [0, 7], [1, 0], [1, 1], [1, 2], [1, 3], [1, 4], [1, 5], [1, 6], [1, 7], [2, 0], [2, 1], [2, 2], [2, 3], [2, 4], [2, 5], [2, 6], [2, 7], [3, 0], [3, 1], [3, 2], [3, 3], [3, 4], [3, 5], [3, 6], [3, 7], [4, 0], [4, 1], [4, 2], [4, 3], [4, 4], [4, 5], [4, 6], [4, 7], [5, 0], [5, 1], [5, 2], [5, 3], [5, 4], [5, 5], [5, 6], [5, 7], [6, 0], [6, 1], [6, 2], [6, 3], [6, 4], [6, 5], [6, 6], [6, 7], [7, 0], [7, 1], [7, 2], [7, 3], [7, 4], [7, 5], [7, 6], [7, 7]], "edges": [[0, 1, 0.6738305685651371], [0, 8, 0.1788031370824099], [1, 2, 0.6548319445548986], [1, 9, 0.09816118990978451], [2, 3, 0.3284676942936422], [2, 10, 0.6325057170118572], [3, 4, 0.6398712186685307], [4, 5, 0.6994209400810656], [4, 12, 0.5458717085877122], [5, 6, 0.8401377070478392], [5, 13, 0.2533709960196978], [6, 7, 0.7282870466548063], [6, 14, 0.33918486038910234], [8, 9, 0.5981968675073713], [8, 16, 0.7428387386792679], [9, 10, 0.8302353226040743], [9, 17, 0.27517881158516155], [10, 11, 0.30234501239722444], [11, 12, 0.7902331800844443], [12, 13, 0.4114775976988565], [12, 20, 0.6289382374832473], [13, 14, 0.2739915987194341], [13, 21, 0.24969079885013534], [14, 15, 0.6527638525769611], [14, 22, 0.2417365954584847], [16, 24, 0.5543059400592502], [17, 18, 0.41986527115353256], [17, 25, 0.8326393613856731], [18, 19, 0.8576578875076797], [20, 28, 0.8468717082256878], [21, 22, 0.7266080965315048], [21, 29, 0.8907489385443365], [22, 23, 0.16735050578286514], [22, 30, 0.5631373096665138], [24, 25, 0.9096138688209211], [24, 32, 0.4721684538464803], [25, 26, 0.9084802219983227], [25, 33, 0.2177257989379322], [26, 27, 0.374192570143685], [26, 34, 0.5276134535563368], [27, 28, 0.8533889862461114], [27, 35, 0.3380210287599953], [28, 29, 0.898069904702205], [28, 36, 0.8462332775758101], [29, 37, 0.7894137843901999], [30, 38, 0.36358309729446414], [32, 33, 0.6389007172030772], [32, 40, 0.7565011105567109], [33, 34, 0.33355275035866316], [33, 41, 0.20593763059604842], [34, 42, 0.040082347422579545], [36, 37, 0.9537528931397027], [37, 38, 0.11870664069480552], [37, 45, 0.6067908032899798], [38, 46, 0.5904169435887751], [40, 41, 0.5808685010737463], [40, 48, 0.08334441189159902], [41, 49, 0.7749605022303687], [43, 44, 0.4316698471684428], [43, 51, 0.02452803723003083], [44, 45, 0.05911529637846269], [44, 52, 0.9268475722016419], [45, 53, 0.47808456805702304], [46, 47, 0.48372694379974046], [48, 49, 0.4418004948820353], [48, 56, 0.5514409924970664], [49, 50, 0.7366342685827254], [49, 57, 0.026720644299347174], [50, 51, 0.4694440184194876], [51, 59, 0.7223229361699708], [53, 54, 0.6874395948893246], [53, 61, 0.7125968272812705], [54, 55, 0.5536559724990191], [54, 62, 0.3010778847576411], [23, 31, 0.4946542746539613], [31, 39, 0.11756392614779321], [57, 58, 0.4839534566245284], [59, 60, 0.8572362093900129], [60, 61, 0.520027232521602], [61, 62, 0.06797693367230229], [62, 63, 0.16631552360955304]], "oriented": false, "discover": false, "dist": true, "mode": "map"}