{"pos": [[0, 0], [0, 1], [0, 2], [0, 3], [0, 4], [0, 5], [0, 6], [0, 7], [1, 0], [1, 1], [1, 2], [1, 3], [1, 4], [1, 5], [1, 6], [1, 7], [2, 0], [2, 1], [2, 2], [2, 3], [2, 4], [2, 5], [2, 6], [2, 7], [3, 0], [3, 1], [3, 2], [3, 3], [3, 4], [3, 5], [3, 6], [3, 7], [4, 0], [4, 1], [4, 2], [4, 3], [4, 4], [4, 5], [4, 6], [4, 7], [5, 0], [5, 1], [5, 2], [5, 3], [5, 4], [5, 5], [5, 6], [5, 7], [6, 0], [6, 1], [6, 2], [6, 3], [6, 4], [6, 5], [6, 6], [6, 7], [7, 0], [7, 1], [7, 2], [7, 3], [7, 4], [7, 5], [7, 6], [7, 7]], "edges": [[0, 1, 0.0587715745934585], [0, 8, 0.6466495589087167], [1, 2, 0.7466816289356043], [2, 3, 0.46950942498032877], [2, 10, 0.8125872899115896], [4, 12, 0.9628252487400276], [5, 13, 0.6986886901606613], [6, 7, 0.49930627024980645], [6, 14, 0.16272987160058006], [8, 9, 0.46441675744076105], [8, 16, 0.044528506802498424], [9, 10, 0.5443797367094223], [9, 17, 0.3195223563459403], [10, 11, 0.40837949640392224], [10, 18, 0.37382523367623366], [11, 19, 0.4612800750538275], [12, 20, 0.8441889927978623], [13, 14, 0.6635788493609258], [13, 21, 0.5735101484775079], [16, 17, 0.5934269636759667], [16, 24, 0.7594807728682567], [17, 25, 0.7322495531316404], [19, 20, 0.7866516199029061], [20, 21, 0.4789873030006586], [20, 28, 0.12169275496564069], [21, 22, 0.9795446576789226], [21, 29, 0.48934921066174775], [22, 30, 0.08066390620530961], [24, 25, 0.11795645837003876], [24, 32, 0.9166964011533355], [25, 26, 0.04642526747263909], [26, 27, 0.058680758943573275], [26, 34, 0.7708091076843512], [27, 28, 0.923631400391324], [27, 35, 0.11844926502934694], [28, 29, 0.3282242985173942], [28, 36, 0.38815963433654266], [29, 30, 0.42489915018754043], [29, 37, 0.9956347643851563], [30, 31, 0.5793421596269647], [30, 38, 0.28615487222980573], [32, 33, 0.10978861050294608], [32, 40, 0.7686817501881924], [33, 34, 0.754261349701781], [33, 41, 0.6730212063083121], [34, 42, 0.4794432125711059], [35, 36, 0.7170121044624427], [36, 44, 0.2124889490013826], [37, 38, 0.3535442971926931], [37, 45, 0.3485365650734269], [38, 39, 0.39609063249017673], [38, 46, 0.09424032433465246], [40, 41, 0.5508578694003123], [40, 48, 0.9376465569328108], [41, 42, 0.7383605779222239], [41, 49, 0.9049445335811394], [42, 43, 0.5001255383124477], [43, 51, 0.19434832597664942], [45, 53, 0.9210849777375311], [46, 47, 0.92261616550678], [48, 49, 0.071056584794714], [48, 56, 0.362576815121025], [49, 50, 0.9038362965823831], [49, 57, 0.754447783501557], [50, 51, 0.9961408507328302], [50, 58, 0.8314883041413228], [51, 52, 0.43439755969938276], [51, 59, 0.9236569182436846], [52, 53, 0.13212679023681284], [52, 60, 0.43815409013934115], [53, 54, 0.2859679265054582], [54, 62, 0.9680549589287468], [7, 15, 0.06208758361145328], [15, 23, 0.03418214921143492], [31, 39, 0.19882902671231517], [47, 55, 0.7393307986246528], [55, 63, 0.3930062510742408], [56, 57, 0.01319372621794812], [57, 58, 0.2297736456493863], [58, 59, 0.774206191282494], [60, 61, 0.3688949693782112]], "oriented": false, "discover": false, "dist": true, "mode": "map"}