{"pos": [[0, 0], [0, 1], [0, 2], [0, 3], [0, 4], [0, 5], [0, 6], [0, 7], [1, 0], [1, 1], [1, 2], [1, 3], [1, 4], [1, 5], [1, 6], [1, 7], [2, 0], [2, 1], [2, 2], [2, 3], [2, 4], [2, 5], [2, 6], [2, 7], [3, 0], [3, 1], [3, 2], [3, 3], [3, 4], [3, 5], [3, 6], [3, 7], [4, 0], [4, 1], [4, 2], [4, 3], [4, 4], [4, 5], [4, 6], [4, 7], [5, 0], [5, 1], [5, 2], [5, 3], [5, 4], [5, 5], [5, 6], [5, 7], [6, 0], [6, 1], [6, 2], [6, 3], [6, 4], [6, 5], [6, 6], [6, 7], [7, 0], [7, 1], [7, 2], [7, 3], [7, 4], [7, 5], [7, 6], [7, 7]], "edges": [[0, 1, 0.19248862656554733], [0, 8, 0.24464032819821213], [1, 2, 0.7859389604405156], [1, 9, 0.4144989951600051], [2, 3, 0.5184076620293947], [3, 4, 0.8526131758822718], [3, 11, 0.21200002860855727], [4, 5, 0.06841195810163503], [4, 12, 0.3746111754037931], [5, 6, 0.354124948247318], [6, 7, 0.6475557790242229], [8, 9, 0.8196189684756418], [9, 10, 0.07710560607290551], [9, 17, 0.267350319031577], [10, 18, 0.12516426107398415], [11, 19, 0.16985690986762925], [12, 13, 0.2039061968135275], [12, 20, 0.2522701469402385], [13, 14, 0.9037314913119786], [13, 21, 0.7487900391731219], [16, 17, 0.6423917042177191], [16, 24, 0.6923498470836572], [17, 18, 0.680760166052819], [17, 25, 0.3908391721426583], [19, 20, 0.8731548924097343], [19, 27, 0.15405669224801166], [20, 21, 0.890363689937464], [21, 22, 0.9671760660313453], [22, 23, 0.6880663800667673], [24, 25, 0.5150071460780046], [24, 32, 0.569312329284325], [25, 26, 0.8710136534092857], [25, 33, 0.6429521232734358], [27, 28, 0.5482446437384907], [27, 35, 0.6837691309233271], [28, 29, 0.1506961343391049], [29, 30, 0.4086010659226085], [29, 37, 0.2852127499134727], [30, 31, 0.19289723782117318], [30, 38, 0.6639936982307295], [32, 40, 0.7962071363447463], [33, 34, 0.7948266292648887], [33, 41, 0.20311815808292122], [34, 35, 0.7324324394751229], [34, 42, 0.07526054979736108], [35, 36, 0.15902220796001576], [35, 43, 0.6227792194675119], [36, 37, 0.3809294657493465], [36, 44, 0.6263704135046326], [37, 38, 0.5404847877097322], [37, 45, 0.3494575664853732], [38, 46, 0.932603885493869], [40, 48, 0.08312615261975131], [41, 49, 0.2354148864565878], [42, 50, 0.8038723140497862], [43, 44, 0.780013977108967], [43, 51, 0.7319772636527491], [44, 45, 0.34210229090632993], [46, 47, 0.36108604011182244], [46, 54, 0.6939062746894137], [48, 56, 0.6043871355120383], [49, 50, 0.3255906370013073], [49, 57, 0.29778817675500946], [50, 51, 0.8044607036162182], [50, 58, 0.23672409725774457], [51, 52, 0.24201283500745008], [51, 59, 0.5072395439057764], [52, 53, 0.04230572091331797], [52, 60, 0.18769187464797732], [54, 55, 0.7563143956700369], [54, 62, 0.16909765096984908], [7, 15, 0.160865067305191], [15, 23, 0.04433575095270226], [23, 31, 0.4776838170126524], [31, 39, 0.31236188625624706], [39, 47, 0.2787398396143529], [47, 55, 0.1302323321850386], [55, 63, 0.0719160023139922], [56, 57, 0.6542584318766296], [57, 58, 0.006822117950659234], [60, 61, 0.6553554152794253]], "oriented": false, "discover": false, "dist": true, "mode": "map"}