{"pos": [[0, 0], [0, 1], [0, 2], [0, 3], [0, 4], [0, 5], [0, 6], [0, 7], [1, 0], [1, 1], [1, 2], [1, 3], [1, 4], [1, 5], [1, 6], [1, 7], [2, 0], [2, 1], [2, 2], [2, 3], [2, 4], [2, 5], [2, 6], [2, 7], [3, 0], [3, 1], [3, 2], [3, 3], [3, 4], [3, 5], [3, 6], [3, 7], [4, 0], [4, 1], [4, 2], [4, 3], [4, 4], [4, 5], [4, 6], [4, 7], [5, 0], [5, 1], [5, 2], [5, 3], [5, 4], [5, 5], [5, 6], [5, 7], [6, 0], [6, 1], [6, 2], [6, 3], [6, 4], [6, 5], [6, 6], [6, 7], [7, 0], [7, 1], [7, 2], [7, 3], [7, 4], [7, 5], [7, 6], [7, 7]], "edges": [[0, 1, 0.739583644118091], [0, 8, 0.8827846193816788], [2, 10, 0.10124743588138196], [3, 4, 0.8961967140422], [3, 11, 0.608817549846], [4, 5, 0.07755526605515206], [5, 13, 0.5955806989945661], [6, 7, 0.9707824456850942], [6, 14, 0.7732928833750763], [8, 9, 0.7392898181618768], [8, 16, 0.9647860001756775], [9, 10, 0.6783062934927734], [9, 17, 0.0006049336479001521], [10, 11, 0.33369871386025773], [10, 18, 0.10546873233798904], [11, 12, 0.30077207284820606], [11, 19, 0.6187162437390785], [12, 13, 0.2579106638558646], [12, 20, 0.9645703180361095], [13, 14, 0.8400113183660671], [13, 21, 0.2924294469930425], [14, 15, 0.019496383769738168], [14, 22, 0.24771789103533615], [16, 17, 0.3888285352446502], [16, 24, 0.7278354887392164], [17, 25, 0.9170964807727005], [18, 19, 0.7858148869854128], [19, 20, 0.8924806945889019], [19, 27, 0.9266264172189168], [20, 28, 0.3872572457996125], [22, 30, 0.9406311912353136], [24, 25, 0.07337091452147237], [24, 32, 0.252951025634922], [25, 26, 0.4663649989052425], [25, 33, 0.09520050409825143], [26, 27, 0.7094198488885903], [26, 34, 0.22554144798128806], [27, 35, 0.9400728927031038], [28, 29, 0.5215673466332208], [28, 36, 0.9366197205737183], [29, 30, 0.03530475335827765], [29, 37, 0.11036765711241825], [30, 31, 0.7544233588218134], [32, 40, 0.22286768329931217], [34, 35, 0.8973595933133234], [34, 42, 0.6333258359042896], [35, 36, 0.7990043927976204], [35, 43, 0.15680943548291326], [36, 44, 0.4006510258660827], [37, 38, 0.14121783961766043], [37, 45, 0.42723022038154546], [38, 39, 0.4172659056545791], [38, 46, 0.46390005730607997], [40, 41, 0.08887325119659573], [40, 48, 0.16464976901332018], [41, 49, 0.9036099183089045], [42, 43, 0.5697716361594276], [43, 51, 0.763266433295409], [44, 52, 0.9089829545733571], [45, 46, 0.524222338609714], [45, 53, 0.2248773528619945], [46, 47, 0.6509244543929967], [46, 54, 0.20834652578837454], [48, 56, 0.3513860104540787], [49, 50, 0.3238314665736727], [49, 57, 0.5911005919911952], [51, 59, 0.6358033555287631], [52, 53, 0.08115849962771005], [52, 60, 0.9506335244241697], [53, 54, 0.7465075016499281], [53, 61, 0.18152325981926654], [54, 62, 0.21030551235601014], [15, 23, 0.5076924050192255], [23, 31, 0.929099980441829], [31, 39, 0.7822500953939905], [47, 55, 0.7513792144154062], [55, 63, 0.8424534808872852], [56, 57, 0.6360535903934333], [57, 58, 0.2778653819672191], [59, 60, 0.4513098014452981], [60, 61, 0.4476516131135436]], "oriented": false, "discover": false, "dist": true, "mode": "map"}