{"pos": [[0, 0], [0, 1], [0, 2], [0, 3], [0, 4], [0, 5], [0, 6], [0, 7], [1, 0], [1, 1], [1, 2], [1, 3], [1, 4], [1, 5], [1, 6], [1, 7], [2, 0], [2, 1], [2, 2], [2, 3], [2, 4], [2, 5], [2, 6], [2, 7], [3, 0], [3, 1], [3, 2], [3, 3], [3, 4], [3, 5], [3, 6], [3, 7], [4, 0], [4, 1], [4, 2], [4, 3], [4, 4], [4, 5], [4, 6], [4, 7], [5, 0], [5, 1], [5, 2], [5, 3], [5, 4], [5, 5], [5, 6], [5, 7], [6, 0], [6, 1], [6, 2], [6, 3], [6, 4], [6, 5], [6, 6], [6, 7], [7, 0], [7, 1], [7, 2], [7, 3], [7, 4], [7, 5], [7, 6], [7, 7]], "edges": [[0, 1, 0.22473903555674135], [0, 8, 0.8541939187671788], [1, 2, 0.04373523613658925], [1, 9, 0.22244940093862708], [2, 3, 0.23950887734384807], [2, 10, 0.8344916089534496], [3, 4, 0.3321092668806245], [3, 11, 0.11945102010111208], [4, 5, 0.32599938467059664], [4, 12, 0.8936362021052697], [5, 6, 0.5721932399568007], [6, 7, 0.7786787825795969], [8, 9, 0.589098318705472], [8, 16, 0.1524939379704935], [9, 17, 0.1951801409180326], [11, 12, 0.14121112672954883], [11, 19, 0.14048807433933552], [12, 13, 0.8016916512449587], [12, 20, 0.2717097123020419], [13, 14, 0.1021431147200762], [14, 15, 0.30661989618573915], [16, 24, 0.865178852939121], [17, 18, 0.03675102564887944], [17, 25, 0.17184611993530963], [19, 20, 0.8764164189486053], [19, 27, 0.02631759241546161], [20, 21, 0.2589913970423193], [21, 22, 0.10000808684717666], [22, 23, 0.5961195397201995], [22, 30, 0.6183969644123647], [24, 25, 0.7664628958445023], [24, 32, 0.12927138106974823], [25, 26, 0.9079889927464926], [25, 33, 0.007730533857651656], [26, 34, 0.044923699595034394], [27, 28, 0.2994011404201795], [27, 35, 0.819129507341157], [28, 29, 0.7095068380700698], [30, 31, 0.4755108408907517], [32, 33, 0.9360721211135067], [32, 40, 0.8278673945737226], [33, 34, 0.8890309076336805], [34, 35, 0.47271151430110414], [35, 36, 0.031498378524600024], [35, 43, 0.5444940068492292], [36, 37, 0.1470770411340795], [36, 44, 0.7664513834499866], [37, 38, 0.17565339141501035], [37, 45, 0.9502045595683494], [40, 41, 0.6830181159006118], [40, 48, 0.16932269160947888], [41, 42, 0.7294875865136754], [41, 49, 0.21768003471051656], [42, 43, 0.03243052142010827], [42, 50, 0.32338870201085523], [43, 44, 0.15496586287885272], [43, 51, 0.9865884337895152], [44, 52, 0.6363120832833172], [45, 46, 0.09967775063231132], [45, 53, 0.046296929930710884], [46, 54, 0.003056095351571364], [48, 49, 0.4668540478968708], [48, 56, 0.2413632213444723], [49, 50, 0.9182355335071961], [50, 51, 0.5217872628393191], [51, 52, 0.5451268826684016], [51, 59, 0.3429966445867699], [52, 60, 0.3326238971195734], [54, 55, 0.5022938051704511], [54, 62, 0.5774423094521612], [7, 15, 0.17186495038096272], [23, 31, 0.3967932865323731], [31, 39, 0.28964026009751365], [39, 47, 0.26650916038821526], [47, 55, 0.7311973515600131], [56, 57, 0.7684386665804837], [57, 58, 0.20181369159813634], [58, 59, 0.3116466242486404], [59, 60, 0.013439255182342902], [61, 62, 0.7748491594147803], [62, 63, 0.5991273502671026]], "oriented": false, "discover": false, "dist": true, "mode": "map"}