{"pos": [[0, 0], [0, 1], [0, 2], [0, 3], [0, 4], [0, 5], [0, 6], [0, 7], [1, 0], [1, 1], [1, 2], [1, 3], [1, 4], [1, 5], [1, 6], [1, 7], [2, 0], [2, 1], [2, 2], [2, 3], [2, 4], [2, 5], [2, 6], [2, 7], [3, 0], [3, 1], [3, 2], [3, 3], [3, 4], [3, 5], [3, 6], [3, 7], [4, 0], [4, 1], [4, 2], [4, 3], [4, 4], [4, 5], [4, 6], [4, 7], [5, 0], [5, 1], [5, 2], [5, 3], [5, 4], [5, 5], [5, 6], [5, 7], [6, 0], [6, 1], [6, 2], [6, 3], [6, 4], [6, 5], [6, 6], [6, 7], [7, 0], [7, 1], [7, 2], [7, 3], [7, 4], [7, 5], [7, 6], [7, 7]], "edges": [[0, 1, 0.6892877691940644], [0, 8, 0.6687110830909063], [1, 2, 0.31884648852260866], [1, 9, 0.6038242666655765], [2, 3, 0.13679283313636015], [2, 10, 0.6905231555113931], [3, 4, 0.7264559092891563], [3, 11, 0.1407579439673603], [4, 5, 0.5676206106402304], [5, 6, 0.14089821701974592], [5, 13, 0.9321716752493234], [6, 7, 0.09650138681137455], [6, 14, 0.9637969889117636], [8, 16, 0.04468274460954946], [9, 17, 0.632209340127475], [10, 11, 0.8716323531094274], [11, 12, 0.8399542866695301], [11, 19, 0.8451062612306629], [12, 13, 0.15607905825565838], [12, 20, 0.42764246632631986], [13, 14, 0.9756091589625696], [13, 21, 0.5641265766004162], [14, 15, 0.20589892956793687], [14, 22, 0.1556601917737498], [16, 24, 0.8833050558210375], [17, 18, 0.7283118495763454], [17, 25, 0.9892618829436858], [19, 20, 0.5662708033915587], [20, 21, 0.7305435709351701], [20, 28, 0.4553508013965333], [21, 22, 0.3000971316668577], [21, 29, 0.2962354787549236], [22, 23, 0.7715642657982463], [22, 30, 0.35582543760547514], [24, 25, 0.8365719607008091], [25, 26, 0.017730081915170337], [25, 33, 0.5161946273834108], [26, 27, 0.6281314554314401], [27, 28, 0.7804758131251152], [27, 35, 0.34369092259359235], [28, 29, 0.2978222006564919], [29, 37, 0.927756861864179], [30, 31, 0.4773962045640311], [32, 33, 0.22632433255077222], [32, 40, 0.25382802366363333], [33, 34, 0.5216890733387717], [33, 41, 0.6844933682651881], [34, 35, 0.07678129890682028], [34, 42, 0.09313676429481699], [35, 36, 0.3372259720971603], [37, 38, 0.90769406952147], [37, 45, 0.7654394165172491], [38, 39, 0.7095784594797551], [40, 41, 0.6304761234412906], [41, 42, 0.8275815721375457], [41, 49, 0.48898759294781546], [42, 43, 0.6345474934888469], [42, 50, 0.4960250054930607], [43, 44, 0.3363403081334915], [44, 45, 0.8326088128817988], [45, 46, 0.8330672533319262], [45, 53, 0.2595368147016396], [46, 47, 0.056707131199090544], [46, 54, 0.12315883564924579], [48, 49, 0.3665142558225516], [49, 50, 0.2443537775356811], [49, 57, 0.3015112076544967], [50, 51, 0.9360708936331888], [50, 58, 0.08342665370026381], [51, 52, 0.2940158413538071], [51, 59, 0.9710570175677398], [52, 60, 0.7225191917160304], [54, 55, 0.6175459013715875], [54, 62, 0.5716359350817372], [23, 31, 0.37699348240256725], [31, 39, 0.9780741808600835], [39, 47, 0.5369657660033638], [47, 55, 0.571211606786439], [56, 57, 0.5380884103849962], [60, 61, 0.355956962914898], [62, 63, 0.8524218477136815]], "oriented": false, "discover": false, "dist": true, "mode": "map"}