{"pos": [[0, 0], [0, 1], [0, 2], [0, 3], [0, 4], [0, 5], [0, 6], [0, 7], [1, 0], [1, 1], [1, 2], [1, 3], [1, 4], [1, 5], [1, 6], [1, 7], [2, 0], [2, 1], [2, 2], [2, 3], [2, 4], [2, 5], [2, 6], [2, 7], [3, 0], [3, 1], [3, 2], [3, 3], [3, 4], [3, 5], [3, 6], [3, 7], [4, 0], [4, 1], [4, 2], [4, 3], [4, 4], [4, 5], [4, 6], [4, 7], [5, 0], [5, 1], [5, 2], [5, 3], [5, 4], [5, 5], [5, 6], [5, 7], [6, 0], [6, 1], [6, 2], [6, 3], [6, 4], [6, 5], [6, 6], [6, 7], [7, 0], [7, 1], [7, 2], [7, 3], [7, 4], [7, 5], [7, 6], [7, 7]], "edges": [[0, 1, 0.7395489104606868], [0, 8, 0.12878013766164242], [1, 2, 0.056548643317798186], [2, 3, 0.6360757964542151], [3, 4, 0.27445545221914613], [3, 11, 0.17145432075153877], [4, 5, 0.06078303005343422], [4, 12, 0.1987528269026465], [5, 6, 0.6443769267041294], [6, 7, 0.5449010758090372], [6, 14, 0.16268054931613718], [8, 9, 0.4803984414471233], [8, 16, 0.3586744200613089], [9, 17, 0.307443453961473], [10, 11, 0.7440829382182219], [11, 12, 0.5369543115654888], [11, 19, 0.05720191405933839], [12, 13, 0.821442189959338], [13, 14, 0.09240104824199824], [13, 21, 0.3667816068418107], [14, 15, 0.31470097195552305], [16, 17, 0.8193265417049095], [16, 24, 0.17590821130982903], [17, 18, 0.2994220620475948], [18, 19, 0.963886123556874], [19, 20, 0.3965185361814675], [19, 27, 0.6495151937544811], [21, 22, 0.08686775242813183], [21, 29, 0.9018326996438998], [22, 23, 0.5103757759335049], [22, 30, 0.8895702476605415], [24, 25, 0.7500882355132306], [24, 32, 0.9228578458344012], [25, 26, 0.060902443368255454], [27, 28, 0.2844749792130258], [28, 29, 0.15984357046147712], [29, 30, 0.3417461841093147], [30, 31, 0.6140199343988177], [30, 38, 0.3077718645939037], [32, 33, 0.8915349998637407], [32, 40, 0.3775440180988978], [33, 34, 0.29616870838373577], [33, 41, 0.9881385548803128], [34, 35, 0.4156024820944666], [35, 36, 0.6777291995824197], [35, 43, 0.8214711859569102], [36, 37, 0.40020023111338865], [36, 44, 0.5975898215667296], [37, 38, 0.4000481030939783], [38, 39, 0.049721954428826765], [38, 46, 0.7543012355765261], [40, 41, 0.28315638237562113], [40, 48, 0.7278918888191422], [41, 42, 0.7628834429498424], [41, 49, 0.5259607312603565], [42, 43, 0.4886023965097934], [42, 50, 0.1028539480153593], [43, 44, 0.14686021312185327], [43, 51, 0.5429307614313297], [44, 45, 0.514237800437595], [45, 53, 0.5643434919162368], [46, 54, 0.9114391832389527], [48, 49, 0.8751589594068203], [48, 56, 0.3635156461016473], [49, 50, 0.20573771692454212], [49, 57, 0.4681304622962341], [51, 52, 0.9770992241909744], [51, 59, 0.9793712437631238], [52, 60, 0.08605260061090592], [53, 54, 0.1485844683787858], [53, 61, 0.8602406058343443], [54, 62, 0.5211040915815864], [23, 31, 0.29215826840244064], [31, 39, 0.20410864776261217], [39, 47, 0.8419045555696187], [47, 55, 0.03671163368320984], [56, 57, 0.5813015639123483], [57, 58, 0.4095547352490334], [59, 60, 0.19492311762463155], [61, 62, 0.6965099431498951], [62, 63, 0.04928840383803046]], "oriented": false, "discover": false, "dist": true, "mode": "map"}