{"pos": [[0, 0], [0, 1], [0, 2], [0, 3], [0, 4], [0, 5], [0, 6], [0, 7], [1, 0], [1, 1], [1, 2], [1, 3], [1, 4], [1, 5], [1, 6], [1, 7], [2, 0], [2, 1], [2, 2], [2, 3], [2, 4], [2, 5], [2, 6], [2, 7], [3, 0], [3, 1], [3, 2], [3, 3], [3, 4], [3, 5], [3, 6], [3, 7], [4, 0], [4, 1], [4, 2], [4, 3], [4, 4], [4, 5], [4, 6], [4, 7], [5, 0], [5, 1], [5, 2], [5, 3], [5, 4], [5, 5], [5, 6], [5, 7], [6, 0], [6, 1], [6, 2], [6, 3], [6, 4], [6, 5], [6, 6], [6, 7], [7, 0], [7, 1], [7, 2], [7, 3], [7, 4], [7, 5], [7, 6], [7, 7]], "edges": [[0, 1, 0.6031444221023223], [0, 8, 0.8234690310233991], [1, 2, 0.12205279693411542], [1, 9, 0.3309011938949712], [2, 3, 0.35007391660995035], [2, 10, 0.7066586681144519], [3, 4, 0.3972519632425323], [3, 11, 0.9282598919109432], [4, 5, 0.05724948784522488], [4, 12, 0.45168578290457617], [5, 6, 0.20197672929205968], [6, 7, 0.8511079542886225], [6, 14, 0.23786011427615594], [8, 9, 0.74426714696046], [8, 16, 0.027622703458241582], [9, 10, 0.9539237885769344], [9, 17, 0.6051731973634153], [10, 11, 0.10321476485049663], [12, 13, 0.22141584466285513], [12, 20, 0.6992999411081957], [13, 14, 0.13143157612680634], [13, 21, 0.5204315456058114], [14, 15, 0.479926615840501], [14, 22, 0.11360812451694946], [16, 24, 0.7033405943716138], [17, 18, 0.534066326070654], [17, 25, 0.8960730378012367], [18, 19, 0.8099602336710205], [18, 26, 0.7022462539103707], [19, 27, 0.10644484701709511], [20, 21, 0.9503916270635571], [20, 28, 0.3656004092573151], [21, 22, 0.8032377839722548], [22, 23, 0.4752231019000047], [22, 30, 0.6786605802396335], [24, 25, 0.3114475757329783], [24, 32, 0.09347162544945953], [25, 33, 0.4471997959301779], [26, 27, 0.4230119246348616], [27, 28, 0.5926685895886281], [28, 29, 0.837955103892519], [28, 36, 0.3979729784046193], [30, 31, 0.1612901950327692], [32, 40, 0.2339809000297035], [33, 34, 0.5865832652047104], [33, 41, 0.9332138080820314], [34, 35, 0.5364046507332303], [35, 36, 0.10663903235045535], [35, 43, 0.481534807102576], [36, 37, 0.8479834017402539], [37, 38, 0.22208322052586216], [38, 39, 0.11816788042054349], [40, 41, 0.27249589022221044], [40, 48, 0.7544001412311185], [41, 42, 0.9461501532503953], [41, 49, 0.14208196474864887], [42, 50, 0.13626757074645746], [43, 44, 0.40984600582688946], [43, 51, 0.8612207991038221], [44, 45, 0.3322343231312658], [44, 52, 0.25001580703924964], [45, 46, 0.4020500213727266], [45, 53, 0.8587884834474763], [46, 54, 0.5615078770928819], [48, 49, 0.9004586934620747], [48, 56, 0.19207637549508394], [49, 57, 0.616641307288172], [50, 51, 0.19150782447518155], [50, 58, 0.38706546544876985], [51, 52, 0.532010168603684], [51, 59, 0.9460319714830865], [52, 53, 0.7901349823988759], [52, 60, 0.9981005247992407], [53, 61, 0.6156539456091064], [54, 62, 0.5309804463419244], [39, 47, 0.7577501420755489], [47, 55, 0.6463096542254004], [57, 58, 0.9270129150171662], [59, 60, 0.01714075280415195], [60, 61, 0.8271220834395743], [62, 63, 0.9686265800517612]], "oriented": false, "discover": false, "dist": true, "mode": "map"}