{"pos": [[0, 0], [0, 1], [0, 2], [0, 3], [0, 4], [0, 5], [0, 6], [0, 7], [1, 0], [1, 1], [1, 2], [1, 3], [1, 4], [1, 5], [1, 6], [1, 7], [2, 0], [2, 1], [2, 2], [2, 3], [2, 4], [2, 5], [2, 6], [2, 7], [3, 0], [3, 1], [3, 2], [3, 3], [3, 4], [3, 5], [3, 6], [3, 7], [4, 0], [4, 1], [4, 2], [4, 3], [4, 4], [4, 5], [4, 6], [4, 7], [5, 0], [5, 1], [5, 2], [5, 3], [5, 4], [5, 5], [5, 6], [5, 7], [6, 0], [6, 1], [6, 2], [6, 3], [6, 4], [6, 5], [6, 6], [6, 7], [7, 0], [7, 1], [7, 2], [7, 3], [7, 4], [7, 5], [7, 6], [7, 7]], "edges": [[0, 1, 0.9717133276019395], [0, 8, 0.12187075207708986], [1, 2, 0.5239212002206913], [1, 9, 0.07106754614318789], [2, 3, 0.39119642282145406], [2, 10, 0.0967079373350549], [3, 4, 0.8238885626180715], [3, 11, 0.26820597143420033], [4, 5, 0.28843926881037163], [4, 12, 0.23631403517553584], [5, 6, 0.21806616258069367], [5, 13, 0.42520706129547226], [6, 7, 0.8967896427024322], [6, 14, 0.509271350885739], [8, 9, 0.993455323877373], [8, 16, 0.7702409566763073], [9, 17, 0.19304015829335464], [10, 11, 0.3195417151891419], [10, 18, 0.051340544713045166], [11, 12, 0.23573847604874665], [11, 19, 0.2972276097137665], [12, 13, 0.6741886549347084], [12, 20, 0.13436656910723377], [14, 22, 0.7341122124913773], [16, 17, 0.821768156121525], [16, 24, 0.390454584293658], [17, 18, 0.16920659449622089], [17, 25, 0.8942409829311734], [18, 26, 0.9412502584953443], [19, 20, 0.6539574337027724], [19, 27, 0.6914369646396601], [20, 21, 0.5074876807199077], [20, 28, 0.19687268045473905], [24, 32, 0.9566120168313564], [25, 26, 0.9554302382211759], [25, 33, 0.723672299391888], [27, 35, 0.8964029930577813], [28, 29, 0.5518043915845374], [28, 36, 0.8592135688199459], [29, 30, 0.39558651959002444], [29, 37, 0.1786692913515152], [30, 31, 0.8182628502483602], [30, 38, 0.14784778099328455], [32, 33, 0.9619571762536725], [33, 34, 0.5753595661602199], [33, 41, 0.030547925057085812], [34, 35, 0.17131041080479326], [35, 36, 0.10180103954758524], [36, 44, 0.9694756241369107], [37, 45, 0.3014860152589227], [40, 41, 0.7808345237130258], [40, 48, 0.20959889929398678], [41, 42, 0.4503501094790844], [41, 49, 0.9526160572213002], [42, 50, 0.7508264594359928], [43, 44, 0.010584893345535806], [43, 51, 0.11916547998263016], [44, 52, 0.9172579581117074], [45, 46, 0.8283607528534829], [45, 53, 0.1090079811846324], [46, 47, 0.10319821387832151], [46, 54, 0.8939855972089602], [48, 56, 0.925248198967861], [49, 50, 0.3348842106740828], [49, 57, 0.4506574649678472], [50, 51, 0.9267095685231707], [51, 52, 0.778560590552544], [52, 60, 0.5984467620337325], [53, 61, 0.16979886666775723], [54, 62, 0.9864179148509263], [7, 15, 0.5922168610771894], [15, 23, 0.8398795962606386], [23, 31, 0.6041077321405662], [31, 39, 0.14445621219870974], [39, 47, 0.3256720257935751], [47, 55, 0.7669219878167459], [55, 63, 0.602953713195655], [56, 57, 0.05315853244734814], [57, 58, 0.8811703215141168], [58, 59, 0.46891919047224984], [61, 62, 0.1514568318799303]], "oriented": false, "discover": false, "dist": true, "mode": "map"}