{"pos": [[0, 0], [0, 1], [0, 2], [0, 3], [0, 4], [0, 5], [0, 6], [0, 7], [1, 0], [1, 1], [1, 2], [1, 3], [1, 4], [1, 5], [1, 6], [1, 7], [2, 0], [2, 1], [2, 2], [2, 3], [2, 4], [2, 5], [2, 6], [2, 7], [3, 0], [3, 1], [3, 2], [3, 3], [3, 4], [3, 5], [3, 6], [3, 7], [4, 0], [4, 1], [4, 2], [4, 3], [4, 4], [4, 5], [4, 6], [4, 7], [5, 0], [5, 1], [5, 2], [5, 3], [5, 4], [5, 5], [5, 6], [5, 7], [6, 0], [6, 1], [6, 2], [6, 3], [6, 4], [6, 5], [6, 6], [6, 7], [7, 0], [7, 1], [7, 2], [7, 3], [7, 4], [7, 5], [7, 6], [7, 7]], "edges": [[0, 1, 0.6830762032000457], [0, 8, 0.7981503711494947], [1, 2, 0.3176579977532411], [1, 9, 0.38037244142759985], [2, 3, 0.9441397469566929], [2, 10, 0.9962040798706602], [3, 4, 0.8294124131391614], [3, 11, 0.18534462170669974], [4, 5, 0.540047556833024], [4, 12, 0.8615099554463478], [5, 6, 0.13390690882922796], [5, 13, 0.684370551677406], [6, 7, 0.8770558472578708], [9, 17, 0.9693251975825579], [11, 12, 0.616404260219564], [11, 19, 0.3142188279952266], [12, 13, 0.25305093974232873], [12, 20, 0.7900907274576989], [13, 14, 0.1120288183063528], [13, 21, 0.8876455652653633], [14, 22, 0.09708869522331431], [16, 17, 0.6761830857923097], [17, 18, 0.916142001162271], [17, 25, 0.5040175571925539], [18, 19, 0.43815189999276516], [18, 26, 0.3987422753126135], [19, 20, 0.5283140107454347], [19, 27, 0.7917115306119865], [20, 21, 0.8336067952441132], [20, 28, 0.28897909929410737], [21, 22, 0.22262907818526645], [21, 29, 0.3775340595154809], [22, 23, 0.4393972118715668], [24, 25, 0.06249602634893714], [25, 26, 0.2521245523065213], [25, 33, 0.26689821292970184], [26, 27, 0.7206744740653612], [26, 34, 0.5781327018261275], [27, 28, 0.9766456835412182], [27, 35, 0.38728037444129104], [28, 36, 0.2547350797346486], [29, 30, 0.6899126978102458], [30, 31, 0.5908035407027398], [30, 38, 0.45640840838465424], [32, 33, 0.36647130612127576], [32, 40, 0.9432502536448799], [33, 41, 0.8551120344754831], [35, 43, 0.3815148426943027], [36, 37, 0.5374597617546375], [36, 44, 0.7036333341606859], [37, 45, 0.9043285013840742], [38, 39, 0.9288617334897481], [38, 46, 0.48565699752244795], [40, 41, 0.6549267470408926], [40, 48, 0.7698530846779181], [41, 42, 0.8191362522901194], [41, 49, 0.5749057791284602], [42, 43, 0.9228056571894073], [42, 50, 0.3461639860756883], [43, 51, 0.47952458780922547], [45, 53, 0.8419087552783328], [46, 47, 0.6011286377681493], [48, 56, 0.14151727247854928], [49, 50, 0.5434905095425812], [50, 58, 0.10746568922294963], [51, 52, 0.19147034538301644], [51, 59, 0.7420048404991767], [52, 53, 0.40013159755228456], [53, 54, 0.04192428160698669], [53, 61, 0.5050361086311166], [7, 15, 0.870411355728703], [15, 23, 0.7829943140048362], [23, 31, 0.22661065628898514], [31, 39, 0.9581114767635824], [47, 55, 0.6385212500475849], [55, 63, 0.9535248558009535], [57, 58, 0.754549786660137], [58, 59, 0.46868583338569725], [59, 60, 0.06292987953987816], [61, 62, 0.6595357116093135], [62, 63, 0.3882348004939489]], "oriented": false, "discover": false, "dist": true, "mode": "map"}