{"pos": [[0, 0], [0, 1], [0, 2], [0, 3], [0, 4], [0, 5], [0, 6], [0, 7], [1, 0], [1, 1], [1, 2], [1, 3], [1, 4], [1, 5], [1, 6], [1, 7], [2, 0], [2, 1], [2, 2], [2, 3], [2, 4], [2, 5], [2, 6], [2, 7], [3, 0], [3, 1], [3, 2], [3, 3], [3, 4], [3, 5], [3, 6], [3, 7], [4, 0], [4, 1], [4, 2], [4, 3], [4, 4], [4, 5], [4, 6], [4, 7], [5, 0], [5, 1], [5, 2], [5, 3], [5, 4], [5, 5], [5, 6], [5, 7], [6, 0], [6, 1], [6, 2], [6, 3], [6, 4], [6, 5], [6, 6], [6, 7], [7, 0], [7, 1], [7, 2], [7, 3], [7, 4], [7, 5], [7, 6], [7, 7]], "edges": [[0, 1, 0.7179884073089279], [0, 8, 0.7946763701403802], [1, 2, 0.2719540962668765], [1, 9, 0.940112700648471], [2, 3, 0.8925615371110265], [2, 10, 0.24418918689712132], [3, 4, 0.9072697640046735], [4, 5, 0.5348089406458874], [4, 12, 0.9700678692490478], [5, 6, 0.9404254774995181], [6, 7, 0.020528209404112707], [6, 14, 0.2509709125750822], [8, 16, 0.2533378041109212], [9, 10, 0.2777171342124223], [9, 17, 0.3015825153939732], [10, 11, 0.7695225823495301], [10, 18, 0.9441687297588824], [11, 12, 0.6643274462225738], [11, 19, 0.5712888417787445], [12, 13, 0.7389359001358249], [12, 20, 0.6723546141833853], [14, 15, 0.5947911074191637], [14, 22, 0.9763166894898322], [16, 17, 0.701011077397525], [17, 18, 0.6025454673897537], [17, 25, 0.5578448852776167], [18, 26, 0.7313915232784125], [20, 21, 0.8425987015150651], [21, 22, 0.5378331277620986], [21, 29, 0.8970584094674356], [22, 23, 0.07321284987628729], [22, 30, 0.531100983087719], [24, 25, 0.9343542291728362], [24, 32, 0.12822592639358976], [25, 26, 0.7061803949728018], [25, 33, 0.8196037253658732], [26, 27, 0.2492384088741414], [26, 34, 0.50626660734135], [27, 28, 0.6615562747653472], [28, 36, 0.07304726051821431], [29, 30, 0.5698662600985616], [29, 37, 0.8109338391133027], [30, 31, 0.3370599466076486], [32, 40, 0.6942932843241072], [33, 34, 0.02239426977274339], [33, 41, 0.2563177317301152], [34, 35, 0.5902790872843189], [34, 42, 0.752589013683816], [35, 36, 0.6935008577707571], [35, 43, 0.5707898467565853], [36, 37, 0.794009826836758], [36, 44, 0.9768432446641659], [37, 38, 0.1506776627716383], [37, 45, 0.3035768839768892], [38, 46, 0.9917042464386248], [40, 48, 0.727485097668593], [41, 42, 0.5381641618437886], [41, 49, 0.7612334140933242], [42, 50, 0.4702053487082901], [43, 44, 0.23560498017173903], [43, 51, 0.22020448517522528], [44, 45, 0.03383099885187768], [44, 52, 0.5959060534677705], [45, 46, 0.2612295836976426], [45, 53, 0.4027304046773402], [46, 54, 0.6825989500872988], [48, 49, 0.9847963104274242], [49, 57, 0.39294867188536653], [51, 52, 0.23220224782445686], [51, 59, 0.6693922695065808], [52, 60, 0.3509054788859619], [53, 61, 0.10428824994822228], [54, 55, 0.8249355866662479], [54, 62, 0.5229169526884235], [31, 39, 0.9595556963549909], [39, 47, 0.3931736421234424], [47, 55, 0.10409525414849385], [55, 63, 0.5424963036075042], [56, 57, 0.7653628431280151], [57, 58, 0.07877740359998331], [60, 61, 0.284118626047391]], "oriented": false, "discover": false, "dist": true, "mode": "map"}