{"pos": [[0, 0], [0, 1], [0, 2], [0, 3], [0, 4], [0, 5], [0, 6], [0, 7], [1, 0], [1, 1], [1, 2], [1, 3], [1, 4], [1, 5], [1, 6], [1, 7], [2, 0], [2, 1], [2, 2], [2, 3], [2, 4], [2, 5], [2, 6], [2, 7], [3, 0], [3, 1], [3, 2], [3, 3], [3, 4], [3, 5], [3, 6], [3, 7], [4, 0], [4, 1], [4, 2], [4, 3], [4, 4], [4, 5], [4, 6], [4, 7], [5, 0], [5, 1], [5, 2], [5, 3], [5, 4], [5, 5], [5, 6], [5, 7], [6, 0], [6, 1], [6, 2], [6, 3], [6, 4], [6, 5], [6, 6], [6, 7], [7, 0], [7, 1], [7, 2], [7, 3], [7, 4], [7, 5], [7, 6], [7, 7]], "edges": [[0, 1, 0.6319676925762111], [0, 8, 0.00031716788813940244], [1, 2, 0.12843748392655074], [1, 9, 0.3404483152031117], [2, 3, 0.7764405763667284], [2, 10, 0.9747369128171484], [3, 4, 0.027451626651965655], [3, 11, 0.18207439644431989], [4, 5, 0.2604932637524301], [4, 12, 0.938070099184618], [5, 6, 0.7234298301957308], [5, 13, 0.42671485762178896], [6, 7, 0.33564228818820563], [6, 14, 0.0038861702481922666], [8, 16, 0.6177463316572134], [9, 10, 0.5271075450678715], [9, 17, 0.8209340781477852], [10, 18, 0.38135290326152116], [12, 13, 0.922910248075897], [12, 20, 0.30229710632161544], [13, 21, 0.8753932846977174], [14, 15, 0.8570315272541469], [14, 22, 0.15945895964013168], [16, 24, 0.09190225527141671], [17, 18, 0.739124255412812], [17, 25, 0.9822819526796617], [18, 19, 0.6869191157911062], [18, 26, 0.8765401472271253], [19, 27, 0.38945611001449265], [20, 21, 0.9674678564606309], [20, 28, 0.750909525272639], [21, 22, 0.3242971485765177], [21, 29, 0.1623691851773198], [22, 30, 0.6020440961319753], [25, 26, 0.5562806876710423], [25, 33, 0.7085761520259505], [26, 34, 0.8725707074253781], [28, 36, 0.3665641085683592], [29, 37, 0.8153171734832938], [30, 31, 0.3835624328706645], [30, 38, 0.5873502899345951], [32, 33, 0.4616968062214173], [33, 41, 0.19856385436923785], [35, 36, 0.6914078372290388], [36, 37, 0.2559102076191956], [36, 44, 0.8198763045447237], [38, 39, 0.31692401873040876], [38, 46, 0.9668552382588049], [40, 41, 0.17044376516128112], [40, 48, 0.9139575108052567], [41, 42, 0.3323491300414655], [41, 49, 0.29373120683465537], [42, 43, 0.9751481258769837], [42, 50, 0.7494612151483164], [44, 45, 0.23160453980324613], [44, 52, 0.18680555369497165], [45, 53, 0.7219290117851525], [46, 47, 0.2594388230330321], [46, 54, 0.07146050185496411], [48, 49, 0.2905069749000698], [48, 56, 0.9628405996332277], [49, 57, 0.4322767221644923], [50, 58, 0.13418697639697796], [51, 52, 0.7184593277171778], [51, 59, 0.690934041920925], [52, 60, 0.029839627087581477], [53, 54, 0.3779537694105849], [53, 61, 0.6790831548522105], [54, 55, 0.8030628354276887], [7, 15, 0.7517643981322885], [15, 23, 0.7774452767073575], [23, 31, 0.792080190047666], [39, 47, 0.4762420850159492], [47, 55, 0.6798896762448771], [55, 63, 0.1700293922869166], [56, 57, 0.7087929867073567], [57, 58, 0.8953687199617493], [58, 59, 0.18086031730643193], [60, 61, 0.9265054278066622], [61, 62, 0.8852945763468584], [62, 63, 0.5424856123419501]], "oriented": false, "discover": false, "dist": true, "mode": "map"}