{"pos": [[0, 0], [0, 1], [0, 2], [0, 3], [0, 4], [0, 5], [0, 6], [0, 7], [1, 0], [1, 1], [1, 2], [1, 3], [1, 4], [1, 5], [1, 6], [1, 7], [2, 0], [2, 1], [2, 2], [2, 3], [2, 4], [2, 5], [2, 6], [2, 7], [3, 0], [3, 1], [3, 2], [3, 3], [3, 4], [3, 5], [3, 6], [3, 7], [4, 0], [4, 1], [4, 2], [4, 3], [4, 4], [4, 5], [4, 6], [4, 7], [5, 0], [5, 1], [5, 2], [5, 3], [5, 4], [5, 5], [5, 6], [5, 7], [6, 0], [6, 1], [6, 2], [6, 3], [6, 4], [6, 5], [6, 6], [6, 7], [7, 0], [7, 1], [7, 2], [7, 3], [7, 4], [7, 5], [7, 6], [7, 7]], "edges": [[0, 1, 0.5601185150184229], [0, 8, 0.01273019443318757], [1, 2, 0.42534974875971654], [2, 3, 0.9066626445313125], [3, 4, 0.6220250977314836], [3, 11, 0.2530659008278502], [4, 5, 0.12040619254954144], [4, 12, 0.7418336884277013], [5, 6, 0.2373604525738473], [5, 13, 0.7859466162029589], [6, 7, 0.6779779865011094], [6, 14, 0.5952089529592213], [8, 9, 0.7282122873544559], [8, 16, 0.600041866725556], [9, 10, 0.48043374091207014], [9, 17, 0.6413634293228436], [12, 20, 0.33528695140186393], [13, 14, 0.11475581311058991], [13, 21, 0.03071960700820109], [16, 24, 0.7859220040956088], [17, 18, 0.9863275416300037], [17, 25, 0.6027529366187032], [18, 19, 0.00527737091084679], [18, 26, 0.21605110027197694], [19, 20, 0.7295665260252074], [19, 27, 0.12314228904222346], [20, 28, 0.4813995177164483], [21, 22, 0.2535950275693247], [21, 29, 0.7166565449898623], [24, 25, 0.6149337889818797], [24, 32, 0.6370256219901682], [25, 26, 0.4665351585162165], [25, 33, 0.06283573968170353], [27, 35, 0.295551698891126], [28, 29, 0.39886077533912156], [28, 36, 0.8712416922335326], [29, 30, 0.7742182458743735], [29, 37, 0.6768527371403831], [30, 31, 0.9845426825605385], [30, 38, 0.3759327066389667], [32, 33, 0.13177231560864244], [32, 40, 0.6087108440496869], [33, 34, 0.05750263141435863], [33, 41, 0.3795140174442774], [35, 36, 0.6579461031694257], [36, 44, 0.9306384197484087], [37, 45, 0.08932230259854856], [38, 39, 0.8703313360730155], [38, 46, 0.16671925390578302], [40, 48, 0.7650080273077126], [41, 42, 0.4513165230667747], [42, 43, 0.15086075069027582], [42, 50, 0.8072555598831304], [43, 51, 0.09551626382668299], [44, 45, 0.2045074965178696], [44, 52, 0.9569267305419255], [45, 46, 0.17544794535892683], [45, 53, 0.45891198298061453], [46, 47, 0.7683598385179022], [46, 54, 0.9543379092106976], [48, 49, 0.15693551449834464], [48, 56, 0.9318965766888101], [49, 50, 0.06888448075110265], [50, 58, 0.33615178745816043], [51, 52, 0.007820442170671904], [51, 59, 0.6396953982966599], [52, 53, 0.5920570614568781], [53, 54, 0.8758217428469756], [53, 61, 0.9563255136784987], [54, 62, 0.9877452286719596], [7, 15, 0.7093690379033344], [15, 23, 0.622530824048971], [23, 31, 0.8287151246372373], [31, 39, 0.20002625652530392], [39, 47, 0.7705472013933458], [47, 55, 0.2543804682558687], [56, 57, 0.05152498196137989], [57, 58, 0.16809799167239092], [59, 60, 0.4933368969439369], [61, 62, 0.1995709750070065], [62, 63, 0.1385330546551744]], "oriented": false, "discover": false, "dist": true, "mode": "map"}