{"pos": [[0, 0], [0, 1], [0, 2], [0, 3], [0, 4], [0, 5], [0, 6], [0, 7], [1, 0], [1, 1], [1, 2], [1, 3], [1, 4], [1, 5], [1, 6], [1, 7], [2, 0], [2, 1], [2, 2], [2, 3], [2, 4], [2, 5], [2, 6], [2, 7], [3, 0], [3, 1], [3, 2], [3, 3], [3, 4], [3, 5], [3, 6], [3, 7], [4, 0], [4, 1], [4, 2], [4, 3], [4, 4], [4, 5], [4, 6], [4, 7], [5, 0], [5, 1], [5, 2], [5, 3], [5, 4], [5, 5], [5, 6], [5, 7], [6, 0], [6, 1], [6, 2], [6, 3], [6, 4], [6, 5], [6, 6], [6, 7], [7, 0], [7, 1], [7, 2], [7, 3], [7, 4], [7, 5], [7, 6], [7, 7]], "edges": [[0, 1, 0.2951893183878801], [1, 2, 0.6219262501937376], [1, 9, 0.16667508234733908], [2, 3, 0.7362053282914436], [3, 4, 0.498958232973699], [4, 5, 0.672794607767098], [5, 6, 0.30357029055461726], [5, 13, 0.5668243251401825], [6, 7, 0.10561181882715287], [6, 14, 0.4784147236109372], [8, 9, 0.8384026852013403], [9, 10, 0.6012224555032414], [9, 17, 0.6291002159307116], [10, 11, 0.9469033733619087], [10, 18, 0.8566805102740863], [11, 12, 0.6700707677169614], [12, 13, 0.09682919275771895], [12, 20, 0.4249558624425308], [13, 14, 0.9756626154654414], [13, 21, 0.41722521777449084], [14, 15, 0.9946983004113527], [14, 22, 0.27570992462806465], [16, 17, 0.21849694767302763], [17, 25, 0.11585266446499543], [18, 19, 0.8149132224144419], [18, 26, 0.15340595884568153], [19, 20, 0.8458228773281166], [19, 27, 0.2130607781723297], [20, 28, 0.737947696078977], [21, 29, 0.054633496513941227], [22, 30, 0.2920852808945166], [24, 25, 0.6769735559653146], [24, 32, 0.6438412111846936], [25, 33, 0.04031546051543733], [26, 27, 0.5169125587837683], [27, 28, 0.25914777789507903], [27, 35, 0.10314316437574045], [28, 29, 0.8028536528792944], [29, 37, 0.8446569602546039], [30, 38, 0.21907050064770572], [33, 34, 0.9332419131458677], [33, 41, 0.12898786489020242], [34, 35, 0.19989189309657585], [34, 42, 0.1622472010746695], [35, 36, 0.24955128640556357], [35, 43, 0.7539445709069392], [36, 44, 0.9136308048828619], [37, 38, 0.3471282296179814], [37, 45, 0.1775025459241073], [40, 41, 0.3486226539992495], [41, 49, 0.863774770475139], [42, 43, 0.3843964815020271], [43, 44, 0.09221366261316999], [43, 51, 0.07977478221671719], [44, 45, 0.7325779740786442], [44, 52, 0.9460382224694543], [45, 46, 0.9354751097053603], [45, 53, 0.28206348207023424], [48, 49, 0.33256412690837156], [48, 56, 0.015425429629926768], [49, 50, 0.5960730265006009], [49, 57, 0.348094794156367], [51, 59, 0.8516289127448606], [52, 53, 0.8368267445419091], [52, 60, 0.6430257673030814], [53, 54, 0.1851332915555325], [53, 61, 0.10486713059020725], [54, 55, 0.4091602158669183], [7, 15, 0.12969239408504452], [15, 23, 0.8743893074971519], [23, 31, 0.6299624846590398], [31, 39, 0.011612611342266432], [39, 47, 0.2244507188196655], [55, 63, 0.5323590903772262], [56, 57, 0.1998660420220183], [57, 58, 0.5848919509360168], [58, 59, 0.7901020950538018], [59, 60, 0.7707700090290536], [60, 61, 0.25720097432565436], [61, 62, 0.5841492600033728], [62, 63, 0.7259760444259187]], "oriented": false, "discover": false, "dist": true, "mode": "map"}