{"pos": [[0, 0], [0, 1], [0, 2], [0, 3], [0, 4], [0, 5], [0, 6], [0, 7], [0, 8], [1, 0], [1, 1], [1, 2], [1, 3], [1, 4], [1, 5], [1, 6], [1, 7], [1, 8], [2, 0], [2, 1], [2, 2], [2, 3], [2, 4], [2, 5], [2, 6], [2, 7], [2, 8], [3, 0], [3, 1], [3, 2], [3, 3], [3, 4], [3, 5], [3, 6], [3, 7], [3, 8], [4, 0], [4, 1], [4, 2], [4, 3], [4, 4], [4, 5], [4, 6], [4, 7], [4, 8], [5, 0], [5, 1], [5, 2], [5, 3], [5, 4], [5, 5], [5, 6], [5, 7], [5, 8], [6, 0], [6, 1], [6, 2], [6, 3], [6, 4], [6, 5], [6, 6], [6, 7], [6, 8], [7, 0], [7, 1], [7, 2], [7, 3], [7, 4], [7, 5], [7, 6], [7, 7], [7, 8], [8, 0], [8, 1], [8, 2], [8, 3], [8, 4], [8, 5], [8, 6], [8, 7], [8, 8]], "edges": [[0, 1, 0.3869778694141959], [0, 9, 0.19318026286930734], [1, 10, 0.6979911323148302], [2, 3, 0.9941684802414065], [2, 11, 0.21305125602880404], [3, 4, 0.574910635412125], [3, 12, 0.979515608518352], [4, 5, 0.5694391952209287], [4, 13, 0.3427344454217698], [5, 6, 0.39004428977936456], [6, 7, 0.3886374944087684], [7, 8, 0.8724084317489024], [9, 10, 0.1512629703635775], [9, 18, 0.7075394584707773], [10, 11, 0.21395227630310965], [11, 12, 0.22316804244823008], [12, 13, 0.00029980765822723576], [13, 14, 0.007953072714484644], [14, 15, 0.9090575494473931], [14, 23, 0.7534918749687225], [15, 16, 0.8607158037123402], [15, 24, 0.5018018400314367], [16, 17, 0.7019692496433908], [16, 25, 0.23150854063501847], [18, 19, 0.39270177020800945], [18, 27, 0.975919521475073], [19, 20, 0.8957541283981788], [20, 21, 0.19801339387062522], [20, 29, 0.02560736024612431], [21, 22, 0.3666786026441845], [21, 30, 0.3939599758165787], [22, 31, 0.8638322790973395], [23, 24, 0.20079420755125388], [24, 25, 0.411930663440906], [25, 26, 0.7161578663971018], [27, 28, 0.7394721906000611], [27, 36, 0.5734937790946596], [28, 37, 0.19146219366246875], [29, 30, 0.21794952268151546], [29, 38, 0.48352195869978076], [30, 31, 0.7155963869142709], [30, 39, 0.15517131630249192], [31, 32, 0.21424461217744628], [31, 40, 0.6043847985905089], [32, 33, 0.7990196557828806], [32, 41, 0.0072570929825829245], [33, 34, 0.38437074707129903], [34, 43, 0.5127582951365305], [36, 45, 0.6140933378424004], [38, 47, 0.5601466422137037], [39, 48, 0.6173818965253343], [40, 41, 0.5250436369424646], [41, 42, 0.8641306687108479], [41, 50, 0.4566725805719257], [42, 43, 0.637932621701852], [42, 51, 0.2597123862524705], [43, 44, 0.7911388868368162], [43, 52, 0.8180203284946435], [45, 46, 0.5506428644748774], [45, 54, 0.6421813979638105], [47, 48, 0.9627968940926839], [47, 56, 0.4700031056502887], [48, 49, 0.3318655425929541], [48, 57, 0.6611318468949415], [49, 58, 0.0838366950313868], [50, 51, 0.6913522482734374], [51, 52, 0.10436290489289535], [51, 60, 0.6317901345537136], [52, 53, 0.35963331691231926], [52, 61, 0.5906723503188284], [54, 55, 0.7603211310678573], [54, 63, 0.6250633184139366], [55, 56, 0.7918855766377194], [55, 64, 0.11130683693736587], [56, 65, 0.4935214271816859], [57, 58, 0.8104125913729299], [57, 66, 0.07565891456211704], [58, 59, 0.36082040253581527], [58, 67, 0.5823165400760851], [59, 60, 0.19495657485811024], [60, 61, 0.9260643687306447], [60, 69, 0.19260984509665602], [61, 62, 0.49198311969582587], [61, 70, 0.5648346713304154], [63, 72, 0.5705204405158888], [64, 65, 0.7848039509453456], [64, 73, 0.45725304255314225], [66, 75, 0.7344949181781135], [67, 68, 0.11414696308904293], [68, 77, 0.1521625051035561], [69, 70, 0.7021296530641248], [69, 78, 0.7209466462962161], [70, 71, 0.8838811315964544], [17, 26, 0.8574397839071461], [26, 35, 0.08709626667058612], [44, 53, 0.29041523755690324], [62, 71, 0.8718063587336792], [73, 74, 0.6304517930588365], [74, 75, 0.20767864012053328], [75, 76, 0.4824840545354363], [76, 77, 0.721612227907769], [77, 78, 0.8382545094277705], [78, 79, 0.4617701925085401], [79, 80, 0.07008882920976434]], "oriented": false, "discover": false, "dist": true, "mode": "map"}