{"pos": [[0, 0], [0, 1], [0, 2], [0, 3], [0, 4], [0, 5], [0, 6], [0, 7], [1, 0], [1, 1], [1, 2], [1, 3], [1, 4], [1, 5], [1, 6], [1, 7], [2, 0], [2, 1], [2, 2], [2, 3], [2, 4], [2, 5], [2, 6], [2, 7], [3, 0], [3, 1], [3, 2], [3, 3], [3, 4], [3, 5], [3, 6], [3, 7], [4, 0], [4, 1], [4, 2], [4, 3], [4, 4], [4, 5], [4, 6], [4, 7], [5, 0], [5, 1], [5, 2], [5, 3], [5, 4], [5, 5], [5, 6], [5, 7], [6, 0], [6, 1], [6, 2], [6, 3], [6, 4], [6, 5], [6, 6], [6, 7], [7, 0], [7, 1], [7, 2], [7, 3], [7, 4], [7, 5], [7, 6], [7, 7]], "edges": [[0, 1, 0.4592085057711499], [0, 8, 0.8123174036596121], [1, 2, 0.9002406753997649], [1, 9, 0.2580723161885864], [2, 10, 0.780075629472435], [3, 4, 0.7134776843922759], [3, 11, 0.8932983493283061], [4, 5, 0.8270121178066123], [4, 12, 0.09927518329292095], [5, 6, 0.01726694705872711], [6, 7, 0.4413654126848995], [6, 14, 0.864719897008215], [8, 16, 0.8357246526615733], [9, 10, 0.08232340700462992], [9, 17, 0.22227708395786938], [10, 11, 0.19553346762540613], [10, 18, 0.46943322836921364], [11, 19, 0.9574610994778701], [12, 13, 0.9626344323267357], [12, 20, 0.4992139268786573], [13, 14, 0.5967391067931062], [13, 21, 0.3877792354040329], [14, 15, 0.17696758470525686], [16, 17, 0.502659298309278], [17, 18, 0.0531473981647701], [17, 25, 0.9286226240425871], [18, 26, 0.1621923459660135], [19, 27, 0.9585335751463742], [20, 21, 0.223410267032501], [20, 28, 0.32167511785846514], [21, 22, 0.49629062515154876], [21, 29, 0.27967814627825016], [24, 25, 0.2540314848677041], [24, 32, 0.3007917481094923], [25, 26, 0.030191481403555764], [25, 33, 0.34903345912394457], [26, 27, 0.7661114441050243], [27, 35, 0.5715800922852371], [28, 36, 0.11927603884583515], [29, 30, 0.154493073410372], [29, 37, 0.19396496758206327], [30, 31, 0.7736070328623985], [33, 41, 0.6896684531858623], [34, 35, 0.5137540243257741], [34, 42, 0.48064316351375536], [35, 43, 0.32165796628793275], [36, 44, 0.9374499667415407], [37, 45, 0.5591059335297447], [38, 39, 0.3933113534087348], [40, 41, 0.9201029869908642], [40, 48, 0.44165256930495467], [41, 49, 0.04170052326398421], [43, 44, 0.38355588943212227], [43, 51, 0.9539112854363672], [44, 45, 0.5512997581225563], [45, 46, 0.0378874311220222], [45, 53, 0.6573756444549527], [46, 47, 0.551578545579195], [49, 50, 0.4109102130992288], [49, 57, 0.4135239012099613], [50, 51, 0.8448178976368222], [50, 58, 0.8908531270996662], [51, 52, 0.7369760287137229], [51, 59, 0.9587946956054698], [52, 53, 0.603581089897895], [52, 60, 0.000706172541779404], [53, 54, 0.9010660632348042], [53, 61, 0.2220780127296912], [54, 55, 0.4165334525339056], [54, 62, 0.41515112373927543], [15, 23, 0.1715773977818834], [23, 31, 0.7378703769734704], [31, 39, 0.10483097531191932], [39, 47, 0.17430366222208604], [47, 55, 0.02399131663410381], [55, 63, 0.3241428992071831], [56, 57, 0.7440816676777389], [57, 58, 0.19011788165934573], [58, 59, 0.32868158512730405], [59, 60, 0.6502374786983538], [60, 61, 0.7844977026595299]], "oriented": false, "discover": false, "dist": true, "mode": "map"}