{"pos": [[0, 0], [0, 1], [0, 2], [0, 3], [0, 4], [0, 5], [0, 6], [0, 7], [1, 0], [1, 1], [1, 2], [1, 3], [1, 4], [1, 5], [1, 6], [1, 7], [2, 0], [2, 1], [2, 2], [2, 3], [2, 4], [2, 5], [2, 6], [2, 7], [3, 0], [3, 1], [3, 2], [3, 3], [3, 4], [3, 5], [3, 6], [3, 7], [4, 0], [4, 1], [4, 2], [4, 3], [4, 4], [4, 5], [4, 6], [4, 7], [5, 0], [5, 1], [5, 2], [5, 3], [5, 4], [5, 5], [5, 6], [5, 7], [6, 0], [6, 1], [6, 2], [6, 3], [6, 4], [6, 5], [6, 6], [6, 7], [7, 0], [7, 1], [7, 2], [7, 3], [7, 4], [7, 5], [7, 6], [7, 7]], "edges": [[0, 1, 0.20637271759702835], [1, 2, 0.669729667232485], [1, 9, 0.9387637547801788], [2, 3, 0.4352196877011274], [3, 4, 0.09094045879841939], [3, 11, 0.9652424004348131], [4, 5, 0.2821603161865903], [4, 12, 0.0017771072508854235], [5, 6, 0.7001511827430856], [6, 7, 0.1950428105271942], [6, 14, 0.4596026133073441], [8, 9, 0.05258826225958868], [8, 16, 0.25711337414669433], [9, 10, 0.7663349707256265], [9, 17, 0.20138189434174647], [10, 18, 0.4171886328698814], [11, 19, 0.7577883996322534], [12, 13, 0.5810970080165945], [13, 14, 0.9863482059397123], [13, 21, 0.3142236139032497], [14, 15, 0.5595316395910733], [17, 18, 0.08970486947066969], [17, 25, 0.68483809789332], [18, 26, 0.7246794794436434], [19, 20, 0.9602196071375024], [19, 27, 0.892197093141294], [20, 28, 0.8599672843188001], [21, 22, 0.4762745632002018], [21, 29, 0.08422235419257862], [22, 23, 0.9213229990227166], [22, 30, 0.3224691629969323], [24, 25, 0.5232129688610931], [24, 32, 0.2273387023019635], [25, 26, 0.240300571221842], [25, 33, 0.6420523246364964], [26, 27, 0.8012453961013393], [28, 29, 0.5889308447007369], [28, 36, 0.5486659251432171], [30, 31, 0.7772821679556314], [30, 38, 0.2766762846864095], [32, 33, 0.44790653362732735], [32, 40, 0.8394317250859324], [33, 34, 0.8617222611342857], [33, 41, 0.5344206646499514], [34, 42, 0.5403010659227309], [35, 36, 0.42206886947490385], [36, 37, 0.9758616467249857], [36, 44, 0.9569979779104454], [37, 38, 0.3771985380333531], [38, 39, 0.5785917957133934], [38, 46, 0.5874470132456944], [40, 48, 0.20216533647615476], [41, 49, 0.6042551662319707], [42, 43, 0.35072672512778513], [42, 50, 0.7833150146013901], [43, 44, 0.5076532523575727], [44, 45, 0.1978089633636264], [44, 52, 0.44906663983730655], [45, 53, 0.9695501793182488], [46, 54, 0.5494099563716243], [48, 49, 0.9914277895492629], [48, 56, 0.03317641279856498], [49, 57, 0.8751959596845736], [50, 58, 0.9671271636439555], [51, 52, 0.4351130425755747], [51, 59, 0.4855028415214673], [52, 53, 0.010076971257315881], [53, 54, 0.30882734695419867], [53, 61, 0.038481020612485706], [54, 55, 0.23694068020241088], [54, 62, 0.7285357702418565], [7, 15, 0.8204623507934841], [15, 23, 0.7025309724228407], [31, 39, 0.8739486472837713], [39, 47, 0.06261223456312293], [55, 63, 0.0324021574350325], [57, 58, 0.628873864632473], [58, 59, 0.8371523381583305], [59, 60, 0.40280692455674116], [60, 61, 0.8921621768188813], [62, 63, 0.6541140984564492]], "oriented": false, "discover": false, "dist": true, "mode": "map"}