{"pos": [[0, 0], [0, 1], [0, 2], [0, 3], [0, 4], [0, 5], [0, 6], [0, 7], [1, 0], [1, 1], [1, 2], [1, 3], [1, 4], [1, 5], [1, 6], [1, 7], [2, 0], [2, 1], [2, 2], [2, 3], [2, 4], [2, 5], [2, 6], [2, 7], [3, 0], [3, 1], [3, 2], [3, 3], [3, 4], [3, 5], [3, 6], [3, 7], [4, 0], [4, 1], [4, 2], [4, 3], [4, 4], [4, 5], [4, 6], [4, 7], [5, 0], [5, 1], [5, 2], [5, 3], [5, 4], [5, 5], [5, 6], [5, 7], [6, 0], [6, 1], [6, 2], [6, 3], [6, 4], [6, 5], [6, 6], [6, 7], [7, 0], [7, 1], [7, 2], [7, 3], [7, 4], [7, 5], [7, 6], [7, 7]], "edges": [[0, 8, 0.5916615656562284], [1, 2, 0.2754084348274878], [1, 9, 0.5264906747656815], [2, 3, 0.7550688950865228], [3, 11, 0.5656964856206763], [4, 5, 0.5677059123295952], [4, 12, 0.8576704069525906], [5, 6, 0.2235433207916161], [5, 13, 0.3659458437252874], [6, 7, 0.6416886902593067], [6, 14, 0.14771037947318533], [8, 9, 0.761930181414725], [8, 16, 0.5564317649636363], [9, 10, 0.5812240527906696], [9, 17, 0.6966972496656473], [10, 18, 0.4985157358472526], [11, 19, 0.04833629555920149], [12, 20, 0.04630122731929254], [13, 14, 0.2680811356356716], [13, 21, 0.9421999767291707], [14, 15, 0.10500260725086197], [16, 24, 0.12835896247256007], [17, 18, 0.6794862597638441], [19, 20, 0.9511105008738046], [20, 28, 0.05128494332415168], [21, 22, 0.571410069881636], [21, 29, 0.612348001749069], [24, 25, 0.39471627040572677], [24, 32, 0.7169798037184038], [25, 26, 0.5385747772752657], [25, 33, 0.5259580304690198], [26, 27, 0.631786900449329], [26, 34, 0.2910446883672736], [27, 35, 0.23808409335632807], [28, 29, 0.4130316925534333], [28, 36, 0.7160045938956815], [29, 30, 0.026621695558013747], [29, 37, 0.9857360087186794], [30, 31, 0.4878669228075755], [30, 38, 0.787220484747437], [32, 33, 0.9538000339334952], [32, 40, 0.2483541031641069], [33, 34, 0.4073558304339875], [34, 42, 0.6490889947224986], [35, 43, 0.9452159353150545], [37, 45, 0.8037203262707859], [38, 39, 0.5054879248899331], [38, 46, 0.3240402056430547], [40, 48, 0.9396450000814671], [41, 42, 0.7096375122582889], [42, 43, 0.5797922847129715], [42, 50, 0.10936171819297813], [43, 44, 0.2592211148952922], [44, 45, 0.46667469488576274], [44, 52, 0.9129336472729106], [45, 46, 0.13746329698777826], [45, 53, 0.043689026319688185], [46, 54, 0.40414416510512663], [48, 49, 0.054512407513984895], [48, 56, 0.3537319809212456], [49, 50, 0.40822055112648803], [49, 57, 0.009099229054379765], [50, 58, 0.06485444589438272], [51, 52, 0.763650491184956], [51, 59, 0.27331325239065574], [52, 60, 0.6924863436121678], [54, 55, 0.32465653850368403], [54, 62, 0.012951326585055267], [7, 15, 0.8321467958882897], [15, 23, 0.5949992440240065], [23, 31, 0.28023391780171725], [31, 39, 0.6343780536883804], [39, 47, 0.0465137884006549], [47, 55, 0.8814103248570799], [55, 63, 0.7849638346814328], [56, 57, 0.31198350388337937], [59, 60, 0.5021362294706987], [60, 61, 0.9926465464783689], [61, 62, 0.043760610808680545]], "oriented": false, "discover": false, "dist": true, "mode": "map"}