{"pos": [[0, 0], [0, 1], [0, 2], [0, 3], [0, 4], [0, 5], [0, 6], [0, 7], [1, 0], [1, 1], [1, 2], [1, 3], [1, 4], [1, 5], [1, 6], [1, 7], [2, 0], [2, 1], [2, 2], [2, 3], [2, 4], [2, 5], [2, 6], [2, 7], [3, 0], [3, 1], [3, 2], [3, 3], [3, 4], [3, 5], [3, 6], [3, 7], [4, 0], [4, 1], [4, 2], [4, 3], [4, 4], [4, 5], [4, 6], [4, 7], [5, 0], [5, 1], [5, 2], [5, 3], [5, 4], [5, 5], [5, 6], [5, 7], [6, 0], [6, 1], [6, 2], [6, 3], [6, 4], [6, 5], [6, 6], [6, 7], [7, 0], [7, 1], [7, 2], [7, 3], [7, 4], [7, 5], [7, 6], [7, 7]], "edges": [[0, 1, 0.9119439013715293], [0, 8, 0.2139057821828384], [1, 2, 0.3731966567301487], [1, 9, 0.3074217131195295], [2, 3, 0.9098406331247307], [2, 10, 0.30587205646619064], [3, 4, 0.4946833132973686], [4, 5, 0.0013413364549212936], [5, 6, 0.9985257049739342], [5, 13, 0.7521536187132106], [6, 7, 0.41750369923885944], [6, 14, 0.7470588228414742], [8, 9, 0.6930348896195865], [9, 10, 0.2402809097420171], [9, 17, 0.618783050910616], [10, 11, 0.12111954229926758], [10, 18, 0.6109905940143282], [11, 12, 0.21680509271945814], [11, 19, 0.4496347149639959], [12, 13, 0.07595803601025197], [12, 20, 0.0399373510506259], [13, 21, 0.1283379805338576], [14, 15, 0.25167604415721345], [14, 22, 0.874947080446955], [16, 17, 0.03255830221248557], [17, 25, 0.6551184600260157], [18, 19, 0.0825939732172577], [20, 21, 0.2786639533049269], [20, 28, 0.9007751566395115], [21, 22, 0.3700697460742378], [21, 29, 0.40317725420410455], [22, 23, 0.5071071728899758], [22, 30, 0.22414009667783197], [24, 25, 0.37011988936543194], [25, 26, 0.568253368169016], [25, 33, 0.8595918957872719], [26, 27, 0.34550860034112807], [26, 34, 0.6645916332912922], [27, 28, 0.5336818245676384], [27, 35, 0.8449863519944273], [28, 29, 0.10533330082553471], [29, 37, 0.8707433642031296], [30, 31, 0.2602925268835299], [30, 38, 0.7689203918324194], [32, 33, 0.08902068735642898], [32, 40, 0.6085214114245144], [33, 34, 0.5003104073315304], [33, 41, 0.9900539282159104], [34, 35, 0.9102676001033201], [35, 36, 0.7184063383437514], [35, 43, 0.37609258571386983], [36, 44, 0.9648446703654253], [37, 45, 0.056348967928377736], [38, 39, 0.23148772594315192], [38, 46, 0.12036093095067535], [40, 41, 0.6619019681776621], [41, 42, 0.8249848685268263], [41, 49, 0.25214830026235036], [42, 43, 0.2436876122176448], [42, 50, 0.24267509329017567], [43, 51, 0.05128178117778481], [44, 45, 0.31548630377045883], [44, 52, 0.8507168159604913], [45, 46, 0.6917720635445008], [46, 47, 0.7776579857505957], [46, 54, 0.0786302541227537], [48, 49, 0.24461973674251847], [48, 56, 0.828356638511257], [49, 57, 0.09124680189790302], [50, 51, 0.44400962607951144], [51, 59, 0.2558163302551598], [52, 53, 0.48087155922431357], [52, 60, 0.6266627899381781], [53, 54, 0.27031819456355466], [53, 61, 0.06422602139842504], [54, 62, 0.4040168441771712], [7, 15, 0.39690425906454674], [47, 55, 0.48899970762646183], [57, 58, 0.8914256747614877], [61, 62, 0.28533548314049273], [62, 63, 0.6467597014200025]], "oriented": false, "discover": false, "dist": true, "mode": "map"}