{"pos": [[0, 0], [0, 1], [0, 2], [0, 3], [0, 4], [0, 5], [0, 6], [0, 7], [0, 8], [1, 0], [1, 1], [1, 2], [1, 3], [1, 4], [1, 5], [1, 6], [1, 7], [1, 8], [2, 0], [2, 1], [2, 2], [2, 3], [2, 4], [2, 5], [2, 6], [2, 7], [2, 8], [3, 0], [3, 1], [3, 2], [3, 3], [3, 4], [3, 5], [3, 6], [3, 7], [3, 8], [4, 0], [4, 1], [4, 2], [4, 3], [4, 4], [4, 5], [4, 6], [4, 7], [4, 8], [5, 0], [5, 1], [5, 2], [5, 3], [5, 4], [5, 5], [5, 6], [5, 7], [5, 8], [6, 0], [6, 1], [6, 2], [6, 3], [6, 4], [6, 5], [6, 6], [6, 7], [6, 8], [7, 0], [7, 1], [7, 2], [7, 3], [7, 4], [7, 5], [7, 6], [7, 7], [7, 8], [8, 0], [8, 1], [8, 2], [8, 3], [8, 4], [8, 5], [8, 6], [8, 7], [8, 8]], "edges": [[0, 9, 0.7258864736718139], [1, 2, 0.4587115731402739], [1, 10, 0.3985873101037185], [2, 3, 0.5172324791370798], [2, 11, 0.1516031751815502], [3, 4, 0.8786220485155529], [3, 12, 0.9125064515939519], [4, 5, 0.6868504679416644], [4, 13, 0.8431499055312107], [5, 6, 0.4552663462167197], [5, 14, 0.673387145089575], [6, 7, 0.11090940892126788], [6, 15, 0.7417814830870504], [7, 8, 0.6558385705915001], [7, 16, 0.4644871049379078], [9, 10, 0.6967484598232677], [9, 18, 0.5181893638674542], [10, 11, 0.6039667452926535], [10, 19, 0.3970139640571835], [11, 12, 0.7261236347143719], [12, 13, 0.6577030227716406], [12, 21, 0.2962962464930169], [13, 14, 0.08535759049470615], [14, 15, 0.2622078468082397], [14, 23, 0.7387343049851322], [15, 16, 0.698843946723621], [15, 24, 0.07783817207159849], [16, 17, 0.7763762034500158], [16, 25, 0.16407201547775874], [18, 27, 0.5316725709885367], [19, 20, 0.7034397489772036], [19, 28, 0.7758645396648234], [21, 22, 0.9608084791533977], [22, 31, 0.3711661086039899], [23, 24, 0.8496165115571775], [23, 32, 0.2357810000458449], [24, 25, 0.7143575804667979], [25, 26, 0.27764082115459265], [27, 36, 0.3440204910664906], [28, 29, 0.6585004816112869], [28, 37, 0.878110717515921], [29, 30, 0.4097408726255263], [29, 38, 0.8604528859530826], [30, 31, 0.22711232288380945], [30, 39, 0.5007381717745831], [31, 40, 0.616333734592401], [32, 33, 0.39884525777639757], [32, 41, 0.5164942440658932], [33, 34, 0.03648308303412129], [33, 42, 0.033609076469028665], [34, 35, 0.11170772825584419], [36, 37, 0.9512323719038168], [36, 45, 0.4692791866024951], [37, 46, 0.9511557863569956], [38, 47, 0.07492703260455313], [39, 48, 0.8506596544690382], [40, 49, 0.1778316060798799], [41, 42, 0.9696164641897157], [41, 50, 0.46056073211692317], [42, 43, 0.4755290954540319], [42, 51, 0.9357047780131919], [43, 52, 0.3142956074557365], [45, 46, 0.569653719728452], [45, 54, 0.5733514943369442], [46, 47, 0.9975700249573246], [46, 55, 0.14379400012029742], [47, 56, 0.28710321170621256], [48, 49, 0.5978381816445358], [48, 57, 0.05003077185172389], [49, 58, 0.9582730452121248], [50, 51, 0.6563512699891617], [50, 59, 0.9451129483297623], [51, 60, 0.9151243076402215], [54, 55, 0.7105908932830262], [54, 63, 0.5971498512849283], [55, 56, 0.05920955948756257], [55, 64, 0.6221144216293888], [56, 65, 0.25787919173853324], [57, 58, 0.15999281685352995], [57, 66, 0.5660261511016355], [58, 59, 0.3218906065845112], [58, 67, 0.6589035248872471], [60, 61, 0.8578969595457913], [60, 69, 0.23636043631646686], [61, 62, 0.31857406047346526], [61, 70, 0.9798429605706495], [63, 72, 0.601641797455492], [65, 74, 0.5452531646495445], [67, 68, 0.5033990455196653], [67, 76, 0.5532855990621458], [69, 70, 0.3664696262362741], [69, 78, 0.34085361276219917], [70, 71, 0.4675869593229002], [35, 44, 0.8118175428092572], [44, 53, 0.3801145641132162], [62, 71, 0.40472092251778435], [72, 73, 0.9909295222405924], [73, 74, 0.09584655481855153], [74, 75, 0.8330036355096533], [76, 77, 0.6837690940053445], [77, 78, 0.518812187164471], [78, 79, 0.04622901221726239], [79, 80, 0.9568731740579091]], "oriented": false, "discover": false, "dist": true, "mode": "map"}