{"pos": [[0, 0], [0, 1], [0, 2], [0, 3], [0, 4], [0, 5], [0, 6], [0, 7], [1, 0], [1, 1], [1, 2], [1, 3], [1, 4], [1, 5], [1, 6], [1, 7], [2, 0], [2, 1], [2, 2], [2, 3], [2, 4], [2, 5], [2, 6], [2, 7], [3, 0], [3, 1], [3, 2], [3, 3], [3, 4], [3, 5], [3, 6], [3, 7], [4, 0], [4, 1], [4, 2], [4, 3], [4, 4], [4, 5], [4, 6], [4, 7], [5, 0], [5, 1], [5, 2], [5, 3], [5, 4], [5, 5], [5, 6], [5, 7], [6, 0], [6, 1], [6, 2], [6, 3], [6, 4], [6, 5], [6, 6], [6, 7], [7, 0], [7, 1], [7, 2], [7, 3], [7, 4], [7, 5], [7, 6], [7, 7]], "edges": [[0, 8, 0.6641498678701225], [1, 2, 0.4170722645148329], [1, 9, 0.6297284394247102], [2, 3, 0.8978286121374197], [2, 10, 0.893265946398499], [3, 4, 0.08784886358387467], [4, 5, 0.24985468213335738], [4, 12, 0.1463961332809478], [5, 6, 0.6107049696058497], [5, 13, 0.9023468234489619], [6, 7, 0.13106704558456295], [6, 14, 0.8361751499640888], [8, 9, 0.07588165248953749], [8, 16, 0.3931265463716247], [9, 10, 0.7908977848671467], [9, 17, 0.6369989854145657], [10, 11, 0.8067719035941693], [11, 12, 0.31989179681519886], [11, 19, 0.19854636613214316], [13, 14, 0.32438512772568073], [13, 21, 0.9245642986300013], [14, 22, 0.8386461716056968], [16, 17, 0.28445277155577986], [16, 24, 0.17210756993127507], [17, 18, 0.3052477134206031], [17, 25, 0.19176840556609298], [18, 19, 0.6865707304554453], [18, 26, 0.9150440821178769], [19, 20, 0.7142429652392613], [19, 27, 0.39254465345995315], [20, 21, 0.08188580549207025], [22, 30, 0.28903940747465073], [24, 25, 0.09704954193450299], [24, 32, 0.03638788331497533], [25, 33, 0.2581055924264577], [27, 28, 0.4927828488865561], [27, 35, 0.00221366391028055], [28, 29, 0.6171216681400115], [28, 36, 0.13151991428271304], [29, 30, 0.02065294924917349], [29, 37, 0.5161325939208228], [30, 31, 0.08847476907737162], [30, 38, 0.1340311835185619], [33, 34, 0.5763047167497177], [33, 41, 0.8993521092543911], [34, 42, 0.6661721160897969], [35, 36, 0.16826377342236876], [35, 43, 0.7714355112521447], [36, 37, 0.4987396759482067], [37, 38, 0.8680041233489191], [38, 39, 0.5558948764223953], [40, 41, 0.5849862667100677], [41, 49, 0.7716474373908802], [42, 43, 0.1683002958691886], [42, 50, 0.04137944755797174], [43, 51, 0.9882759851521672], [44, 52, 0.4075007199905316], [45, 53, 0.19890846817680063], [46, 47, 0.8977030368866901], [46, 54, 0.03877548827135824], [48, 49, 0.34929185141947106], [49, 50, 0.31041293884347365], [49, 57, 0.7029517804694473], [50, 58, 0.8544288517570038], [51, 59, 0.5675337223073538], [52, 53, 0.3506848905574088], [52, 60, 0.483520342339268], [53, 54, 0.9655994355512985], [54, 55, 0.5720301847316179], [7, 15, 0.5599889060016675], [15, 23, 0.562060303704588], [23, 31, 0.4504179065807109], [31, 39, 0.6704666978439816], [55, 63, 0.7299056906860736], [56, 57, 0.18758081017504624], [58, 59, 0.600575973021867], [59, 60, 0.22055043881862435], [60, 61, 0.1888650607294423], [61, 62, 0.24476410431521434], [62, 63, 0.8807881020183227]], "oriented": false, "discover": false, "dist": true, "mode": "map"}