{"pos": [[0, 0], [0, 1], [0, 2], [0, 3], [0, 4], [0, 5], [0, 6], [0, 7], [0, 8], [1, 0], [1, 1], [1, 2], [1, 3], [1, 4], [1, 5], [1, 6], [1, 7], [1, 8], [2, 0], [2, 1], [2, 2], [2, 3], [2, 4], [2, 5], [2, 6], [2, 7], [2, 8], [3, 0], [3, 1], [3, 2], [3, 3], [3, 4], [3, 5], [3, 6], [3, 7], [3, 8], [4, 0], [4, 1], [4, 2], [4, 3], [4, 4], [4, 5], [4, 6], [4, 7], [4, 8], [5, 0], [5, 1], [5, 2], [5, 3], [5, 4], [5, 5], [5, 6], [5, 7], [5, 8], [6, 0], [6, 1], [6, 2], [6, 3], [6, 4], [6, 5], [6, 6], [6, 7], [6, 8], [7, 0], [7, 1], [7, 2], [7, 3], [7, 4], [7, 5], [7, 6], [7, 7], [7, 8], [8, 0], [8, 1], [8, 2], [8, 3], [8, 4], [8, 5], [8, 6], [8, 7], [8, 8]], "edges": [[0, 1, 0.23947366150353322], [0, 9, 0.34772002405983615], [1, 2, 0.30909567539341953], [1, 10, 0.9034730448867726], [2, 3, 0.8696112624162776], [3, 4, 0.8899671258200865], [4, 5, 0.5088033155246727], [5, 6, 0.9559199705148975], [5, 14, 0.2404709993122427], [6, 7, 0.9958932159086905], [6, 15, 0.4041741560643044], [7, 8, 0.21624825044193574], [7, 16, 0.5845630701087337], [10, 11, 0.6146567000260005], [10, 19, 0.9696088070879578], [11, 12, 0.029913536736104085], [11, 20, 0.7699385924750383], [12, 13, 0.05292822341140946], [13, 22, 0.17507117685556073], [15, 24, 0.8779599756886985], [16, 17, 0.10455583195691509], [16, 25, 0.7079081492527142], [18, 19, 0.37083118336900556], [18, 27, 0.5492118920167622], [19, 28, 0.3347604980544886], [20, 21, 0.11210768725638354], [20, 29, 0.41611700192865686], [21, 22, 0.3689766569840538], [21, 30, 0.9684922327893526], [22, 23, 0.3119864961226191], [22, 31, 0.050825228215447105], [23, 32, 0.5415426929936626], [24, 25, 0.7485531960040641], [24, 33, 0.7508212827344115], [25, 26, 0.45785390050063735], [25, 34, 0.1382784421534613], [27, 28, 0.9114166739832237], [28, 37, 0.7503224259547164], [29, 30, 0.6945173106411828], [29, 38, 0.8143342072807785], [30, 39, 0.35078505383580183], [31, 32, 0.09905206383825516], [31, 40, 0.52500425673509], [32, 33, 0.40310530751012386], [32, 41, 0.30946972542594176], [33, 42, 0.8623650054809017], [34, 35, 0.9472793465238678], [34, 43, 0.3529748566630784], [36, 37, 0.9373690963023361], [37, 38, 0.7841606377805187], [37, 46, 0.13775896736027649], [38, 39, 0.1237793976099536], [38, 47, 0.05210980012164268], [39, 48, 0.2253808060632202], [40, 41, 0.6764955771651084], [40, 49, 0.8296023143014196], [41, 42, 0.11853016797443583], [41, 50, 0.24065586994125066], [42, 43, 0.027436536483345986], [42, 51, 0.40408889275337356], [43, 52, 0.8316241877132454], [45, 46, 0.7557379573797502], [45, 54, 0.5872359177774665], [46, 47, 0.3264556377682897], [47, 56, 0.3065447472843287], [48, 49, 0.48850219085706414], [49, 50, 0.5415856059644732], [49, 58, 0.18051087442248437], [51, 60, 0.971506033895224], [52, 53, 0.271070904369199], [54, 55, 0.385863191854808], [55, 56, 0.09452783503798934], [55, 64, 0.7351688183336869], [56, 57, 0.7458915399107173], [56, 65, 0.42480335729828633], [57, 66, 0.2621625541850028], [58, 59, 0.5760103206929541], [58, 67, 0.3395699091835698], [59, 60, 0.14311390848973304], [59, 68, 0.0013128060715548173], [60, 61, 0.28847398117837697], [60, 69, 0.32511819783224116], [63, 64, 0.9829449000532426], [63, 72, 0.11904995911828975], [64, 73, 0.14597501122132672], [65, 66, 0.06430680098183794], [65, 74, 0.5026887444624916], [66, 67, 0.928966987917089], [66, 75, 0.06653245927492246], [67, 68, 0.9709882530549082], [67, 76, 0.5429328772274457], [69, 78, 0.6899733923094256], [70, 71, 0.9124284402616701], [70, 79, 0.11384843268894862], [26, 35, 0.05061149641911733], [35, 44, 0.701788831853805], [53, 62, 0.8885014012921765], [62, 71, 0.5006117983833462], [71, 80, 0.5582777315046166], [73, 74, 0.9660739568761056], [75, 76, 0.9635354490896314], [76, 77, 0.8144383610445025], [77, 78, 0.9698505133034495], [78, 79, 0.03564066189008652]], "oriented": false, "discover": false, "dist": true, "mode": "map"}