{"pos": [[0, 0], [0, 1], [0, 2], [0, 3], [0, 4], [0, 5], [0, 6], [0, 7], [1, 0], [1, 1], [1, 2], [1, 3], [1, 4], [1, 5], [1, 6], [1, 7], [2, 0], [2, 1], [2, 2], [2, 3], [2, 4], [2, 5], [2, 6], [2, 7], [3, 0], [3, 1], [3, 2], [3, 3], [3, 4], [3, 5], [3, 6], [3, 7], [4, 0], [4, 1], [4, 2], [4, 3], [4, 4], [4, 5], [4, 6], [4, 7], [5, 0], [5, 1], [5, 2], [5, 3], [5, 4], [5, 5], [5, 6], [5, 7], [6, 0], [6, 1], [6, 2], [6, 3], [6, 4], [6, 5], [6, 6], [6, 7], [7, 0], [7, 1], [7, 2], [7, 3], [7, 4], [7, 5], [7, 6], [7, 7]], "edges": [[0, 1, 0.3121243787211565], [0, 8, 0.1100836268960349], [1, 2, 0.8668898893908187], [2, 3, 0.5604249095094135], [2, 10, 0.7805297614023566], [3, 4, 0.28189171581248584], [3, 11, 0.026081463303319063], [4, 5, 0.27552323464963324], [5, 6, 0.05335128699065783], [5, 13, 0.9855436429548357], [6, 7, 0.5246318979992765], [6, 14, 0.7288853302830601], [8, 16, 0.6273419950369411], [9, 10, 0.028955168201573844], [10, 18, 0.820301907822049], [11, 12, 0.5169737670410139], [11, 19, 0.47668887782864366], [12, 13, 0.7049330868523913], [13, 21, 0.15409625951846395], [14, 22, 0.31477119412059895], [16, 17, 0.535904246982037], [16, 24, 0.577956688363676], [17, 18, 0.48960711711286686], [18, 26, 0.532869165606042], [19, 27, 0.6477991935349097], [20, 21, 0.012775670713780163], [21, 22, 0.35747398540378184], [22, 23, 0.7895593415838358], [22, 30, 0.8277257417961099], [24, 25, 0.9138869562566575], [25, 33, 0.4407960960506847], [26, 27, 0.2825424535677996], [27, 28, 0.030518440959660165], [27, 35, 0.6096661641347141], [28, 29, 0.2989364930302094], [29, 30, 0.5427188132869425], [30, 31, 0.022761636301161237], [30, 38, 0.8302292062472519], [32, 33, 0.4865386280097397], [33, 34, 0.9515313903020665], [33, 41, 0.5262471143418929], [35, 36, 0.8478325667768308], [35, 43, 0.49529755649922713], [36, 37, 0.26680381411516707], [36, 44, 0.31435729183902317], [37, 38, 0.5736683732933143], [37, 45, 0.3377116300119496], [40, 41, 0.9269498643560284], [40, 48, 0.022658354935721214], [41, 42, 0.40081305543718715], [41, 49, 0.14797550687257066], [42, 43, 0.8015511924313788], [42, 50, 0.2599027973383179], [43, 44, 0.3390868503746298], [43, 51, 0.5237777132596034], [44, 45, 0.9519240956292383], [44, 52, 0.47084875712982455], [45, 46, 0.18814812350140064], [45, 53, 0.7218985932722265], [48, 49, 0.9591485644934908], [48, 56, 0.8159900467809745], [50, 51, 0.7674999286274389], [50, 58, 0.08744958045565232], [51, 52, 0.6179660416394109], [51, 59, 0.7964547596011361], [52, 53, 0.484525433458747], [52, 60, 0.719217038102636], [53, 54, 0.49553901724861893], [53, 61, 0.1707502771924443], [7, 15, 0.32149631198350614], [15, 23, 0.9547047954061786], [31, 39, 0.7963178207290812], [39, 47, 0.8412026594029215], [47, 55, 0.4911305736694481], [55, 63, 0.16447992742863204], [56, 57, 0.27025786697873677], [58, 59, 0.27723022798044494], [59, 60, 0.4355577951316324], [60, 61, 0.5617726899310233], [61, 62, 0.2425772567057426], [62, 63, 0.9093517349426131]], "oriented": false, "discover": false, "dist": true, "mode": "map"}