{"pos": [[0, 0], [0, 1], [0, 2], [0, 3], [0, 4], [0, 5], [0, 6], [0, 7], [1, 0], [1, 1], [1, 2], [1, 3], [1, 4], [1, 5], [1, 6], [1, 7], [2, 0], [2, 1], [2, 2], [2, 3], [2, 4], [2, 5], [2, 6], [2, 7], [3, 0], [3, 1], [3, 2], [3, 3], [3, 4], [3, 5], [3, 6], [3, 7], [4, 0], [4, 1], [4, 2], [4, 3], [4, 4], [4, 5], [4, 6], [4, 7], [5, 0], [5, 1], [5, 2], [5, 3], [5, 4], [5, 5], [5, 6], [5, 7], [6, 0], [6, 1], [6, 2], [6, 3], [6, 4], [6, 5], [6, 6], [6, 7], [7, 0], [7, 1], [7, 2], [7, 3], [7, 4], [7, 5], [7, 6], [7, 7]], "edges": [[0, 1, 0.8184587144474932], [0, 8, 0.04455740331769087], [1, 2, 0.7923754776999224], [1, 9, 0.100339347988884], [2, 3, 0.8317564236478511], [2, 10, 0.5562624604062886], [3, 4, 0.39556446889806984], [3, 11, 0.4126526641576519], [4, 5, 0.2251979412843521], [4, 12, 0.21518258219091602], [5, 6, 0.7981150306651922], [5, 13, 0.9168471695158716], [6, 7, 0.9489198457107824], [6, 14, 0.08681981995448107], [8, 9, 0.49458017162309575], [8, 16, 0.7668434102701083], [9, 10, 0.19572869609319699], [9, 17, 0.33604218578355227], [10, 18, 0.9513242538427215], [11, 12, 0.8500361608179647], [11, 19, 0.6260203079822636], [12, 20, 0.5575478924846893], [13, 14, 0.9717861773395701], [14, 22, 0.46455005795134885], [16, 24, 0.6414647503411947], [18, 19, 0.2029173905699747], [18, 26, 0.5211786842185196], [19, 20, 0.08345926588121033], [19, 27, 0.17120285903996146], [20, 21, 0.044042866235666556], [20, 28, 0.7174004334872609], [21, 22, 0.472616473096352], [22, 23, 0.1797829512555188], [22, 30, 0.19023151394399718], [24, 32, 0.30389039560287046], [25, 26, 0.1568121607779267], [26, 34, 0.967655574802959], [27, 28, 0.24601637038132884], [28, 29, 0.7517833657447166], [28, 36, 0.17991489547920536], [29, 30, 0.603510927067104], [29, 37, 0.7062096038088252], [30, 31, 0.9756306532331004], [30, 38, 0.5656380953018619], [32, 40, 0.9204482850516074], [33, 34, 0.5241904805563882], [33, 41, 0.7705911467015366], [35, 36, 0.12276245002588593], [36, 44, 0.2457839658833597], [37, 38, 0.7852096478501759], [37, 45, 0.7352508110669681], [38, 46, 0.5353934490616661], [40, 48, 0.29472502586850857], [41, 42, 0.6270241654389435], [41, 49, 0.96198663205429], [42, 50, 0.0399272556174729], [43, 44, 0.14128176401333925], [44, 52, 0.7145451881097858], [45, 46, 0.6657831985352434], [46, 47, 0.23990532207171034], [46, 54, 0.07479834261013352], [48, 49, 0.42879908489633056], [48, 56, 0.6739078620845674], [49, 50, 0.2723487404256053], [49, 57, 0.8013728901438362], [50, 51, 0.06630199935369718], [50, 58, 0.5282753629625784], [51, 52, 0.9676095474052241], [52, 53, 0.6497858497369816], [53, 54, 0.6035542562460399], [53, 61, 0.9116221501698639], [54, 55, 0.9409748773328354], [54, 62, 0.20826882197779106], [7, 15, 0.03875508318066623], [23, 31, 0.8376023419339075], [31, 39, 0.5771322439478865], [39, 47, 0.4817813783814745], [55, 63, 0.04695895260499883], [57, 58, 0.591706437544403], [58, 59, 0.6351963835350536], [59, 60, 0.6451770911085524]], "oriented": false, "discover": false, "dist": true, "mode": "map"}