{"pos": [[0, 0], [0, 1], [0, 2], [0, 3], [0, 4], [0, 5], [0, 6], [0, 7], [1, 0], [1, 1], [1, 2], [1, 3], [1, 4], [1, 5], [1, 6], [1, 7], [2, 0], [2, 1], [2, 2], [2, 3], [2, 4], [2, 5], [2, 6], [2, 7], [3, 0], [3, 1], [3, 2], [3, 3], [3, 4], [3, 5], [3, 6], [3, 7], [4, 0], [4, 1], [4, 2], [4, 3], [4, 4], [4, 5], [4, 6], [4, 7], [5, 0], [5, 1], [5, 2], [5, 3], [5, 4], [5, 5], [5, 6], [5, 7], [6, 0], [6, 1], [6, 2], [6, 3], [6, 4], [6, 5], [6, 6], [6, 7], [7, 0], [7, 1], [7, 2], [7, 3], [7, 4], [7, 5], [7, 6], [7, 7]], "edges": [[0, 1, 0.9795407638079346], [1, 2, 0.9974840345063707], [1, 9, 0.5023635232888803], [2, 3, 0.7293223232778517], [2, 10, 0.8291833754264787], [3, 4, 0.19573965744524435], [3, 11, 0.5286387163448051], [4, 5, 0.9840939030463827], [4, 12, 0.7309057930603868], [5, 6, 0.4350902111728201], [5, 13, 0.1894311869177281], [6, 7, 0.1524502081717326], [6, 14, 0.19933732564260442], [8, 9, 0.6604721740538518], [8, 16, 0.06406067286272843], [9, 10, 0.6959015440744418], [9, 17, 0.13767934906044188], [10, 11, 0.2981822916307115], [10, 18, 0.8788094897185643], [11, 12, 0.42768265479138745], [11, 19, 0.8660185247474704], [12, 20, 0.6281191818277033], [13, 21, 0.3881526847416048], [14, 15, 0.6924469740680499], [14, 22, 0.7134548366441577], [16, 24, 0.465531887295182], [18, 19, 0.3410157150846065], [19, 20, 0.8040894832905103], [19, 27, 0.40612538597564785], [20, 28, 0.46837422590695577], [21, 29, 0.4290898515064999], [22, 30, 0.5104341742452594], [24, 25, 0.6649104148421695], [24, 32, 0.28361573021793707], [26, 27, 0.2362788946718316], [26, 34, 0.37067974068744436], [27, 28, 0.6912891868817908], [27, 35, 0.45778472744978593], [28, 29, 0.7461690381977066], [28, 36, 0.6423603875121603], [30, 31, 0.2155523158325503], [30, 38, 0.14068347310081752], [32, 40, 0.6643040368200183], [33, 34, 0.9877003488178812], [34, 35, 0.5705742214352988], [34, 42, 0.4769660356969635], [35, 36, 0.997881149920932], [35, 43, 0.30873211964410496], [36, 44, 0.9283739389975509], [37, 38, 0.5305978147702439], [38, 46, 0.9493792337820073], [40, 48, 0.7480606495998519], [41, 42, 0.25080806055339344], [41, 49, 0.24928794632791795], [42, 50, 0.3735767055564708], [43, 44, 0.5961092867024905], [43, 51, 0.39944928199771035], [44, 45, 0.49981756804384725], [44, 52, 0.9829218024401744], [46, 47, 0.8778498014789677], [48, 56, 0.1328240471715556], [49, 57, 0.044723975776816416], [50, 51, 0.3325504273673908], [50, 58, 0.9690368476097382], [51, 52, 0.30365501182584254], [51, 59, 0.18254972686037885], [52, 53, 0.7003208356163804], [53, 54, 0.7137248867033963], [53, 61, 0.2446023469382137], [54, 55, 0.5182474585804643], [54, 62, 0.28224407441222676], [7, 15, 0.6226725235930449], [15, 23, 0.16530446566463786], [23, 31, 0.9622186498664835], [31, 39, 0.371532186996415], [55, 63, 0.36761554209821334], [57, 58, 0.5044196680033394], [59, 60, 0.8334698601819404], [60, 61, 0.6681132197982077], [61, 62, 0.21703839089009092], [62, 63, 0.256182440785652]], "oriented": false, "discover": false, "dist": true, "mode": "map"}