{"pos": [[0, 0], [0, 1], [0, 2], [0, 3], [0, 4], [0, 5], [0, 6], [0, 7], [1, 0], [1, 1], [1, 2], [1, 3], [1, 4], [1, 5], [1, 6], [1, 7], [2, 0], [2, 1], [2, 2], [2, 3], [2, 4], [2, 5], [2, 6], [2, 7], [3, 0], [3, 1], [3, 2], [3, 3], [3, 4], [3, 5], [3, 6], [3, 7], [4, 0], [4, 1], [4, 2], [4, 3], [4, 4], [4, 5], [4, 6], [4, 7], [5, 0], [5, 1], [5, 2], [5, 3], [5, 4], [5, 5], [5, 6], [5, 7], [6, 0], [6, 1], [6, 2], [6, 3], [6, 4], [6, 5], [6, 6], [6, 7], [7, 0], [7, 1], [7, 2], [7, 3], [7, 4], [7, 5], [7, 6], [7, 7]], "edges": [[0, 8, 0.4618247140909333], [1, 2, 0.15322821273404363], [1, 9, 0.3046517977965002], [2, 3, 0.9336688694034329], [2, 10, 0.7775582142978708], [3, 4, 0.054095317749785155], [3, 11, 0.4134714615494982], [4, 12, 0.562045561361963], [5, 6, 0.5053464559427464], [5, 13, 0.18808354800552396], [8, 9, 0.06773237399670973], [8, 16, 0.6298191627455803], [9, 17, 0.2830487136425588], [10, 18, 0.31279425605155753], [11, 12, 0.904338245281021], [11, 19, 0.46607460076984375], [12, 13, 0.3958230503484895], [13, 14, 0.5916898867818952], [14, 22, 0.4060964478424287], [16, 24, 0.038179677700255765], [17, 18, 0.6593354479886131], [17, 25, 0.9126046137630601], [18, 19, 0.3084436206056095], [18, 26, 0.7839216927682434], [19, 20, 0.5162361427493743], [19, 27, 0.544634221320129], [20, 21, 0.5423607290818925], [21, 22, 0.92858971304421], [21, 29, 0.654305052719971], [24, 25, 0.8170877915460155], [24, 32, 0.24175922662186267], [25, 33, 0.7949241416289567], [26, 27, 0.473066524846362], [26, 34, 0.4112381722766211], [27, 28, 0.686543505520308], [27, 35, 0.04935368406209528], [28, 36, 0.16026374980530744], [29, 30, 0.6828337575925927], [29, 37, 0.041702363018860766], [30, 31, 0.9907798686947868], [32, 33, 0.6048523347248255], [32, 40, 0.9704906799187409], [34, 35, 0.7127674543005842], [35, 43, 0.43635400357953036], [37, 38, 0.4772481492273658], [37, 45, 0.6446731135542181], [38, 39, 0.5034136035722765], [38, 46, 0.7403863260667297], [40, 41, 0.3565576417757519], [40, 48, 0.06987276095487127], [41, 49, 0.24278640715561473], [42, 43, 0.6749713324201385], [42, 50, 0.11513528279166685], [43, 51, 0.49127066622038407], [44, 45, 0.6698791057850112], [44, 52, 0.3478963922781023], [45, 46, 0.6461879366160125], [45, 53, 0.487538149079798], [46, 47, 0.8058846154120166], [46, 54, 0.4533165437448722], [48, 56, 0.8690911601308332], [49, 50, 0.0400566759105091], [49, 57, 0.5162576641806846], [50, 58, 0.102107069666314], [51, 59, 0.11026203005313473], [52, 60, 0.23850826555029836], [53, 54, 0.6641617440127706], [53, 61, 0.20952876264228915], [54, 55, 0.2754821589102344], [54, 62, 0.7506712517198816], [7, 15, 0.692378453967333], [15, 23, 0.7882626022719683], [23, 31, 0.6528509754636002], [39, 47, 0.7388070988072156], [55, 63, 0.5003371581217738], [56, 57, 0.9567297485336582], [57, 58, 0.6667770692388932], [58, 59, 0.7590960104607841], [61, 62, 0.16780820240547167], [62, 63, 0.7741985392309693]], "oriented": false, "discover": false, "dist": true, "mode": "map"}