{"pos": [[0, 0], [0, 1], [0, 2], [0, 3], [0, 4], [0, 5], [0, 6], [0, 7], [1, 0], [1, 1], [1, 2], [1, 3], [1, 4], [1, 5], [1, 6], [1, 7], [2, 0], [2, 1], [2, 2], [2, 3], [2, 4], [2, 5], [2, 6], [2, 7], [3, 0], [3, 1], [3, 2], [3, 3], [3, 4], [3, 5], [3, 6], [3, 7], [4, 0], [4, 1], [4, 2], [4, 3], [4, 4], [4, 5], [4, 6], [4, 7], [5, 0], [5, 1], [5, 2], [5, 3], [5, 4], [5, 5], [5, 6], [5, 7], [6, 0], [6, 1], [6, 2], [6, 3], [6, 4], [6, 5], [6, 6], [6, 7], [7, 0], [7, 1], [7, 2], [7, 3], [7, 4], [7, 5], [7, 6], [7, 7]], "edges": [[0, 1, 0.4584143566935325], [0, 8, 0.03177355279477623], [1, 2, 0.6948059282443688], [1, 9, 0.9114185775565458], [2, 3, 0.8739709220895616], [3, 4, 0.5855893965291087], [3, 11, 0.4730600981892388], [4, 5, 0.5898985058720716], [5, 6, 0.9719712212937623], [5, 13, 0.358470655903702], [6, 7, 0.3106153257704005], [6, 14, 0.37540011898487924], [8, 16, 0.4188519780845562], [9, 10, 0.5685599694227744], [9, 17, 0.06321687549888755], [10, 11, 0.3800657891270671], [11, 12, 0.8218101543933473], [12, 20, 0.4819178701022655], [13, 21, 0.5803379790063133], [14, 15, 0.8584681234048575], [16, 17, 0.035822416646540844], [17, 18, 0.7350648034014752], [17, 25, 0.2201176919862391], [18, 19, 0.16968557799143003], [19, 20, 0.0464809364944464], [19, 27, 0.593910805408528], [20, 21, 0.1664277010016595], [21, 22, 0.39311290634804597], [21, 29, 0.31429053694340225], [22, 30, 0.30176695760477756], [24, 25, 0.06219900712949744], [24, 32, 0.3032482153117855], [25, 26, 0.8545413459029613], [25, 33, 0.27880533622536274], [26, 27, 0.24607143567344736], [26, 34, 0.1783431040400777], [28, 29, 0.12472023325114123], [29, 30, 0.9807762830548171], [29, 37, 0.9187512948994873], [30, 31, 0.04864439048444835], [32, 40, 0.8803378447673236], [33, 34, 0.3421002272613407], [33, 41, 0.4145314188384337], [34, 35, 0.09818593980990176], [35, 36, 0.5202284611603599], [35, 43, 0.1593701009215941], [36, 37, 0.11219746656560659], [36, 44, 0.23052901248520208], [37, 38, 0.49100546098651743], [38, 39, 0.11889596777534339], [40, 41, 0.6847984240747651], [40, 48, 0.11160384872532736], [41, 42, 0.849084830303972], [41, 49, 0.13845858943231193], [42, 50, 0.6212671485393824], [43, 51, 0.4749976740245313], [44, 45, 0.1026232045749168], [44, 52, 0.5785576152514519], [45, 46, 0.8546351061622883], [45, 53, 0.7483389669795464], [46, 47, 0.9623469875623688], [46, 54, 0.8024125503559345], [48, 49, 0.028908635233218738], [49, 50, 0.23116549154403554], [49, 57, 0.44049420648777415], [50, 51, 0.024030290006563426], [50, 58, 0.5930058545171849], [53, 61, 0.0853038709425532], [54, 55, 0.08276321252120777], [54, 62, 0.9683996929200165], [7, 15, 0.6763445023657919], [15, 23, 0.5228818798144891], [23, 31, 0.8919673727208635], [31, 39, 0.11132264262879565], [39, 47, 0.8449698841840467], [55, 63, 0.027354367525024403], [56, 57, 0.320397370520766], [57, 58, 0.454316633117715], [58, 59, 0.8522344319931606], [59, 60, 0.19019812009340498], [61, 62, 0.7028653483153455]], "oriented": false, "discover": false, "dist": true, "mode": "map"}