{"pos": [[0, 0], [0, 1], [0, 2], [0, 3], [0, 4], [0, 5], [0, 6], [0, 7], [1, 0], [1, 1], [1, 2], [1, 3], [1, 4], [1, 5], [1, 6], [1, 7], [2, 0], [2, 1], [2, 2], [2, 3], [2, 4], [2, 5], [2, 6], [2, 7], [3, 0], [3, 1], [3, 2], [3, 3], [3, 4], [3, 5], [3, 6], [3, 7], [4, 0], [4, 1], [4, 2], [4, 3], [4, 4], [4, 5], [4, 6], [4, 7], [5, 0], [5, 1], [5, 2], [5, 3], [5, 4], [5, 5], [5, 6], [5, 7], [6, 0], [6, 1], [6, 2], [6, 3], [6, 4], [6, 5], [6, 6], [6, 7], [7, 0], [7, 1], [7, 2], [7, 3], [7, 4], [7, 5], [7, 6], [7, 7]], "edges": [[0, 1, 0.6764904739387382], [0, 8, 0.9039935793515494], [1, 2, 0.6761112868890244], [1, 9, 0.8794603488582567], [2, 3, 0.27275980603413097], [2, 10, 0.9640988583389108], [3, 4, 0.697995317646834], [3, 11, 0.9754080448940322], [4, 5, 0.085156120809602], [4, 12, 0.5658888740687739], [5, 6, 0.7603506208077301], [5, 13, 0.894368804842494], [6, 7, 0.2483982471607239], [6, 14, 0.43392010239576595], [8, 9, 0.15427322178564895], [8, 16, 0.025816855835406494], [9, 17, 0.12941046810910017], [10, 11, 0.9527272949910033], [10, 18, 0.07362911297161123], [11, 12, 0.6826165289544683], [11, 19, 0.33503658262048186], [12, 13, 0.29787733056278165], [12, 20, 0.5206623882966832], [16, 24, 0.4819866307656714], [17, 18, 0.08940897333436615], [17, 25, 0.18585344578805785], [18, 26, 0.5442042238502588], [19, 27, 0.7919180447120692], [20, 21, 0.9611321203623818], [20, 28, 0.5803764926833339], [21, 22, 0.40976704346096315], [21, 29, 0.47773793855683855], [22, 23, 0.9774316162390502], [22, 30, 0.1879174798058213], [24, 32, 0.5480232648188175], [26, 27, 0.9361948581362265], [26, 34, 0.5865845562508835], [27, 35, 0.891064952589042], [29, 30, 0.03223252489112294], [29, 37, 0.31158639319696224], [30, 31, 0.24208491830825407], [30, 38, 0.938576904282307], [32, 33, 0.4340410965867292], [32, 40, 0.5533024927587277], [33, 34, 0.16198254407431134], [33, 41, 0.9292034681679869], [34, 35, 0.37890215280942363], [35, 36, 0.8973060213124897], [35, 43, 0.026604595173067236], [36, 37, 0.9369013824310722], [37, 45, 0.1959060703778991], [38, 39, 0.605902265776355], [40, 41, 0.8366130763193785], [40, 48, 0.7868021480091069], [42, 43, 0.5965874509858163], [42, 50, 0.1433394885893048], [43, 51, 0.6693708535801377], [44, 45, 0.3069382191561204], [44, 52, 0.4662432377409722], [45, 46, 0.7423101789643166], [45, 53, 0.8727935302827605], [46, 47, 0.4816302890017503], [46, 54, 0.9415948697048695], [48, 49, 0.9468068031603833], [48, 56, 0.6682444912162443], [51, 59, 0.9145709266761323], [52, 53, 0.15642411043392068], [53, 61, 0.30529156752715547], [54, 55, 0.9615706446941695], [7, 15, 0.6822091983882922], [15, 23, 0.5308223508936876], [23, 31, 0.9634761509751246], [31, 39, 0.4912684943343273], [39, 47, 0.6751526689892474], [55, 63, 0.5314006540169826], [56, 57, 0.8534216023869099], [58, 59, 0.9165723282180466], [59, 60, 0.3221958268552897], [60, 61, 0.633809621956376], [61, 62, 0.292933026299534], [62, 63, 0.9999572530061723]], "oriented": false, "discover": false, "dist": true, "mode": "map"}