{"pos": [[0, 0], [0, 1], [0, 2], [0, 3], [0, 4], [0, 5], [0, 6], [0, 7], [1, 0], [1, 1], [1, 2], [1, 3], [1, 4], [1, 5], [1, 6], [1, 7], [2, 0], [2, 1], [2, 2], [2, 3], [2, 4], [2, 5], [2, 6], [2, 7], [3, 0], [3, 1], [3, 2], [3, 3], [3, 4], [3, 5], [3, 6], [3, 7], [4, 0], [4, 1], [4, 2], [4, 3], [4, 4], [4, 5], [4, 6], [4, 7], [5, 0], [5, 1], [5, 2], [5, 3], [5, 4], [5, 5], [5, 6], [5, 7], [6, 0], [6, 1], [6, 2], [6, 3], [6, 4], [6, 5], [6, 6], [6, 7], [7, 0], [7, 1], [7, 2], [7, 3], [7, 4], [7, 5], [7, 6], [7, 7]], "edges": [[0, 8, 0.9194740202078375], [1, 2, 0.5367666861948959], [1, 9, 0.18299465358468858], [2, 3, 0.27322287750746754], [3, 4, 0.14748119809302707], [3, 11, 0.712336633220696], [4, 5, 0.6713608910205349], [4, 12, 0.3349176193608663], [5, 6, 0.9794086435005294], [5, 13, 0.2309463428828722], [6, 7, 0.6528820008249293], [6, 14, 0.322454948608385], [8, 9, 0.6232695889808748], [8, 16, 0.722844612950689], [9, 10, 0.4802522243900289], [9, 17, 0.23982182305760547], [10, 11, 0.48780736958599924], [11, 19, 0.45925802161416973], [12, 20, 0.8623389435171125], [13, 14, 0.46346042359201445], [13, 21, 0.25483705003869217], [14, 15, 0.4094794067599039], [14, 22, 0.7943151964934859], [16, 17, 0.14576730194069576], [17, 25, 0.3487093055128697], [18, 19, 0.6148197114647134], [18, 26, 0.4928717739287606], [19, 27, 0.7766167443079334], [20, 28, 0.034614122208755926], [21, 22, 0.6989729512861419], [21, 29, 0.5276633867942444], [24, 25, 0.9598496999837633], [24, 32, 0.211272017083994], [25, 33, 0.6760516861673416], [27, 28, 0.18349000262532822], [27, 35, 0.26704892220357623], [28, 36, 0.3111568855184784], [29, 30, 0.01868030744970428], [32, 33, 0.5496933823627176], [33, 41, 0.9881513438572208], [34, 35, 0.3978217058696374], [34, 42, 0.36196606474598025], [35, 36, 0.24607197898174393], [35, 43, 0.3184915018143031], [36, 37, 0.4198180076580027], [36, 44, 0.9827941038896459], [37, 38, 0.6756606059913638], [37, 45, 0.1446057843969185], [38, 39, 0.1534551018620539], [38, 46, 0.738040842891588], [40, 41, 0.7862350773582597], [40, 48, 0.6231207743735578], [41, 42, 0.8012193424977557], [42, 50, 0.006008373498702202], [43, 51, 0.2976704590881659], [44, 52, 0.808019073995211], [45, 46, 0.3489274485855366], [45, 53, 0.8888591334820467], [48, 49, 0.2064293616310282], [49, 50, 0.969212046322054], [49, 57, 0.11296415384438097], [50, 51, 0.32552196559727065], [51, 52, 0.8706353039470998], [51, 59, 0.6642598716923825], [52, 53, 0.9085089943631475], [52, 60, 0.33590337408153503], [53, 54, 0.48700845500179346], [53, 61, 0.43780478494246766], [54, 55, 0.6447144639606904], [54, 62, 0.566710775348426], [7, 15, 0.013596641658297548], [15, 23, 0.588045647555752], [23, 31, 0.13467695991213746], [39, 47, 0.5806830122825049], [47, 55, 0.44631545054591903], [55, 63, 0.7615996433032797], [56, 57, 0.17140204661541303], [57, 58, 0.8505224622610411], [58, 59, 0.3278009136958957], [59, 60, 0.37706470551838356], [62, 63, 0.07069391839955286]], "oriented": false, "discover": false, "dist": true, "mode": "map"}