{"pos": [[0, 0], [0, 1], [0, 2], [0, 3], [0, 4], [0, 5], [0, 6], [0, 7], [1, 0], [1, 1], [1, 2], [1, 3], [1, 4], [1, 5], [1, 6], [1, 7], [2, 0], [2, 1], [2, 2], [2, 3], [2, 4], [2, 5], [2, 6], [2, 7], [3, 0], [3, 1], [3, 2], [3, 3], [3, 4], [3, 5], [3, 6], [3, 7], [4, 0], [4, 1], [4, 2], [4, 3], [4, 4], [4, 5], [4, 6], [4, 7], [5, 0], [5, 1], [5, 2], [5, 3], [5, 4], [5, 5], [5, 6], [5, 7], [6, 0], [6, 1], [6, 2], [6, 3], [6, 4], [6, 5], [6, 6], [6, 7], [7, 0], [7, 1], [7, 2], [7, 3], [7, 4], [7, 5], [7, 6], [7, 7]], "edges": [[0, 1, 0.20523843434734068], [0, 8, 0.19342058263533324], [1, 2, 0.7891676447346379], [1, 9, 0.14842140133043935], [2, 3, 0.369734543427672], [2, 10, 0.269165369623376], [3, 4, 0.45457798558071605], [4, 5, 0.44286799795972753], [4, 12, 0.4304913587761239], [5, 6, 0.8530576253113342], [6, 7, 0.387432479152649], [6, 14, 0.41612707129532867], [8, 9, 0.055118755844748124], [8, 16, 0.31251404731940535], [9, 10, 0.607673850906967], [9, 17, 0.4508758793217733], [10, 18, 0.2212989168988322], [11, 12, 0.6181236044203269], [11, 19, 0.9245133536905926], [12, 13, 0.010543476938619123], [12, 20, 0.7875179200023603], [13, 21, 0.49441723076605926], [14, 15, 0.050041905837858947], [14, 22, 0.6266307538241329], [16, 17, 0.6577203878884447], [17, 18, 0.1091802439946048], [17, 25, 0.6289036526633784], [18, 19, 0.9773588565225498], [18, 26, 0.21452335875843498], [19, 20, 0.46159939747855183], [19, 27, 0.16388193829124564], [20, 28, 0.26846058194435385], [21, 29, 0.7427048815279488], [22, 23, 0.44707779389337154], [22, 30, 0.4101175775581736], [24, 25, 0.6967767157829697], [25, 26, 0.9832586473802452], [25, 33, 0.9833780228333484], [26, 27, 0.597391526726272], [26, 34, 0.6623688362398434], [28, 36, 0.1520475372281881], [29, 37, 0.24569806956847717], [30, 38, 0.31402052135717484], [32, 33, 0.3094128679489754], [33, 34, 0.13998978511188875], [33, 41, 0.18612211019431635], [35, 36, 0.6089940144835426], [36, 44, 0.1607032931965826], [37, 45, 0.5336449418586138], [38, 39, 0.9410987762815897], [40, 41, 0.37655739290210166], [40, 48, 0.6258153386509169], [41, 42, 0.3745882264758017], [41, 49, 0.7402134715646581], [42, 50, 0.26211707448078636], [43, 44, 0.37081325002665777], [44, 45, 0.038104404259351465], [44, 52, 0.6827518020907528], [45, 46, 0.6820945966943006], [45, 53, 0.9631485027250717], [46, 54, 0.22881390160148052], [48, 49, 0.15147410132045747], [48, 56, 0.7404499929929441], [49, 50, 0.4091737128255678], [49, 57, 0.6774334531235862], [50, 58, 0.541324588723384], [51, 52, 0.37315784460953005], [51, 59, 0.03423659495676068], [52, 60, 0.6346569660954628], [53, 54, 0.8130976199248627], [53, 61, 0.9272009135146656], [54, 55, 0.11199984151050113], [54, 62, 0.9338524717237232], [7, 15, 0.9526198316978127], [23, 31, 0.8203335366724545], [31, 39, 0.463115719010325], [39, 47, 0.25159815261960194], [55, 63, 0.1394160238600255], [56, 57, 0.5087696656520607], [60, 61, 0.9909493724390608], [62, 63, 0.4738055457595065]], "oriented": false, "discover": false, "dist": true, "mode": "map"}