{"pos": [[0, 0], [0, 1], [0, 2], [0, 3], [0, 4], [0, 5], [0, 6], [0, 7], [0, 8], [1, 0], [1, 1], [1, 2], [1, 3], [1, 4], [1, 5], [1, 6], [1, 7], [1, 8], [2, 0], [2, 1], [2, 2], [2, 3], [2, 4], [2, 5], [2, 6], [2, 7], [2, 8], [3, 0], [3, 1], [3, 2], [3, 3], [3, 4], [3, 5], [3, 6], [3, 7], [3, 8], [4, 0], [4, 1], [4, 2], [4, 3], [4, 4], [4, 5], [4, 6], [4, 7], [4, 8], [5, 0], [5, 1], [5, 2], [5, 3], [5, 4], [5, 5], [5, 6], [5, 7], [5, 8], [6, 0], [6, 1], [6, 2], [6, 3], [6, 4], [6, 5], [6, 6], [6, 7], [6, 8], [7, 0], [7, 1], [7, 2], [7, 3], [7, 4], [7, 5], [7, 6], [7, 7], [7, 8], [8, 0], [8, 1], [8, 2], [8, 3], [8, 4], [8, 5], [8, 6], [8, 7], [8, 8]], "edges": [[0, 1, 0.23874367429910126], [0, 9, 0.08808245553807181], [1, 10, 0.3481823621261585], [2, 3, 0.09386798884154146], [2, 11, 0.8626178367412605], [3, 4, 0.7820128049178524], [4, 5, 0.1362985672197099], [4, 13, 0.6624197472703626], [5, 6, 0.2779205366782438], [5, 14, 0.9591774951583554], [6, 7, 0.6636674689273554], [6, 15, 0.619148321822667], [7, 8, 0.8494607908494102], [7, 16, 0.33751957390755893], [9, 10, 0.888373027926216], [9, 18, 0.588728269109818], [10, 11, 0.2735289767468889], [10, 19, 0.23495069486230835], [11, 12, 0.24835583289579743], [11, 20, 0.041685566294667575], [12, 13, 0.7363707813914618], [12, 21, 0.24443692738665257], [13, 22, 0.9590190672729976], [14, 15, 0.1157838364323418], [15, 24, 0.18656335552225], [16, 25, 0.4354786242313762], [18, 19, 0.9675125713118344], [18, 27, 0.08693009361350013], [19, 28, 0.54056445308612], [20, 29, 0.21767425576720056], [21, 30, 0.9334702047014121], [22, 23, 0.21860921247681864], [22, 31, 0.6502831952092507], [24, 25, 0.9215437157628397], [25, 34, 0.11283561389606456], [27, 36, 0.08813861413063984], [28, 29, 0.9342926488468362], [28, 37, 0.42226703902423035], [29, 30, 0.188518100828871], [30, 31, 0.19811311850419566], [30, 39, 0.12953374201651513], [31, 32, 0.757337421831508], [32, 33, 0.5918759100130921], [34, 35, 0.16955569560661288], [34, 43, 0.31996005326886834], [36, 37, 0.5972158434803555], [36, 45, 0.6988550086230234], [37, 46, 0.8079359954154646], [38, 47, 0.7581090105705102], [39, 40, 0.534358023586812], [39, 48, 0.4216477055725508], [40, 41, 0.09070396013416204], [40, 49, 0.6919386553468281], [41, 42, 0.44690076513107646], [41, 50, 0.8947183107708915], [42, 43, 0.5685383575623919], [43, 44, 0.09318812825241485], [43, 52, 0.23026256100123432], [45, 46, 0.6239903505747776], [45, 54, 0.5711172234145919], [46, 47, 0.5158526604617809], [47, 56, 0.7357071544174749], [48, 49, 0.022518964790392504], [48, 57, 0.5462778426485924], [49, 58, 0.40879164911441956], [51, 52, 0.8285984067363114], [51, 60, 0.44162737466094737], [52, 53, 0.31070782752652926], [52, 61, 0.03138487058541617], [54, 55, 0.37782681496388937], [54, 63, 0.7122916057147282], [55, 56, 0.7237353203034823], [55, 64, 0.8277811617235675], [56, 57, 0.4279269464457891], [56, 65, 0.7159881802835686], [57, 58, 0.25429017097345086], [57, 66, 0.6277577107040965], [58, 59, 0.12306191857565718], [58, 67, 0.5650231864930498], [59, 60, 0.13310144673247193], [59, 68, 0.4936624895243128], [60, 69, 0.541744497409282], [61, 70, 0.22582522895631163], [63, 64, 0.7061288207105838], [63, 72, 0.7595402024780453], [64, 65, 0.2121012392233047], [65, 74, 0.46704673250811524], [66, 67, 0.7371520310906367], [67, 76, 0.24609179275793558], [69, 70, 0.9667730795308863], [69, 78, 0.5904415414612412], [70, 71, 0.9366912875607566], [70, 79, 0.9638353878062373], [8, 17, 0.7569912444454678], [17, 26, 0.518484330217348], [53, 62, 0.14836430762795572], [62, 71, 0.07386084074410004], [71, 80, 0.5780580758178115], [72, 73, 0.4635853050079366], [74, 75, 0.3228808439584864], [76, 77, 0.2840470387729196], [77, 78, 0.19975395312431443], [79, 80, 0.31260850328747025]], "oriented": false, "discover": false, "dist": true, "mode": "map"}