{"pos": [[0, 0], [0, 1], [0, 2], [0, 3], [0, 4], [0, 5], [0, 6], [0, 7], [1, 0], [1, 1], [1, 2], [1, 3], [1, 4], [1, 5], [1, 6], [1, 7], [2, 0], [2, 1], [2, 2], [2, 3], [2, 4], [2, 5], [2, 6], [2, 7], [3, 0], [3, 1], [3, 2], [3, 3], [3, 4], [3, 5], [3, 6], [3, 7], [4, 0], [4, 1], [4, 2], [4, 3], [4, 4], [4, 5], [4, 6], [4, 7], [5, 0], [5, 1], [5, 2], [5, 3], [5, 4], [5, 5], [5, 6], [5, 7], [6, 0], [6, 1], [6, 2], [6, 3], [6, 4], [6, 5], [6, 6], [6, 7], [7, 0], [7, 1], [7, 2], [7, 3], [7, 4], [7, 5], [7, 6], [7, 7]], "edges": [[0, 1, 0.5206411237977077], [0, 8, 0.10684034615469895], [1, 2, 0.37882218980183446], [1, 9, 0.5330948380524262], [2, 3, 0.8671392164549387], [2, 10, 0.1612417464480781], [3, 4, 0.8770216247709809], [3, 11, 0.06856709285470597], [4, 5, 0.08023109434973286], [4, 12, 0.547871946773856], [5, 6, 0.5866909907860162], [5, 13, 0.9320673379200434], [6, 7, 0.9819677689370747], [8, 9, 0.9756465256629528], [8, 16, 0.6112332323264087], [9, 10, 0.2973484134392468], [9, 17, 0.38806565450282327], [10, 11, 0.7168399384695349], [10, 18, 0.06050909679264116], [11, 19, 0.39865131368135354], [12, 13, 0.9835916098460858], [12, 20, 0.5102845190853427], [13, 14, 0.6228363439379849], [14, 15, 0.11950386974503091], [16, 24, 0.7647247152481551], [17, 18, 0.7915284416407412], [17, 25, 0.20891190284096273], [18, 26, 0.5148945815160453], [19, 20, 0.6123330472516553], [19, 27, 0.24026421169692158], [20, 21, 0.989457867128156], [20, 28, 0.318420830666293], [21, 22, 0.2866170732374552], [21, 29, 0.437235869717608], [22, 30, 0.5129525674668445], [24, 25, 0.6438627503990784], [25, 26, 0.2842068315014482], [25, 33, 0.4104068638625411], [26, 34, 0.01910358943948709], [27, 28, 0.3606909439178647], [28, 29, 0.645141955404705], [28, 36, 0.4185019257495233], [29, 37, 0.7874459211032547], [30, 38, 0.9754881767804865], [32, 33, 0.40818331670593433], [33, 34, 0.8638323433920009], [33, 41, 0.9987793387233396], [34, 35, 0.5208703614321403], [34, 42, 0.6406702038412376], [35, 43, 0.04012147737356375], [36, 44, 0.23506883513286947], [37, 38, 0.632376014611442], [37, 45, 0.4343087654387012], [38, 39, 0.5151811593530325], [38, 46, 0.3163922728123595], [40, 41, 0.20295948277956266], [40, 48, 0.45187397456390166], [42, 43, 0.38369580118724733], [42, 50, 0.9716002035985215], [44, 45, 0.20871096718331028], [44, 52, 0.7210933665505256], [45, 53, 0.29947341805125505], [46, 54, 0.04077912942332862], [49, 50, 0.9184603490086819], [50, 51, 0.5270074107339884], [50, 58, 0.023799905898685858], [51, 52, 0.8952464034703115], [52, 60, 0.12257255357314467], [53, 54, 0.9439339077900495], [53, 61, 0.28183473783013047], [7, 15, 0.8897023330445859], [15, 23, 0.6270184201060847], [23, 31, 0.5335544346397996], [39, 47, 0.017914908130665874], [47, 55, 0.8014944159597438], [56, 57, 0.3748920322093806], [57, 58, 0.05782563620682779], [58, 59, 0.9769394179220409], [59, 60, 0.06295017479620046], [61, 62, 0.1858191153832056], [62, 63, 0.7618070881251354]], "oriented": false, "discover": false, "dist": true, "mode": "map"}