{"pos": [[0, 0], [0, 1], [0, 2], [0, 3], [0, 4], [0, 5], [0, 6], [0, 7], [1, 0], [1, 1], [1, 2], [1, 3], [1, 4], [1, 5], [1, 6], [1, 7], [2, 0], [2, 1], [2, 2], [2, 3], [2, 4], [2, 5], [2, 6], [2, 7], [3, 0], [3, 1], [3, 2], [3, 3], [3, 4], [3, 5], [3, 6], [3, 7], [4, 0], [4, 1], [4, 2], [4, 3], [4, 4], [4, 5], [4, 6], [4, 7], [5, 0], [5, 1], [5, 2], [5, 3], [5, 4], [5, 5], [5, 6], [5, 7], [6, 0], [6, 1], [6, 2], [6, 3], [6, 4], [6, 5], [6, 6], [6, 7], [7, 0], [7, 1], [7, 2], [7, 3], [7, 4], [7, 5], [7, 6], [7, 7]], "edges": [[0, 1, 0.5103442708300164], [0, 8, 0.8641684376638997], [1, 2, 0.7606015504235464], [2, 3, 0.10849975660123257], [2, 10, 0.5693680983543383], [3, 4, 0.6387759073936663], [4, 5, 0.01805349874380524], [5, 6, 0.5883894696766829], [5, 13, 0.47822947473532895], [6, 14, 0.7969047323050623], [8, 9, 0.14174697227468935], [8, 16, 0.2449763232989456], [9, 10, 0.4040556681439498], [10, 11, 0.5176958080605553], [10, 18, 0.24243309237792166], [11, 12, 0.9982521802304261], [11, 19, 0.3605809601668587], [12, 13, 0.4849279107652893], [12, 20, 0.27759107094377644], [13, 14, 0.9774539024960304], [14, 15, 0.6491755903126273], [14, 22, 0.7028866815782182], [16, 17, 0.6366326982558584], [16, 24, 0.8958283850712244], [17, 25, 0.03255645809821628], [18, 19, 0.8172768106740481], [18, 26, 0.746820694586076], [19, 27, 0.27732369395300105], [20, 21, 0.8206146559695159], [21, 22, 0.8420148911163328], [21, 29, 0.7483652359096238], [22, 23, 0.8306395324364017], [22, 30, 0.19594901544797938], [24, 32, 0.6923975426329461], [25, 26, 0.17677640799220018], [26, 34, 0.6248349269673478], [27, 28, 0.5750316571099451], [27, 35, 0.5839080893384166], [28, 29, 0.09320185471003362], [29, 37, 0.39108031917120956], [30, 31, 0.3638258194151821], [32, 40, 0.41840570818666256], [33, 34, 0.04518542672735393], [34, 42, 0.20181600926310783], [35, 36, 0.5102728206119502], [36, 44, 0.4287894206029993], [37, 38, 0.912055421910758], [38, 46, 0.45827609401837943], [40, 48, 0.5597860274312803], [41, 42, 0.8042145375633845], [41, 49, 0.5844157341389078], [42, 43, 0.7586010255451173], [42, 50, 0.9009684929250904], [43, 51, 0.0047710649708671005], [44, 45, 0.7922689444985356], [44, 52, 0.013105277386023295], [45, 46, 0.8622736650695028], [45, 53, 0.422021692373335], [46, 54, 0.9863205341542669], [48, 49, 0.7627169258469584], [48, 56, 0.17411082600795946], [49, 50, 0.062340033547801044], [49, 57, 0.1272977990320695], [50, 51, 0.7067501417175044], [50, 58, 0.6846067290079704], [51, 59, 0.9705523529005232], [52, 53, 0.5788628565527515], [52, 60, 0.9389907064792613], [53, 61, 0.9395604662339134], [54, 62, 0.1330676294285119], [7, 15, 0.011851861201755076], [15, 23, 0.4686570722934862], [31, 39, 0.10348823873584356], [39, 47, 0.17927769290646434], [47, 55, 0.10572208978035835], [55, 63, 0.421263911868756], [56, 57, 0.7181262821532783], [57, 58, 0.9152743026975183], [58, 59, 0.2268811662560356], [59, 60, 0.10061568005921995], [61, 62, 0.6502597480483339]], "oriented": false, "discover": false, "dist": true, "mode": "map"}