{"pos": [[0, 0], [0, 1], [0, 2], [0, 3], [0, 4], [0, 5], [0, 6], [0, 7], [1, 0], [1, 1], [1, 2], [1, 3], [1, 4], [1, 5], [1, 6], [1, 7], [2, 0], [2, 1], [2, 2], [2, 3], [2, 4], [2, 5], [2, 6], [2, 7], [3, 0], [3, 1], [3, 2], [3, 3], [3, 4], [3, 5], [3, 6], [3, 7], [4, 0], [4, 1], [4, 2], [4, 3], [4, 4], [4, 5], [4, 6], [4, 7], [5, 0], [5, 1], [5, 2], [5, 3], [5, 4], [5, 5], [5, 6], [5, 7], [6, 0], [6, 1], [6, 2], [6, 3], [6, 4], [6, 5], [6, 6], [6, 7], [7, 0], [7, 1], [7, 2], [7, 3], [7, 4], [7, 5], [7, 6], [7, 7]], "edges": [[0, 1, 0.15954309424282942], [0, 8, 0.26848850612899167], [1, 2, 0.4364595854943536], [1, 9, 0.8319989611454449], [2, 3, 0.3117142324284954], [3, 4, 0.9765870656331422], [3, 11, 0.42405852538867195], [4, 5, 0.4094869517640465], [5, 6, 0.2852423731504582], [6, 7, 0.10058042249959043], [6, 14, 0.489345531994414], [8, 9, 0.2971355843399923], [8, 16, 0.5616396366202528], [9, 10, 0.05845264674094808], [9, 17, 0.019381732559967224], [10, 11, 0.28897360248580684], [10, 18, 0.6870925056610944], [11, 12, 0.610097805644682], [11, 19, 0.3829676767582678], [12, 13, 0.4744423127245738], [12, 20, 0.6731372854193242], [13, 14, 0.48711842840860475], [13, 21, 0.7173827390666687], [14, 15, 0.964076265935673], [16, 17, 0.24997993780508132], [16, 24, 0.8539553205544443], [17, 25, 0.6181600099325608], [19, 27, 0.22301677734808545], [21, 22, 0.9021950983043807], [21, 29, 0.846706733293], [24, 25, 0.7740745712522074], [24, 32, 0.17816765008614832], [25, 26, 0.12077226068538383], [25, 33, 0.6791729435961883], [26, 34, 0.8252331517428638], [27, 28, 0.8426107952954159], [29, 30, 0.3861993296129854], [29, 37, 0.7792577672620691], [30, 31, 0.10132139052464662], [30, 38, 0.7364536133521016], [32, 40, 0.8355670485397092], [33, 41, 0.30193364198043227], [34, 35, 0.691061952414167], [34, 42, 0.6123844569434101], [35, 36, 0.4315795868737061], [35, 43, 0.7753008623546791], [37, 38, 0.7910340642744861], [37, 45, 0.5760780611925505], [38, 46, 0.15713151394161728], [40, 41, 0.6414817670673562], [40, 48, 0.3802464371819797], [41, 42, 0.9000566165101662], [41, 49, 0.47836388979549616], [42, 43, 0.9557582768329448], [42, 50, 0.5501386520065911], [43, 44, 0.6708227320897467], [44, 45, 0.6280528076733073], [45, 46, 0.7354294743651087], [45, 53, 0.6362619238502866], [46, 54, 0.6475090681745428], [48, 56, 0.9106774525431808], [49, 57, 0.9038404896203449], [50, 51, 0.3071715774094932], [50, 58, 0.1744072271195951], [51, 52, 0.9394291740438973], [51, 59, 0.6987725534158268], [52, 53, 0.1592231350175185], [52, 60, 0.8238587291919576], [53, 54, 0.8984559366108507], [53, 61, 0.8621632184697681], [54, 55, 0.3783851729392801], [54, 62, 0.32828535966588246], [7, 15, 0.9073450025041269], [15, 23, 0.7016167205655681], [31, 39, 0.8130570425713193], [39, 47, 0.15944915339927768], [47, 55, 0.9073792987736604], [55, 63, 0.5564192443768966], [58, 59, 0.15753596651022783], [60, 61, 0.9547217717098081], [61, 62, 0.44111621273137835]], "oriented": false, "discover": false, "dist": true, "mode": "map"}