{"pos": [[0, 0], [0, 1], [0, 2], [0, 3], [0, 4], [0, 5], [0, 6], [0, 7], [0, 8], [1, 0], [1, 1], [1, 2], [1, 3], [1, 4], [1, 5], [1, 6], [1, 7], [1, 8], [2, 0], [2, 1], [2, 2], [2, 3], [2, 4], [2, 5], [2, 6], [2, 7], [2, 8], [3, 0], [3, 1], [3, 2], [3, 3], [3, 4], [3, 5], [3, 6], [3, 7], [3, 8], [4, 0], [4, 1], [4, 2], [4, 3], [4, 4], [4, 5], [4, 6], [4, 7], [4, 8], [5, 0], [5, 1], [5, 2], [5, 3], [5, 4], [5, 5], [5, 6], [5, 7], [5, 8], [6, 0], [6, 1], [6, 2], [6, 3], [6, 4], [6, 5], [6, 6], [6, 7], [6, 8], [7, 0], [7, 1], [7, 2], [7, 3], [7, 4], [7, 5], [7, 6], [7, 7], [7, 8], [8, 0], [8, 1], [8, 2], [8, 3], [8, 4], [8, 5], [8, 6], [8, 7], [8, 8]], "edges": [[0, 1, 0.6327384905815371], [0, 9, 0.9552865429254424], [1, 2, 0.7767281994307275], [1, 10, 0.10488264255192847], [2, 3, 0.59371725134571], [3, 4, 0.627946699419532], [3, 12, 0.5364851577082285], [4, 5, 0.3501479928573643], [4, 13, 0.2866424029678113], [5, 6, 0.5617452226463451], [5, 14, 0.30969731786459487], [6, 7, 0.735590294797853], [6, 15, 0.33454892509301193], [7, 8, 0.1851001524814342], [7, 16, 0.4220489398640057], [9, 18, 0.41817944979513466], [10, 11, 0.5361722222181574], [10, 19, 0.9206119674475133], [11, 20, 0.7226424144621106], [12, 13, 0.9655587826518759], [12, 21, 0.11043919003864655], [13, 22, 0.610450403807188], [14, 15, 0.3145626160838314], [14, 23, 0.4102790757111906], [15, 16, 0.34663107532949755], [15, 24, 0.8244956676240821], [16, 17, 0.21699386318991487], [16, 25, 0.9676036614193533], [19, 20, 0.4207871847799224], [19, 28, 0.7792162704480335], [20, 21, 0.057361781818807356], [21, 22, 0.6748976750938253], [21, 30, 0.5534116581982166], [22, 31, 0.17932217198125688], [23, 24, 0.5884844271877707], [24, 33, 0.7607214191056338], [25, 26, 0.8249895741096249], [25, 34, 0.7292485657308895], [27, 28, 0.0976365838329959], [27, 36, 0.7486087896307818], [28, 29, 0.9771527507315859], [28, 37, 0.20832359039985715], [29, 38, 0.3372880572834941], [30, 31, 0.9752127066442323], [32, 33, 0.7492246037946136], [33, 42, 0.0909044097727304], [34, 35, 0.36220097749311075], [36, 37, 0.863740014594463], [37, 46, 0.40482083382146106], [38, 39, 0.11184017141870128], [39, 40, 0.31277488595353353], [39, 48, 0.7770980753305792], [40, 41, 0.6090074321172098], [40, 49, 0.7114632659393666], [41, 42, 0.5052099344972144], [42, 43, 0.29739550204845366], [42, 51, 0.9604975097818259], [43, 44, 0.21215576631096655], [45, 46, 0.5165737812753631], [45, 54, 0.740942318072647], [46, 47, 0.5290245460967089], [46, 55, 0.46713365728766576], [47, 48, 0.7303018951759573], [48, 49, 0.6106981148321773], [48, 57, 0.5243768251665365], [49, 50, 0.8729119671105636], [49, 58, 0.7240033204456227], [50, 51, 0.49425276175266086], [51, 52, 0.5429560364910239], [51, 60, 0.6828863171913603], [52, 53, 0.29348067461191785], [52, 61, 0.44257540402200013], [55, 56, 0.21808244644221275], [55, 64, 0.40498964009166105], [56, 65, 0.5168717839954607], [59, 60, 0.9871201261213501], [59, 68, 0.6532556116183039], [60, 69, 0.9250604370603782], [61, 62, 0.36675317533817164], [63, 64, 0.6929731228681305], [63, 72, 0.09688872544573257], [64, 73, 0.39276506058108873], [65, 66, 0.3818951601396916], [65, 74, 0.8925944473622027], [66, 67, 0.3028259599205759], [66, 75, 0.4095802601391557], [67, 68, 0.18073796379256324], [67, 76, 0.07609768445647835], [68, 69, 0.6261446511753045], [68, 77, 0.4367384532277855], [69, 70, 0.06574650799619663], [69, 78, 0.9816772132305789], [70, 79, 0.6632760624731572], [8, 17, 0.10000691381457627], [53, 62, 0.560531445325799], [62, 71, 0.07372346481161762], [71, 80, 0.07467740931359146], [72, 73, 0.5285984911611541], [73, 74, 0.36804301203014034], [74, 75, 0.23134241931929633], [75, 76, 0.6359652621858382], [76, 77, 0.47701239606647117], [77, 78, 0.6798707959827724], [79, 80, 0.5412504314032969]], "oriented": false, "discover": false, "dist": true, "mode": "map"}