{"pos": [[0, 0], [0, 1], [0, 2], [0, 3], [0, 4], [0, 5], [0, 6], [0, 7], [1, 0], [1, 1], [1, 2], [1, 3], [1, 4], [1, 5], [1, 6], [1, 7], [2, 0], [2, 1], [2, 2], [2, 3], [2, 4], [2, 5], [2, 6], [2, 7], [3, 0], [3, 1], [3, 2], [3, 3], [3, 4], [3, 5], [3, 6], [3, 7], [4, 0], [4, 1], [4, 2], [4, 3], [4, 4], [4, 5], [4, 6], [4, 7], [5, 0], [5, 1], [5, 2], [5, 3], [5, 4], [5, 5], [5, 6], [5, 7], [6, 0], [6, 1], [6, 2], [6, 3], [6, 4], [6, 5], [6, 6], [6, 7], [7, 0], [7, 1], [7, 2], [7, 3], [7, 4], [7, 5], [7, 6], [7, 7]], "edges": [[0, 1, 0.16061645327471408], [0, 8, 0.5700657810976895], [1, 2, 0.11772723945762542], [1, 9, 0.5028100967704306], [2, 3, 0.6969906580747283], [2, 10, 0.5586134924536565], [3, 4, 0.7501606348942131], [3, 11, 0.9635786416924094], [4, 5, 0.3407158292922057], [4, 12, 0.9604991198933936], [5, 6, 0.7880066151421902], [5, 13, 0.14323286854560746], [6, 7, 0.5330435385969691], [6, 14, 0.9022924909226222], [8, 9, 0.7534714855979036], [8, 16, 0.4615649504218765], [9, 17, 0.691740216922924], [12, 13, 0.6462483160670284], [12, 20, 0.475572987515548], [13, 14, 0.7747775819815875], [14, 15, 0.5735101740894076], [14, 22, 0.18781139721284035], [16, 17, 0.9387661955113352], [17, 18, 0.34666588737389203], [17, 25, 0.1847763482040201], [18, 19, 0.3176357123984357], [18, 26, 0.6869962039116968], [19, 20, 0.3267588577241882], [20, 21, 0.7577583553359316], [20, 28, 0.2599351287869528], [21, 29, 0.04701316955641144], [22, 23, 0.49684750538211453], [22, 30, 0.5143176787263027], [24, 25, 0.9736683239275279], [25, 33, 0.5573063061547548], [26, 34, 0.19618573566757636], [27, 28, 0.6958098846607425], [27, 35, 0.4821842698111307], [28, 36, 0.961489119027685], [29, 37, 0.15572005667516398], [30, 31, 0.0012764182865117046], [32, 33, 0.9798688113693981], [32, 40, 0.9518284219393445], [33, 34, 0.821257454007531], [33, 41, 0.9421241886910663], [34, 42, 0.490486935967156], [35, 36, 0.42472255891705357], [35, 43, 0.40287200169160986], [36, 37, 0.277837247567695], [36, 44, 0.7373147576923752], [38, 39, 0.7356651957659902], [40, 41, 0.0015812010513049923], [41, 49, 0.27401597454814997], [42, 43, 0.47847194884633104], [42, 50, 0.18825255679587583], [43, 44, 0.340504954196456], [44, 45, 0.9367805281258442], [44, 52, 0.13075094535880705], [45, 46, 0.46444201462742285], [45, 53, 0.5758004877703153], [46, 47, 0.7327279480987583], [48, 49, 0.09004329802521494], [49, 50, 0.1656758904793605], [49, 57, 0.9750733033946906], [51, 52, 0.8264556977625005], [52, 60, 0.010656079928905382], [53, 54, 0.2777134351741666], [54, 55, 0.47000401526938695], [54, 62, 0.07743337658924099], [7, 15, 0.26603215141173087], [15, 23, 0.8438188623041502], [23, 31, 0.8426552525231248], [31, 39, 0.6524386090678338], [47, 55, 0.39029045937738593], [55, 63, 0.8235119461865607], [56, 57, 0.13621927410835388], [58, 59, 0.8406311130440203], [59, 60, 0.34478369000949183], [60, 61, 0.4216181999873615], [61, 62, 0.9702968364262935], [62, 63, 0.437685568228241]], "oriented": false, "discover": false, "dist": true, "mode": "map"}