{"pos": [[0, 0], [0, 1], [0, 2], [0, 3], [0, 4], [0, 5], [0, 6], [0, 7], [1, 0], [1, 1], [1, 2], [1, 3], [1, 4], [1, 5], [1, 6], [1, 7], [2, 0], [2, 1], [2, 2], [2, 3], [2, 4], [2, 5], [2, 6], [2, 7], [3, 0], [3, 1], [3, 2], [3, 3], [3, 4], [3, 5], [3, 6], [3, 7], [4, 0], [4, 1], [4, 2], [4, 3], [4, 4], [4, 5], [4, 6], [4, 7], [5, 0], [5, 1], [5, 2], [5, 3], [5, 4], [5, 5], [5, 6], [5, 7], [6, 0], [6, 1], [6, 2], [6, 3], [6, 4], [6, 5], [6, 6], [6, 7], [7, 0], [7, 1], [7, 2], [7, 3], [7, 4], [7, 5], [7, 6], [7, 7]], "edges": [[0, 1, 0.44196629712603186], [0, 8, 0.7300947837849928], [1, 2, 0.005918077199506211], [1, 9, 0.37734118333680233], [2, 3, 0.46129203001132557], [2, 10, 0.6962186444624394], [3, 4, 0.6902303823048399], [4, 5, 0.6576615811943209], [5, 6, 0.24837431718559622], [5, 13, 0.7170701275982556], [6, 7, 0.9064321088911238], [6, 14, 0.32201928703581373], [8, 16, 0.31655060299810445], [9, 17, 0.8740220159030869], [10, 11, 0.6269280724242754], [10, 18, 0.49948834509516693], [11, 12, 0.3335262394894114], [11, 19, 0.9801751268682619], [13, 21, 0.9586306777010292], [14, 15, 0.8223899786522214], [17, 18, 0.1720839848400756], [17, 25, 0.261500836941419], [18, 26, 0.8478985024356287], [19, 20, 0.0707611671022701], [20, 21, 0.6285380304839215], [20, 28, 0.9673063628899634], [21, 22, 0.559299736520028], [21, 29, 0.02029797994692384], [22, 30, 0.5752318978026109], [24, 25, 0.23265611601993308], [24, 32, 0.46556219617793715], [25, 26, 0.04287946991417646], [25, 33, 0.6117622088976267], [26, 27, 0.46656014216097974], [26, 34, 0.4169737946665516], [27, 35, 0.29415498526236494], [28, 29, 0.30369766207979043], [28, 36, 0.5780794879578447], [29, 30, 0.5554166244039475], [29, 37, 0.3661368328578467], [30, 31, 0.3374619803959694], [30, 38, 0.32649536991144745], [32, 33, 0.9984989478684068], [32, 40, 0.18111089740313846], [33, 34, 0.08196691737819728], [34, 42, 0.5854068465847946], [35, 43, 0.7547711138364591], [36, 44, 0.07797048135834406], [37, 45, 0.7493021511683062], [38, 39, 0.30362140428619844], [38, 46, 0.40521439543188364], [40, 41, 0.8325574848981524], [40, 48, 0.7594693151371583], [41, 42, 0.15028135176065538], [41, 49, 0.9375149013252345], [42, 50, 0.8288058393999865], [43, 44, 0.34611387919197845], [44, 45, 0.1380178396856615], [44, 52, 0.623160030758091], [45, 46, 0.8477057832078676], [45, 53, 0.6825830007031831], [48, 49, 0.5204545393828466], [49, 57, 0.651151127771787], [50, 51, 0.5668848762246371], [50, 58, 0.5256001237213462], [51, 52, 0.24573205558362832], [51, 59, 0.40345002957654696], [52, 53, 0.40296200173645846], [53, 54, 0.3913605246857237], [53, 61, 0.28747102945712877], [54, 55, 0.7486389760624788], [15, 23, 0.14857894961177587], [31, 39, 0.18899955217009234], [39, 47, 0.3923010872705375], [55, 63, 0.18285922518119957], [56, 57, 0.8056627271292177], [57, 58, 0.32155774451589814], [58, 59, 0.41280529547449574], [59, 60, 0.9874589695985555], [61, 62, 0.4604166444287723], [62, 63, 0.7288174817524973]], "oriented": false, "discover": false, "dist": true, "mode": "map"}