{"pos": [[0, 0], [0, 1], [0, 2], [0, 3], [0, 4], [0, 5], [0, 6], [0, 7], [0, 8], [1, 0], [1, 1], [1, 2], [1, 3], [1, 4], [1, 5], [1, 6], [1, 7], [1, 8], [2, 0], [2, 1], [2, 2], [2, 3], [2, 4], [2, 5], [2, 6], [2, 7], [2, 8], [3, 0], [3, 1], [3, 2], [3, 3], [3, 4], [3, 5], [3, 6], [3, 7], [3, 8], [4, 0], [4, 1], [4, 2], [4, 3], [4, 4], [4, 5], [4, 6], [4, 7], [4, 8], [5, 0], [5, 1], [5, 2], [5, 3], [5, 4], [5, 5], [5, 6], [5, 7], [5, 8], [6, 0], [6, 1], [6, 2], [6, 3], [6, 4], [6, 5], [6, 6], [6, 7], [6, 8], [7, 0], [7, 1], [7, 2], [7, 3], [7, 4], [7, 5], [7, 6], [7, 7], [7, 8], [8, 0], [8, 1], [8, 2], [8, 3], [8, 4], [8, 5], [8, 6], [8, 7], [8, 8]], "edges": [[0, 1, 0.5031017224386527], [0, 9, 0.4482390507139753], [1, 2, 0.5259251707861328], [1, 10, 0.373575430547057], [2, 3, 0.1415252088341703], [2, 11, 0.6960984424319953], [3, 4, 0.4395153233441219], [4, 5, 0.5938899902142091], [4, 13, 0.9116900479253998], [5, 14, 0.552476313400913], [6, 7, 0.8647257539614498], [6, 15, 0.9025466624419497], [7, 8, 0.8840462731553368], [7, 16, 0.2690083294106592], [9, 10, 0.35015100182743464], [9, 18, 0.08595894109924485], [10, 11, 0.06614590744586135], [11, 12, 0.2272166154388645], [11, 20, 0.7706626402582586], [13, 14, 0.7499809536636117], [13, 22, 0.6709297027051946], [14, 23, 0.5454213182278204], [15, 16, 0.3898751598426543], [15, 24, 0.6031842341963279], [16, 17, 0.5426405305408804], [18, 19, 0.04465136508979539], [18, 27, 0.9184198459080815], [19, 20, 0.15067067716425475], [19, 28, 0.05174098456552878], [20, 21, 0.4280428767888528], [20, 29, 0.18032225627309162], [23, 24, 0.4197759460782804], [24, 25, 0.1513006406257167], [24, 33, 0.172129504962255], [25, 34, 0.3287495563210795], [27, 28, 0.8990181140760698], [28, 29, 0.12254328974357387], [28, 37, 0.16232195909180103], [29, 30, 0.28142218189445445], [29, 38, 0.06395579130503448], [30, 31, 0.49733530328430964], [30, 39, 0.6306981842026895], [32, 33, 0.5598706009536132], [32, 41, 0.4714533286693683], [33, 42, 0.5290313614394698], [34, 35, 0.6136583698431068], [34, 43, 0.5432004820820237], [36, 37, 0.6908343516201308], [36, 45, 0.8440935927745896], [37, 46, 0.9190165596007008], [38, 39, 0.7202358191191306], [38, 47, 0.3191875057068], [39, 40, 0.7587259406217934], [39, 48, 0.3526168502954361], [40, 49, 0.08258073134203614], [41, 42, 0.09957566795370343], [42, 43, 0.35791812230880093], [42, 51, 0.3096256637961826], [43, 44, 0.7130986104353187], [43, 52, 0.004364061031657429], [45, 54, 0.6265603364418677], [46, 55, 0.9915517110925555], [47, 56, 0.524785250185936], [48, 49, 0.1032688201364832], [48, 57, 0.15780168850143972], [49, 58, 0.2713310366164089], [50, 51, 0.5482676942765271], [50, 59, 0.18548715821940354], [51, 60, 0.4086491267105635], [52, 53, 0.3514636202063751], [52, 61, 0.3247789200730494], [54, 55, 0.2176648941645245], [55, 56, 0.45648893737656493], [55, 64, 0.32073416604523386], [56, 65, 0.30571588054180987], [58, 59, 0.8257372855461477], [58, 67, 0.02670441292384229], [59, 60, 0.5888112278300023], [60, 61, 0.776394321243123], [60, 69, 0.09393363934483479], [61, 62, 0.5250000541861505], [61, 70, 0.2327560807068535], [63, 64, 0.7941598380827777], [63, 72, 0.14856851068123755], [64, 73, 0.40856248090171465], [65, 66, 0.9001762595370283], [65, 74, 0.78220609763758], [66, 75, 0.023572817748483077], [68, 69, 0.7193596616463995], [69, 70, 0.8279911947794616], [69, 78, 0.8129584327118201], [70, 71, 0.6370035963668625], [70, 79, 0.5710252288759355], [17, 26, 0.5404157448913708], [26, 35, 0.5180023676651342], [53, 62, 0.4388220075041591], [71, 80, 0.22094549146169096], [72, 73, 0.3033662149058397], [73, 74, 0.6822088377097282], [74, 75, 0.18357837811531064], [76, 77, 0.8566535538223903], [77, 78, 0.733914049770098], [79, 80, 0.26105727427997816]], "oriented": false, "discover": false, "dist": true, "mode": "map"}