{"pos": [[0, 0], [0, 1], [0, 2], [0, 3], [0, 4], [0, 5], [0, 6], [0, 7], [1, 0], [1, 1], [1, 2], [1, 3], [1, 4], [1, 5], [1, 6], [1, 7], [2, 0], [2, 1], [2, 2], [2, 3], [2, 4], [2, 5], [2, 6], [2, 7], [3, 0], [3, 1], [3, 2], [3, 3], [3, 4], [3, 5], [3, 6], [3, 7], [4, 0], [4, 1], [4, 2], [4, 3], [4, 4], [4, 5], [4, 6], [4, 7], [5, 0], [5, 1], [5, 2], [5, 3], [5, 4], [5, 5], [5, 6], [5, 7], [6, 0], [6, 1], [6, 2], [6, 3], [6, 4], [6, 5], [6, 6], [6, 7], [7, 0], [7, 1], [7, 2], [7, 3], [7, 4], [7, 5], [7, 6], [7, 7]], "edges": [[0, 1, 0.28477325084244487], [0, 8, 0.9366875982626011], [1, 2, 0.6358388055199137], [1, 9, 0.6007038019865081], [2, 3, 0.8634351804107347], [2, 10, 0.9752782467310672], [3, 4, 0.9542364330562454], [4, 5, 0.5341201348999067], [4, 12, 0.7414687455943952], [5, 6, 0.307414915274526], [5, 13, 0.7307905679599225], [6, 7, 0.9131985931282254], [6, 14, 0.9155823223529936], [8, 16, 0.22024543854333267], [9, 10, 0.062435435350061574], [9, 17, 0.6064486200156121], [10, 11, 0.6492071842444062], [10, 18, 0.2479371198719723], [11, 12, 0.8044498203989856], [12, 13, 0.020763100972946424], [13, 21, 0.24546985668456867], [14, 22, 0.24777056070291803], [16, 17, 0.21280089744589725], [17, 18, 0.49232254809118847], [17, 25, 0.6802157215505223], [18, 19, 0.8362768762987834], [19, 20, 0.22149058463227456], [19, 27, 0.7018307970523012], [20, 21, 0.07618248591857635], [21, 22, 0.641476016919183], [21, 29, 0.322690504708787], [22, 23, 0.26973047141987094], [22, 30, 0.4897746722634878], [24, 25, 0.07364074682304766], [24, 32, 0.5265109206319626], [25, 26, 0.19457041716028323], [25, 33, 0.3719647940658748], [26, 34, 0.8468559432984648], [27, 28, 0.40699030204664066], [27, 35, 0.47247726162305126], [28, 29, 0.1798776291106876], [28, 36, 0.704352621147276], [29, 30, 0.06754323468356005], [29, 37, 0.35093085251414813], [30, 31, 0.9613344721337531], [30, 38, 0.08360212898057229], [32, 40, 0.9401738751745041], [33, 34, 0.06784914214996252], [33, 41, 0.6355723566892524], [34, 42, 0.2739870764177842], [35, 43, 0.12230156021382321], [36, 44, 0.03776096388143679], [37, 38, 0.27654053024448744], [38, 46, 0.732932786426849], [41, 42, 0.6732104165208035], [41, 49, 0.6332118561062713], [42, 50, 0.16674152434345646], [43, 51, 0.3931769575289583], [44, 45, 0.5155175497294517], [44, 52, 0.011292535558482864], [45, 53, 0.9174928212387373], [46, 47, 0.7043705156198861], [46, 54, 0.42789098538357906], [48, 49, 0.759631725686761], [48, 56, 0.9694000787396799], [49, 50, 0.03464103491850412], [49, 57, 0.26819750790781904], [50, 58, 0.9515881417214005], [51, 59, 0.05061953019923404], [52, 60, 0.5855011553328532], [53, 61, 0.39806315323178665], [54, 55, 0.12672605728242148], [54, 62, 0.09050079524147825], [7, 15, 0.6884278889045337], [31, 39, 0.1103524147260202], [47, 55, 0.6743536469957928], [55, 63, 0.860166624379402], [56, 57, 0.01775835948584681], [58, 59, 0.6378065053456345], [61, 62, 0.8163561658978067], [62, 63, 0.7977887874184029]], "oriented": false, "discover": false, "dist": true, "mode": "map"}