{"pos": [[0, 0], [0, 1], [0, 2], [0, 3], [0, 4], [0, 5], [0, 6], [0, 7], [1, 0], [1, 1], [1, 2], [1, 3], [1, 4], [1, 5], [1, 6], [1, 7], [2, 0], [2, 1], [2, 2], [2, 3], [2, 4], [2, 5], [2, 6], [2, 7], [3, 0], [3, 1], [3, 2], [3, 3], [3, 4], [3, 5], [3, 6], [3, 7], [4, 0], [4, 1], [4, 2], [4, 3], [4, 4], [4, 5], [4, 6], [4, 7], [5, 0], [5, 1], [5, 2], [5, 3], [5, 4], [5, 5], [5, 6], [5, 7], [6, 0], [6, 1], [6, 2], [6, 3], [6, 4], [6, 5], [6, 6], [6, 7], [7, 0], [7, 1], [7, 2], [7, 3], [7, 4], [7, 5], [7, 6], [7, 7]], "edges": [[0, 1, 0.5736964576286524], [0, 8, 0.22974694145537533], [1, 2, 0.6422075613287073], [1, 9, 0.7605146908508024], [2, 3, 0.48621975598896394], [2, 10, 0.27818906008858], [3, 4, 0.7155118028541684], [3, 11, 0.04048658570044639], [4, 5, 0.2198759512710059], [4, 12, 0.38526832861092875], [5, 6, 0.26049392084622647], [5, 13, 0.38434457519488285], [6, 7, 0.8131799020318669], [6, 14, 0.9674752777849749], [8, 16, 0.6592742247483226], [9, 17, 0.8502431858175953], [10, 11, 0.766527932154461], [10, 18, 0.264970963219584], [11, 12, 0.14519368649169773], [12, 13, 0.15083989165508793], [12, 20, 0.2591767802403451], [14, 15, 0.33565608044357986], [14, 22, 0.41811619224930574], [16, 24, 0.1722732530942963], [17, 18, 0.5526077962254827], [17, 25, 0.4411582332007369], [18, 26, 0.05192030595855446], [19, 20, 0.7718243582234379], [19, 27, 0.17721329979667244], [20, 21, 0.43831818297144076], [20, 28, 0.8959268039954487], [21, 22, 0.2755191036011745], [22, 30, 0.11097802244644617], [24, 32, 0.3516237138443409], [25, 33, 0.1496195923854723], [26, 27, 0.09814404356573214], [26, 34, 0.8689164454832811], [27, 28, 0.4047352354825481], [28, 29, 0.13468008235148665], [28, 36, 0.8852069995766512], [29, 30, 0.200251483287603], [30, 31, 0.5246780411498342], [30, 38, 0.36667319387315844], [32, 33, 0.5174247595610741], [32, 40, 0.7860457570313266], [33, 41, 0.32970798650223143], [34, 35, 0.3560923428729248], [34, 42, 0.9831382946450871], [35, 36, 0.14564360480401728], [35, 43, 0.114811858657898], [36, 37, 0.8944955625944941], [36, 44, 0.8713613174111867], [38, 39, 0.9861249219788202], [38, 46, 0.6447988035825513], [40, 41, 0.9637990680191366], [40, 48, 0.30571070304246484], [41, 42, 0.16449294952029825], [41, 49, 0.7892614029250982], [42, 50, 0.6664064872914223], [43, 44, 0.03555273211098031], [43, 51, 0.1265090164205197], [44, 45, 0.9248190783822451], [44, 52, 0.948495989630229], [45, 53, 0.5988616762088756], [46, 54, 0.7354298603336038], [48, 56, 0.6776183246667021], [49, 50, 0.0939363828560964], [49, 57, 0.4490134057543146], [50, 58, 0.6601644211081821], [51, 52, 0.716621701765399], [52, 60, 0.4904114766737049], [54, 55, 0.1683110752592326], [54, 62, 0.5430121543421581], [15, 23, 0.5523670223309667], [31, 39, 0.5352394395963709], [39, 47, 0.6909484037354261], [57, 58, 0.1250923258011447], [59, 60, 0.8736011599840652], [60, 61, 0.6916767319729936], [61, 62, 0.5372784627669238], [62, 63, 0.9523188313246228]], "oriented": false, "discover": false, "dist": true, "mode": "map"}