{"pos": [[0, 0], [0, 1], [0, 2], [0, 3], [0, 4], [0, 5], [0, 6], [0, 7], [1, 0], [1, 1], [1, 2], [1, 3], [1, 4], [1, 5], [1, 6], [1, 7], [2, 0], [2, 1], [2, 2], [2, 3], [2, 4], [2, 5], [2, 6], [2, 7], [3, 0], [3, 1], [3, 2], [3, 3], [3, 4], [3, 5], [3, 6], [3, 7], [4, 0], [4, 1], [4, 2], [4, 3], [4, 4], [4, 5], [4, 6], [4, 7], [5, 0], [5, 1], [5, 2], [5, 3], [5, 4], [5, 5], [5, 6], [5, 7], [6, 0], [6, 1], [6, 2], [6, 3], [6, 4], [6, 5], [6, 6], [6, 7], [7, 0], [7, 1], [7, 2], [7, 3], [7, 4], [7, 5], [7, 6], [7, 7]], "edges": [[0, 1, 0.4887432874551235], [0, 8, 0.48317094031406105], [1, 2, 0.0027081173491407817], [1, 9, 0.36197228072046184], [2, 3, 0.8215191474438173], [2, 10, 0.25284011337429324], [3, 4, 0.7352609494329683], [3, 11, 0.2655422987410879], [4, 5, 0.9151811875168995], [4, 12, 0.7651006527358096], [5, 6, 0.9858289634260486], [6, 7, 0.2916460443032288], [6, 14, 0.25083642307907517], [8, 9, 0.2819835848887827], [8, 16, 0.013988767483420261], [9, 10, 0.8438096214824969], [10, 18, 0.9149052578291504], [11, 19, 0.9644778904076232], [12, 13, 0.7492899424219802], [12, 20, 0.3922243966511032], [13, 14, 0.13872186674455134], [13, 21, 0.38152497440225175], [14, 15, 0.12363183990697246], [16, 24, 0.5675578558253884], [17, 18, 0.8600619535239957], [17, 25, 0.611842919636496], [18, 26, 0.15895891565647813], [19, 20, 0.9410977667459609], [20, 21, 0.6560983946625292], [21, 22, 0.4866713073342914], [21, 29, 0.9923289662662734], [22, 23, 0.13636152726895112], [22, 30, 0.3538632299111306], [24, 25, 0.5659364217120804], [24, 32, 0.7705807385018344], [25, 26, 0.18826989606604028], [26, 27, 0.6470660234845367], [27, 28, 0.6330144395119868], [27, 35, 0.5444858090104707], [28, 29, 0.9783666382287578], [29, 30, 0.5468984992714762], [29, 37, 0.3683270865243684], [32, 33, 0.13312258199075688], [33, 34, 0.18012525282736647], [33, 41, 0.9096663194361206], [34, 35, 0.05535641178822359], [35, 36, 0.05410730338411107], [35, 43, 0.40752390812753725], [36, 37, 0.4783918199581846], [37, 38, 0.5080899812093189], [37, 45, 0.14562152470971645], [38, 39, 0.493260185002353], [40, 41, 0.9103931279835674], [41, 49, 0.5184990783440092], [42, 43, 0.8452164446222807], [42, 50, 0.5180400203407409], [43, 44, 0.5533291822180653], [43, 51, 0.21968642981364017], [44, 45, 0.2158852106030018], [44, 52, 0.5107681483729181], [45, 53, 0.31147511662558947], [46, 47, 0.8937637723512789], [48, 56, 0.7869422707257158], [49, 50, 0.7994449674345238], [49, 57, 0.5874405529653546], [50, 51, 0.3141509031391193], [50, 58, 0.9483209416054087], [52, 53, 0.8628726414050779], [52, 60, 0.5014743204522517], [53, 54, 0.7264579158459824], [54, 55, 0.09551092922651239], [54, 62, 0.6027340601480695], [23, 31, 0.8686973044700257], [31, 39, 0.7048156481636106], [39, 47, 0.018450260698951393], [47, 55, 0.30569052448387446], [55, 63, 0.6561236122195843], [56, 57, 0.11962661900894622], [58, 59, 0.2996346360091068], [60, 61, 0.6135643063963183], [61, 62, 0.26326241044764187]], "oriented": false, "discover": false, "dist": true, "mode": "map"}