{"pos": [[0, 0], [0, 1], [0, 2], [0, 3], [0, 4], [0, 5], [0, 6], [0, 7], [0, 8], [1, 0], [1, 1], [1, 2], [1, 3], [1, 4], [1, 5], [1, 6], [1, 7], [1, 8], [2, 0], [2, 1], [2, 2], [2, 3], [2, 4], [2, 5], [2, 6], [2, 7], [2, 8], [3, 0], [3, 1], [3, 2], [3, 3], [3, 4], [3, 5], [3, 6], [3, 7], [3, 8], [4, 0], [4, 1], [4, 2], [4, 3], [4, 4], [4, 5], [4, 6], [4, 7], [4, 8], [5, 0], [5, 1], [5, 2], [5, 3], [5, 4], [5, 5], [5, 6], [5, 7], [5, 8], [6, 0], [6, 1], [6, 2], [6, 3], [6, 4], [6, 5], [6, 6], [6, 7], [6, 8], [7, 0], [7, 1], [7, 2], [7, 3], [7, 4], [7, 5], [7, 6], [7, 7], [7, 8], [8, 0], [8, 1], [8, 2], [8, 3], [8, 4], [8, 5], [8, 6], [8, 7], [8, 8]], "edges": [[0, 1, 0.9721353030791069], [1, 2, 0.4969887045700204], [1, 10, 0.13601309872841338], [2, 3, 0.5960015353438572], [2, 11, 0.8709624472348944], [3, 4, 0.6445747764801404], [3, 12, 0.10432664696430372], [4, 5, 0.5532420088580559], [4, 13, 0.6632694478020242], [5, 6, 0.47546398652309974], [6, 7, 0.5156536134660377], [6, 15, 0.5051522284328539], [7, 8, 0.21858175076101938], [9, 10, 0.8260439287065565], [9, 18, 0.7571292178457601], [10, 19, 0.7479375731363528], [11, 12, 0.7320954372980062], [12, 13, 0.34775524263268165], [12, 21, 0.016654288400511197], [13, 14, 0.8291087590978421], [13, 22, 0.9739170209405672], [14, 15, 0.8705048222147337], [14, 23, 0.03580708485718498], [15, 16, 0.19068543373076718], [15, 24, 0.9847822296841856], [16, 25, 0.38528106802078677], [18, 27, 0.9154003623246473], [19, 28, 0.4849243234205193], [20, 21, 0.4717596990595707], [21, 22, 0.11421745512903236], [21, 30, 0.6376493260909389], [22, 31, 0.46443471768642475], [23, 32, 0.35531869683968487], [24, 33, 0.7173763883015032], [25, 26, 0.6016261946255321], [25, 34, 0.8425698323062243], [27, 36, 0.3474831260659813], [28, 29, 0.09549413678562335], [28, 37, 0.2650429147955857], [29, 38, 0.4002195840792073], [30, 31, 0.6208167125924163], [30, 39, 0.9503179231049496], [31, 40, 0.887446931169235], [32, 41, 0.15355831872956593], [33, 34, 0.23660819378510767], [33, 42, 0.22233032061371372], [34, 35, 0.8758536078542213], [36, 37, 0.755008662767647], [36, 45, 0.5003612209352838], [37, 38, 0.3016488523459231], [37, 46, 0.9345297138041919], [38, 39, 0.15102387325741518], [38, 47, 0.7096273613744992], [39, 48, 0.7266897642410979], [40, 41, 0.3533520182460368], [40, 49, 0.17422972189445396], [41, 42, 0.11856507845952313], [41, 50, 0.46553222019921003], [42, 43, 0.02610903415056709], [42, 51, 0.5818217416618715], [43, 52, 0.8752356346650808], [45, 46, 0.02088639263130898], [46, 55, 0.8002968410236966], [47, 48, 0.4703346111255149], [48, 49, 0.6207602750648775], [48, 57, 0.5278568885709658], [49, 50, 0.7132714285981205], [50, 59, 0.9201913689698402], [51, 52, 0.8323526279680352], [51, 60, 0.21216168720838813], [52, 53, 0.30772005704918015], [54, 55, 0.5688763224642945], [54, 63, 0.2752025998630421], [55, 56, 0.9440007113968719], [55, 64, 0.9849679284980869], [56, 65, 0.2837654867598389], [57, 58, 0.014242011883024874], [57, 66, 0.934739735171679], [59, 68, 0.18131420406352694], [60, 61, 0.333141649869906], [60, 69, 0.0391511221252433], [61, 62, 0.42079824987772985], [64, 65, 0.6087455091505445], [64, 73, 0.7089790410401103], [65, 74, 0.9246222804571471], [66, 67, 0.02898064947666157], [66, 75, 0.05963187708867934], [67, 68, 0.5673766183570426], [68, 77, 0.6795665939214454], [69, 70, 0.8358803290374835], [69, 78, 0.11330880339733107], [70, 79, 0.21474416078624414], [8, 17, 0.6367454141100102], [17, 26, 0.4437503686870584], [26, 35, 0.6826093755102042], [35, 44, 0.009812037123840822], [53, 62, 0.30987964656197464], [62, 71, 0.0965557524945937], [71, 80, 0.5281805411887178], [72, 73, 0.9360993692666603], [75, 76, 0.4536176934773605], [76, 77, 0.4582652979040086], [77, 78, 0.4521390023991543], [79, 80, 0.6881545982012084]], "oriented": false, "discover": false, "dist": true, "mode": "map"}