{"pos": [[0, 0], [0, 1], [0, 2], [0, 3], [0, 4], [0, 5], [0, 6], [0, 7], [1, 0], [1, 1], [1, 2], [1, 3], [1, 4], [1, 5], [1, 6], [1, 7], [2, 0], [2, 1], [2, 2], [2, 3], [2, 4], [2, 5], [2, 6], [2, 7], [3, 0], [3, 1], [3, 2], [3, 3], [3, 4], [3, 5], [3, 6], [3, 7], [4, 0], [4, 1], [4, 2], [4, 3], [4, 4], [4, 5], [4, 6], [4, 7], [5, 0], [5, 1], [5, 2], [5, 3], [5, 4], [5, 5], [5, 6], [5, 7], [6, 0], [6, 1], [6, 2], [6, 3], [6, 4], [6, 5], [6, 6], [6, 7], [7, 0], [7, 1], [7, 2], [7, 3], [7, 4], [7, 5], [7, 6], [7, 7]], "edges": [[0, 8, 0.5239350560255124], [1, 2, 0.48768034907503954], [1, 9, 0.9238142083799368], [2, 3, 0.0315731329280623], [3, 11, 0.5362899531998062], [4, 5, 0.15595751035202143], [4, 12, 0.19312894825101112], [5, 6, 0.6301539102413033], [6, 7, 0.3411910489280745], [6, 14, 0.5394606261763786], [8, 9, 0.560760554418138], [8, 16, 0.8432602541362326], [9, 10, 0.46525740180703856], [9, 17, 0.11018017046237316], [10, 11, 0.6879896757369566], [10, 18, 0.4949745064525336], [11, 12, 0.5949160000943099], [11, 19, 0.7293392991623981], [12, 13, 0.455186169345588], [12, 20, 0.8809693522372253], [13, 14, 0.2656550555343167], [13, 21, 0.575103465622412], [14, 22, 0.8442770834184844], [16, 17, 0.6117561177876483], [16, 24, 0.4745561327568476], [17, 18, 0.6053127306323729], [17, 25, 0.4721799125451984], [18, 19, 0.561696412685701], [18, 26, 0.7082213981482487], [19, 27, 0.25380728107857875], [20, 28, 0.2846255886195125], [21, 22, 0.1437773000020378], [21, 29, 0.1285967398377622], [22, 30, 0.37314115109640533], [24, 25, 0.860738852325686], [24, 32, 0.123755807665486], [25, 26, 0.7343354953826134], [25, 33, 0.3830344301479961], [26, 27, 0.916673859453528], [26, 34, 0.08711633163328047], [27, 28, 0.9104323858539991], [27, 35, 0.7102583936660719], [29, 37, 0.7050802122174658], [30, 31, 0.5294537321582566], [30, 38, 0.47113716483946533], [32, 33, 0.9090271545667363], [32, 40, 0.2680519061754175], [33, 41, 0.26262347398594954], [34, 35, 0.6970599419852987], [34, 42, 0.5087314799444328], [35, 36, 0.15735152342896286], [35, 43, 0.2582144627155165], [36, 37, 0.870890370994969], [36, 44, 0.8109931219013298], [40, 48, 0.8170483405664826], [42, 43, 0.10262110884028186], [42, 50, 0.6726527581345011], [43, 51, 0.8548490564473376], [44, 45, 0.6791993945075206], [44, 52, 0.4186002805611776], [45, 46, 0.38215172370178097], [45, 53, 0.056765527877141175], [46, 47, 0.3956804924325962], [49, 50, 0.18753624405997882], [49, 57, 0.2189475591889125], [50, 58, 0.9492750737076918], [51, 52, 0.6972642312854939], [52, 53, 0.810643696773116], [52, 60, 0.5795038206194973], [53, 54, 0.09975497308965475], [54, 55, 0.7541322061547673], [54, 62, 0.04187592900989756], [7, 15, 0.07449974393921233], [15, 23, 0.5123988999898995], [23, 31, 0.0629342686088068], [31, 39, 0.6297430838337523], [39, 47, 0.24940280636705814], [55, 63, 0.6031978668555085], [56, 57, 0.6822714616920061], [58, 59, 0.5959095115176185], [60, 61, 0.42934650724504586]], "oriented": false, "discover": false, "dist": true, "mode": "map"}