{"pos": [[0, 0], [0, 1], [0, 2], [0, 3], [0, 4], [0, 5], [0, 6], [0, 7], [1, 0], [1, 1], [1, 2], [1, 3], [1, 4], [1, 5], [1, 6], [1, 7], [2, 0], [2, 1], [2, 2], [2, 3], [2, 4], [2, 5], [2, 6], [2, 7], [3, 0], [3, 1], [3, 2], [3, 3], [3, 4], [3, 5], [3, 6], [3, 7], [4, 0], [4, 1], [4, 2], [4, 3], [4, 4], [4, 5], [4, 6], [4, 7], [5, 0], [5, 1], [5, 2], [5, 3], [5, 4], [5, 5], [5, 6], [5, 7], [6, 0], [6, 1], [6, 2], [6, 3], [6, 4], [6, 5], [6, 6], [6, 7], [7, 0], [7, 1], [7, 2], [7, 3], [7, 4], [7, 5], [7, 6], [7, 7]], "edges": [[0, 1, 0.46934872624231616], [0, 8, 0.7737779906784852], [1, 2, 0.5204922491602444], [1, 9, 0.08380408497806457], [3, 4, 0.17025668748238787], [3, 11, 0.6408517087593585], [4, 5, 0.011011600544338473], [5, 6, 0.07366514512003708], [6, 7, 0.25090048699677125], [8, 9, 0.6124177457376595], [8, 16, 0.45959913868517943], [9, 10, 0.038054319076406995], [9, 17, 0.002271337079663538], [10, 11, 0.056688744383895484], [10, 18, 0.6467076442119131], [11, 12, 0.5506905171558891], [11, 19, 0.22774645945963934], [12, 13, 0.15625785384261381], [12, 20, 0.4503889174507756], [13, 14, 0.20186435835332273], [13, 21, 0.929368678907524], [14, 15, 0.16786114484105352], [16, 17, 0.4410558529904457], [16, 24, 0.027585662348344586], [17, 18, 0.3046462133807535], [17, 25, 0.9251144377366313], [18, 26, 0.3517682182121097], [19, 27, 0.06806260893943272], [20, 21, 0.43183152823600424], [20, 28, 0.4808443905519181], [21, 22, 0.9361249743436194], [21, 29, 0.6723447904825035], [22, 23, 0.6371375346476763], [22, 30, 0.17002014211294325], [24, 32, 0.150081625045265], [25, 26, 0.5978856563010317], [25, 33, 0.7881316094623668], [26, 27, 0.6254487444301299], [26, 34, 0.9332503745593406], [27, 28, 0.6758233230213693], [27, 35, 0.611970850575638], [28, 36, 0.8949863734165334], [29, 30, 0.06069526692004468], [29, 37, 0.11964388164551132], [30, 31, 0.7126145917648797], [30, 38, 0.5964928620307887], [32, 33, 0.006490254278636587], [32, 40, 0.2169075048498077], [33, 41, 0.9563057300259981], [34, 42, 0.8904313215037298], [35, 36, 0.9681778541865816], [35, 43, 0.3665707140181287], [37, 38, 0.33047630170003406], [37, 45, 0.656875797461448], [38, 46, 0.8110418069071139], [40, 41, 0.34160544782651103], [40, 48, 0.9131573503249026], [41, 42, 0.9033968448135321], [41, 49, 0.22847118700329594], [42, 50, 0.5919897625262233], [43, 44, 0.8006844346982285], [44, 45, 0.10929164751490217], [46, 47, 0.23490163786536233], [46, 54, 0.22647698392875193], [48, 49, 0.47407405894911947], [49, 57, 0.14519708366504003], [50, 51, 0.393596761369266], [51, 52, 0.6192214996718436], [52, 53, 0.6102747208678645], [52, 60, 0.884507923810973], [54, 55, 0.04846410276295865], [54, 62, 0.10991490049569907], [23, 31, 0.09975393668660226], [31, 39, 0.4836273882787676], [47, 55, 0.8446879314698889], [55, 63, 0.4163341255407025], [56, 57, 0.8972857187539038], [57, 58, 0.029429239065897672], [58, 59, 0.759497105257543], [59, 60, 0.46977197226363254], [60, 61, 0.38220916731769006]], "oriented": false, "discover": false, "dist": true, "mode": "map"}