{"pos": [[0, 0], [0, 1], [0, 2], [0, 3], [0, 4], [0, 5], [0, 6], [0, 7], [1, 0], [1, 1], [1, 2], [1, 3], [1, 4], [1, 5], [1, 6], [1, 7], [2, 0], [2, 1], [2, 2], [2, 3], [2, 4], [2, 5], [2, 6], [2, 7], [3, 0], [3, 1], [3, 2], [3, 3], [3, 4], [3, 5], [3, 6], [3, 7], [4, 0], [4, 1], [4, 2], [4, 3], [4, 4], [4, 5], [4, 6], [4, 7], [5, 0], [5, 1], [5, 2], [5, 3], [5, 4], [5, 5], [5, 6], [5, 7], [6, 0], [6, 1], [6, 2], [6, 3], [6, 4], [6, 5], [6, 6], [6, 7], [7, 0], [7, 1], [7, 2], [7, 3], [7, 4], [7, 5], [7, 6], [7, 7]], "edges": [[0, 1, 0.5177069069508029], [0, 8, 0.08473120149158797], [1, 2, 0.06400023360793727], [1, 9, 0.19482159945630595], [2, 3, 0.9249778942626717], [3, 4, 0.9476351130947], [3, 11, 0.22784956502210973], [4, 5, 0.4642435802471777], [4, 12, 0.0004951025024787503], [5, 6, 0.40341229663181755], [5, 13, 0.6637034840858024], [6, 7, 0.6505333206187307], [8, 16, 0.33519753790347173], [9, 10, 0.1755395015780259], [9, 17, 0.3403055295895471], [10, 18, 0.3496567983127067], [11, 12, 0.5986498191966949], [11, 19, 0.6051139588342214], [12, 20, 0.20577936465721225], [13, 14, 0.37222098663075165], [13, 21, 0.46015421428270964], [14, 15, 0.13919407269859307], [14, 22, 0.43462829556509974], [17, 25, 0.5458701276312429], [18, 19, 0.22676594485367185], [18, 26, 0.5217089189141391], [19, 27, 0.4426609149193289], [20, 28, 0.08365574546163834], [21, 22, 0.23794136366550656], [21, 29, 0.46939410697214257], [24, 25, 0.8279982908771958], [24, 32, 0.20565224905551038], [25, 26, 0.9106779679922256], [25, 33, 0.9075565580549267], [26, 27, 0.34878125457124365], [26, 34, 0.29831805658952926], [28, 36, 0.32065832630261626], [29, 30, 0.6309292829871783], [30, 31, 0.9321047626156072], [30, 38, 0.130556357256439], [32, 33, 0.2835755473104572], [32, 40, 0.6677647074503077], [33, 41, 0.9621461219686464], [34, 35, 0.20742604120968977], [36, 37, 0.312685812234067], [36, 44, 0.761654766801497], [37, 45, 0.652091219314939], [38, 39, 0.9437149375421624], [38, 46, 0.9584228400115148], [40, 41, 0.8859388233580686], [40, 48, 0.4727634461795984], [41, 42, 0.10028382465082575], [41, 49, 0.1431422019139853], [42, 50, 0.33789552730393835], [43, 44, 0.583590685571604], [43, 51, 0.0887294673229766], [44, 45, 0.7760966523357947], [44, 52, 0.1670468151317429], [46, 47, 0.7753962007442661], [46, 54, 0.29327956774307384], [49, 50, 0.6080788498152464], [49, 57, 0.03953778746443548], [50, 51, 0.3188706381558474], [50, 58, 0.262472233737727], [52, 53, 0.33268718691465116], [52, 60, 0.6767451352606376], [53, 54, 0.40671643881159736], [53, 61, 0.81059061457815], [54, 55, 0.6026226775467146], [54, 62, 0.671374636263111], [7, 15, 0.8748448650459094], [15, 23, 0.2472428448067049], [23, 31, 0.7005662116948729], [31, 39, 0.9982379224467679], [47, 55, 0.2751239036178288], [55, 63, 0.2003538803678614], [56, 57, 0.12872746263754797], [57, 58, 0.6489116392826103], [59, 60, 0.15642158067578915], [61, 62, 0.7597465977646536], [62, 63, 0.8060934615335326]], "oriented": false, "discover": false, "dist": true, "mode": "map"}