{"pos": [[0, 0], [0, 1], [0, 2], [0, 3], [0, 4], [0, 5], [0, 6], [0, 7], [0, 8], [1, 0], [1, 1], [1, 2], [1, 3], [1, 4], [1, 5], [1, 6], [1, 7], [1, 8], [2, 0], [2, 1], [2, 2], [2, 3], [2, 4], [2, 5], [2, 6], [2, 7], [2, 8], [3, 0], [3, 1], [3, 2], [3, 3], [3, 4], [3, 5], [3, 6], [3, 7], [3, 8], [4, 0], [4, 1], [4, 2], [4, 3], [4, 4], [4, 5], [4, 6], [4, 7], [4, 8], [5, 0], [5, 1], [5, 2], [5, 3], [5, 4], [5, 5], [5, 6], [5, 7], [5, 8], [6, 0], [6, 1], [6, 2], [6, 3], [6, 4], [6, 5], [6, 6], [6, 7], [6, 8], [7, 0], [7, 1], [7, 2], [7, 3], [7, 4], [7, 5], [7, 6], [7, 7], [7, 8], [8, 0], [8, 1], [8, 2], [8, 3], [8, 4], [8, 5], [8, 6], [8, 7], [8, 8]], "edges": [[0, 1, 0.6882836617260425], [0, 9, 0.7107629295944073], [2, 3, 0.3623368859356827], [2, 11, 0.0826263269449431], [3, 4, 0.6345183830674421], [3, 12, 0.3549296647289396], [4, 13, 0.9772316560624708], [5, 14, 0.11513277911504727], [6, 7, 0.509069996883102], [6, 15, 0.30853367338903637], [7, 8, 0.1447621197145338], [7, 16, 0.16914353644551827], [9, 10, 0.29448970507116423], [9, 18, 0.48110832297306105], [10, 11, 0.5309406714897276], [11, 12, 0.4793966295284554], [11, 20, 0.5028906621613495], [12, 13, 0.3776734034318172], [12, 21, 0.8979656401219898], [13, 14, 0.06882159200253934], [13, 22, 0.9489711014205456], [14, 15, 0.767429428669173], [14, 23, 0.991357466341696], [15, 16, 0.06025789369018808], [18, 19, 0.6267446604015371], [18, 27, 0.6879066649421239], [19, 20, 0.8164774447538445], [19, 28, 0.02008652255907628], [22, 23, 0.15740443597357257], [22, 31, 0.711521710880154], [23, 24, 0.6744171684665204], [23, 32, 0.1416920028936577], [24, 25, 0.9956214519121975], [24, 33, 0.4096249053066441], [25, 34, 0.7743234435595724], [27, 28, 0.5718124279959971], [27, 36, 0.595847097700079], [28, 29, 0.08914946081143749], [29, 30, 0.12955319429032863], [30, 39, 0.5544487267997923], [31, 40, 0.6355101752908511], [32, 41, 0.9061882706540377], [33, 34, 0.879307657811126], [34, 35, 0.6196560663081679], [34, 43, 0.5287504951799745], [36, 37, 0.5636764650067798], [36, 45, 0.799224815015664], [37, 38, 0.7297464307511253], [37, 46, 0.6488963762974086], [38, 39, 0.6632731819454992], [38, 47, 0.9700422190646947], [40, 49, 0.27382641131328067], [41, 42, 0.8167166821160654], [41, 50, 0.9006860916477613], [42, 51, 0.7619144360877658], [43, 44, 0.8229821259275395], [43, 52, 0.5888410655300704], [45, 54, 0.34625366603348806], [46, 47, 0.5505462214674286], [46, 55, 0.5803578765060329], [47, 48, 0.8402206742949943], [47, 56, 0.37738225982582596], [48, 49, 0.5175666667149941], [48, 57, 0.18433830399938333], [49, 58, 0.4146266183054298], [50, 51, 0.547007946092736], [51, 52, 0.5789036057274969], [52, 53, 0.8933256016056649], [54, 55, 0.3071966004853435], [54, 63, 0.5277309459301189], [55, 56, 0.060325625241113845], [55, 64, 0.6092703500758505], [56, 57, 0.3201100301138726], [57, 58, 0.1059961711095474], [57, 66, 0.7201657906062686], [58, 59, 0.9057344437714312], [59, 60, 0.048782118228386406], [59, 68, 0.9098536933189388], [60, 61, 0.23488582153496163], [60, 69, 0.13860733770793254], [61, 62, 0.7659509862535234], [61, 70, 0.35930598807132696], [63, 64, 0.20352205210978913], [63, 72, 0.8514721431125434], [64, 65, 0.5399505234773833], [65, 66, 0.6387592178556658], [65, 74, 0.532113624347469], [66, 67, 0.5513314173618881], [66, 75, 0.26036403974889055], [67, 68, 0.49314050900483575], [67, 76, 0.3323285147074473], [68, 69, 0.9283630153089892], [70, 71, 0.6333747003696225], [70, 79, 0.3995701555224467], [8, 17, 0.7910821756589019], [17, 26, 0.8497877676560023], [44, 53, 0.11853608886732925], [53, 62, 0.7008357681116942], [62, 71, 0.850672937182922], [72, 73, 0.28399383943536916], [75, 76, 0.9284094655633937], [76, 77, 0.6766473107182756], [77, 78, 0.9771433187870076], [79, 80, 0.13223061101060607]], "oriented": false, "discover": false, "dist": true, "mode": "map"}