{"pos": [[0, 0], [0, 1], [0, 2], [0, 3], [0, 4], [0, 5], [0, 6], [0, 7], [1, 0], [1, 1], [1, 2], [1, 3], [1, 4], [1, 5], [1, 6], [1, 7], [2, 0], [2, 1], [2, 2], [2, 3], [2, 4], [2, 5], [2, 6], [2, 7], [3, 0], [3, 1], [3, 2], [3, 3], [3, 4], [3, 5], [3, 6], [3, 7], [4, 0], [4, 1], [4, 2], [4, 3], [4, 4], [4, 5], [4, 6], [4, 7], [5, 0], [5, 1], [5, 2], [5, 3], [5, 4], [5, 5], [5, 6], [5, 7], [6, 0], [6, 1], [6, 2], [6, 3], [6, 4], [6, 5], [6, 6], [6, 7], [7, 0], [7, 1], [7, 2], [7, 3], [7, 4], [7, 5], [7, 6], [7, 7]], "edges": [[0, 8, 0.7811754352853701], [1, 9, 0.7420035389202634], [2, 10, 0.2294228669868945], [3, 11, 0.271363583324188], [4, 5, 0.25896624779139854], [5, 6, 0.5090047549621152], [5, 13, 0.3140425930567391], [6, 7, 0.2666040138642233], [8, 9, 0.9385939330617181], [8, 16, 0.8867950337326186], [9, 10, 0.11765076488013948], [9, 17, 0.47998135891281324], [10, 11, 0.17647307828113878], [10, 18, 0.6741566992031593], [11, 12, 0.5358895892073751], [11, 19, 0.21966018525882525], [13, 14, 0.9287297865983765], [13, 21, 0.23243401998794644], [14, 15, 0.4437475065173814], [14, 22, 0.6855382310092144], [16, 17, 0.05097773130625949], [17, 18, 0.7570208032048836], [17, 25, 0.540589522016991], [18, 19, 0.18270010210420473], [18, 26, 0.759706033743893], [19, 20, 0.4509060594686545], [19, 27, 0.45502157537332133], [21, 29, 0.6296963435785787], [22, 30, 0.7805760992904313], [24, 25, 0.941969631004303], [24, 32, 0.24255633275429433], [25, 26, 0.16578955991369715], [25, 33, 0.2369718357782351], [26, 27, 0.3764147017586863], [26, 34, 0.6555708531438966], [27, 28, 0.6378237261522385], [27, 35, 0.2688867973769663], [28, 29, 0.38362702147114314], [28, 36, 0.9979060102518665], [29, 30, 0.6520879610636947], [29, 37, 0.9560281449441845], [30, 31, 0.39899118822932245], [30, 38, 0.2884260544834448], [32, 33, 0.3591709334166585], [33, 41, 0.8479105051465708], [34, 35, 0.8626084807307826], [34, 42, 0.8302063385454763], [35, 36, 0.15593615677225425], [36, 37, 0.2721508774447774], [36, 44, 0.3793864158640734], [37, 45, 0.06316356245680477], [40, 41, 0.03255897232318594], [40, 48, 0.34953735676151454], [41, 49, 0.47659352037616165], [42, 43, 0.3641116508624809], [42, 50, 0.6028953694034287], [43, 44, 0.2546009589933823], [44, 52, 0.7575231405074464], [45, 46, 0.7766438954426247], [45, 53, 0.6126866235260771], [48, 49, 0.9483620854802975], [49, 50, 0.7136195099686765], [49, 57, 0.2528006699823637], [50, 51, 0.5566281626763805], [50, 58, 0.6590713529978389], [51, 52, 0.3577514998500556], [53, 54, 0.3375525184374928], [53, 61, 0.6328695059358463], [54, 62, 0.33524279929616563], [15, 23, 0.2509357364326045], [23, 31, 0.5560266103297203], [31, 39, 0.5373080429408179], [39, 47, 0.6311048811278748], [47, 55, 0.5722697185505705], [56, 57, 0.6996287599488519], [58, 59, 0.5017104996211877], [59, 60, 0.9941572389851391], [60, 61, 0.564685969450489], [61, 62, 0.15988345982779062], [62, 63, 0.6214111721746411]], "oriented": false, "discover": false, "dist": true, "mode": "map"}