{"pos": [[0, 0], [0, 1], [0, 2], [0, 3], [0, 4], [0, 5], [0, 6], [0, 7], [1, 0], [1, 1], [1, 2], [1, 3], [1, 4], [1, 5], [1, 6], [1, 7], [2, 0], [2, 1], [2, 2], [2, 3], [2, 4], [2, 5], [2, 6], [2, 7], [3, 0], [3, 1], [3, 2], [3, 3], [3, 4], [3, 5], [3, 6], [3, 7], [4, 0], [4, 1], [4, 2], [4, 3], [4, 4], [4, 5], [4, 6], [4, 7], [5, 0], [5, 1], [5, 2], [5, 3], [5, 4], [5, 5], [5, 6], [5, 7], [6, 0], [6, 1], [6, 2], [6, 3], [6, 4], [6, 5], [6, 6], [6, 7], [7, 0], [7, 1], [7, 2], [7, 3], [7, 4], [7, 5], [7, 6], [7, 7]], "edges": [[0, 1, 0.9221614451717121], [0, 8, 0.07848045448566099], [1, 2, 0.978108178766442], [1, 9, 0.5131396448323323], [2, 3, 0.6932289093539626], [2, 10, 0.873118444125646], [3, 4, 0.04527378751475142], [3, 11, 0.10250216380144983], [4, 5, 0.6444116157517694], [4, 12, 0.29438626282734925], [5, 6, 0.741948610857983], [5, 13, 0.19759233302442403], [6, 7, 0.2881997694952002], [8, 16, 0.9892154304769891], [10, 11, 0.9553042036209933], [10, 18, 0.6644647909783639], [11, 12, 0.47063810856938504], [11, 19, 0.38886792797371195], [12, 13, 0.6247457624293982], [12, 20, 0.9611002897486451], [13, 14, 0.3053992305377907], [13, 21, 0.03848284292517823], [14, 22, 0.6470690229005085], [16, 17, 0.7590067545602505], [16, 24, 0.2973751648283579], [17, 18, 0.7716954381966762], [17, 25, 0.726643120149108], [18, 19, 0.30784958354183245], [18, 26, 0.1690757676503054], [19, 20, 0.5365053942138199], [20, 21, 0.8829231890503608], [20, 28, 0.002017382181449312], [21, 22, 0.7906698385030828], [21, 29, 0.3762932450842651], [22, 23, 0.2653762891522431], [22, 30, 0.917741048385556], [24, 25, 0.9669300821227075], [24, 32, 0.057655735974492583], [26, 27, 0.12688710494070388], [26, 34, 0.6796246695411231], [27, 35, 0.4026009328467345], [28, 29, 0.038886915188484306], [28, 36, 0.013439068910696905], [29, 37, 0.1828468207083278], [32, 33, 0.46325733589914075], [32, 40, 0.6062514561840113], [34, 35, 0.3939601864722003], [34, 42, 0.6909853665874417], [35, 43, 0.759201629436278], [37, 38, 0.8758611253188617], [37, 45, 0.21472108728846384], [38, 46, 0.9190974393338331], [40, 41, 0.6039143362942229], [40, 48, 0.4614488184320551], [41, 42, 0.959759073633599], [42, 43, 0.2680916101660389], [43, 44, 0.03624224235066975], [44, 45, 0.3817739849790287], [45, 46, 0.6459697295078265], [45, 53, 0.9188905688824458], [46, 54, 0.5497314609684707], [48, 49, 0.30115199456400954], [48, 56, 0.7888724299003564], [49, 50, 0.6051184493703312], [49, 57, 0.8725986116042019], [50, 51, 0.7004451723664356], [50, 58, 0.33993605321134657], [51, 52, 0.42186879979874203], [53, 61, 0.2511449232951304], [54, 55, 0.5263712308220414], [7, 15, 0.17006955219703535], [15, 23, 0.21065313283096299], [23, 31, 0.17327979678250538], [31, 39, 0.632810543488439], [39, 47, 0.18019535603396963], [47, 55, 0.3821573922042525], [55, 63, 0.13011449254233298], [58, 59, 0.911408870332343], [59, 60, 0.44038964971202044], [61, 62, 0.8696092643504401], [62, 63, 0.4759916327004431]], "oriented": false, "discover": false, "dist": true, "mode": "map"}