{"pos": [[0, 0], [0, 1], [0, 2], [0, 3], [0, 4], [0, 5], [0, 6], [0, 7], [1, 0], [1, 1], [1, 2], [1, 3], [1, 4], [1, 5], [1, 6], [1, 7], [2, 0], [2, 1], [2, 2], [2, 3], [2, 4], [2, 5], [2, 6], [2, 7], [3, 0], [3, 1], [3, 2], [3, 3], [3, 4], [3, 5], [3, 6], [3, 7], [4, 0], [4, 1], [4, 2], [4, 3], [4, 4], [4, 5], [4, 6], [4, 7], [5, 0], [5, 1], [5, 2], [5, 3], [5, 4], [5, 5], [5, 6], [5, 7], [6, 0], [6, 1], [6, 2], [6, 3], [6, 4], [6, 5], [6, 6], [6, 7], [7, 0], [7, 1], [7, 2], [7, 3], [7, 4], [7, 5], [7, 6], [7, 7]], "edges": [[0, 8, 0.8674283938631279], [1, 2, 0.4519440125747227], [1, 9, 0.19111317318290633], [2, 3, 0.197877322049268], [3, 4, 0.25318175385743547], [3, 11, 0.3970417150877187], [5, 6, 0.5419903195199558], [5, 13, 0.8100532135584909], [6, 7, 0.4446518707761784], [6, 14, 0.34958051092785425], [8, 9, 0.8205276884666578], [8, 16, 0.4829598373467766], [9, 10, 0.01778502457539055], [9, 17, 0.717855888255332], [10, 11, 0.6799596950475892], [10, 18, 0.9687790720675125], [11, 12, 0.33402578076415557], [11, 19, 0.7248096651247665], [14, 22, 0.10310992631217952], [17, 18, 0.7324952827793346], [17, 25, 0.8201001552330466], [18, 26, 0.38235335425063466], [19, 20, 0.44050091915358525], [19, 27, 0.7436650239166155], [20, 21, 0.4987469852130033], [20, 28, 0.49100932152239685], [21, 22, 0.6184728898548654], [21, 29, 0.45386697578217217], [22, 23, 0.6190021363997035], [22, 30, 0.7130734497995374], [24, 25, 0.5223245594244139], [24, 32, 0.5080523356219969], [25, 26, 0.15263172876782582], [25, 33, 0.9044741760675541], [26, 34, 0.642067778124908], [27, 28, 0.34822474966434647], [28, 36, 0.2654450163420474], [29, 37, 0.2827201222070074], [30, 38, 0.7403367923688103], [33, 41, 0.6811476223337782], [34, 35, 0.3147129040993848], [35, 43, 0.5419468818429789], [37, 38, 0.4722427895160227], [37, 45, 0.24503777314894704], [38, 39, 0.9165349491991432], [38, 46, 0.8004501656488414], [40, 41, 0.606873441802265], [40, 48, 0.6987070574645639], [41, 42, 0.4053075672016656], [41, 49, 0.8668023618792846], [42, 43, 0.49450350286556144], [42, 50, 0.40400344702279767], [43, 44, 0.8042836872565103], [43, 51, 0.18276604011156838], [44, 45, 0.2590776587255462], [44, 52, 0.019430997602877476], [45, 46, 0.5912401157797654], [45, 53, 0.5580782258992929], [46, 47, 0.08675564245969247], [46, 54, 0.6635927303302923], [49, 50, 0.9714954016546209], [49, 57, 0.3664513811998019], [50, 51, 0.7337237072194658], [50, 58, 0.6986530061305917], [51, 52, 0.8322250837491771], [52, 60, 0.814467955896955], [53, 54, 0.06737603547394766], [53, 61, 0.7367307618080663], [54, 55, 0.5401042518765619], [54, 62, 0.5373763540809787], [7, 15, 0.006697627501555226], [15, 23, 0.5529956672942993], [23, 31, 0.4549645518809946], [47, 55, 0.7010473309220809], [55, 63, 0.5374905550286492], [56, 57, 0.625769737401227], [57, 58, 0.8070174270954051], [58, 59, 0.42642509777937854], [60, 61, 0.3785367912116988], [62, 63, 0.2833194134140027]], "oriented": false, "discover": false, "dist": true, "mode": "map"}