{"pos": [[0, 0], [0, 1], [0, 2], [0, 3], [0, 4], [0, 5], [0, 6], [0, 7], [1, 0], [1, 1], [1, 2], [1, 3], [1, 4], [1, 5], [1, 6], [1, 7], [2, 0], [2, 1], [2, 2], [2, 3], [2, 4], [2, 5], [2, 6], [2, 7], [3, 0], [3, 1], [3, 2], [3, 3], [3, 4], [3, 5], [3, 6], [3, 7], [4, 0], [4, 1], [4, 2], [4, 3], [4, 4], [4, 5], [4, 6], [4, 7], [5, 0], [5, 1], [5, 2], [5, 3], [5, 4], [5, 5], [5, 6], [5, 7], [6, 0], [6, 1], [6, 2], [6, 3], [6, 4], [6, 5], [6, 6], [6, 7], [7, 0], [7, 1], [7, 2], [7, 3], [7, 4], [7, 5], [7, 6], [7, 7]], "edges": [[0, 1, 0.7318385156610753], [0, 8, 0.830276348278378], [1, 2, 0.20646798464788918], [1, 9, 0.6489136969191266], [2, 3, 0.12387438280047991], [2, 10, 0.9570507095756514], [3, 4, 0.21492379432280717], [3, 11, 0.149376263106887], [4, 5, 0.343695472464543], [4, 12, 0.9670424966448781], [5, 6, 0.8436230240767468], [5, 13, 0.9161299812277554], [6, 7, 0.7516799586337849], [8, 16, 0.39251140760905645], [9, 10, 0.1447865174248315], [9, 17, 0.613000218743091], [10, 11, 0.7783344417686998], [10, 18, 0.6480040839127772], [11, 12, 0.053397744165620376], [11, 19, 0.8351851629481515], [12, 13, 0.6506788059213876], [13, 14, 0.09436060629536669], [13, 21, 0.5386624889571833], [14, 22, 0.25631169785041963], [16, 17, 0.9693563127311412], [16, 24, 0.6907699449823509], [17, 18, 0.9577600219562504], [17, 25, 0.21753076929456272], [18, 19, 0.9954792962861351], [18, 26, 0.12696462199961067], [19, 20, 0.12111647306099793], [19, 27, 0.6922179549746215], [21, 29, 0.5314283148845798], [22, 23, 0.8562575615068092], [22, 30, 0.5088956301294602], [24, 25, 0.2719293769469794], [24, 32, 0.00619594812042723], [25, 33, 0.9710578596183054], [26, 27, 0.22137284591521322], [26, 34, 0.364113728667663], [27, 28, 0.29227741802045537], [27, 35, 0.23830845486952246], [28, 36, 0.4724357085440507], [29, 37, 0.3432069313434488], [30, 38, 0.27412344974839753], [32, 40, 0.5284431999645642], [33, 34, 0.6532573003851312], [34, 35, 0.8416283579210282], [34, 42, 0.15989760366449057], [35, 43, 0.812752000549169], [36, 37, 0.7142651877545583], [37, 38, 0.4507464539947039], [37, 45, 0.8323293166331485], [38, 39, 0.7547126220889555], [38, 46, 0.09797576452632661], [40, 48, 0.4030010691719048], [41, 42, 0.021475587046996036], [41, 49, 0.7154489645972623], [42, 50, 0.3807473614735125], [43, 44, 0.09978676440050016], [44, 45, 0.07958585303634902], [45, 53, 0.3871164937422952], [46, 47, 0.3158321950612213], [46, 54, 0.04958739462665851], [48, 56, 0.3808718233840429], [49, 50, 0.2352605850169437], [49, 57, 0.6813000632770532], [50, 51, 0.5197864580252858], [50, 58, 0.7800102500150924], [51, 59, 0.22892513537885184], [52, 53, 0.5782837052806555], [52, 60, 0.11480001427641362], [53, 54, 0.9939979477012405], [53, 61, 0.7866808419679704], [54, 55, 0.2948294009367314], [7, 15, 0.7008657652254666], [15, 23, 0.9797262308050068], [23, 31, 0.9765683133063188], [55, 63, 0.26516401592090855], [59, 60, 0.21789971837619904], [61, 62, 0.5392841760638478]], "oriented": false, "discover": false, "dist": true, "mode": "map"}