{"pos": [[0, 0], [0, 1], [0, 2], [0, 3], [0, 4], [0, 5], [0, 6], [0, 7], [0, 8], [1, 0], [1, 1], [1, 2], [1, 3], [1, 4], [1, 5], [1, 6], [1, 7], [1, 8], [2, 0], [2, 1], [2, 2], [2, 3], [2, 4], [2, 5], [2, 6], [2, 7], [2, 8], [3, 0], [3, 1], [3, 2], [3, 3], [3, 4], [3, 5], [3, 6], [3, 7], [3, 8], [4, 0], [4, 1], [4, 2], [4, 3], [4, 4], [4, 5], [4, 6], [4, 7], [4, 8], [5, 0], [5, 1], [5, 2], [5, 3], [5, 4], [5, 5], [5, 6], [5, 7], [5, 8], [6, 0], [6, 1], [6, 2], [6, 3], [6, 4], [6, 5], [6, 6], [6, 7], [6, 8], [7, 0], [7, 1], [7, 2], [7, 3], [7, 4], [7, 5], [7, 6], [7, 7], [7, 8], [8, 0], [8, 1], [8, 2], [8, 3], [8, 4], [8, 5], [8, 6], [8, 7], [8, 8]], "edges": [[0, 1, 0.5541053720021464], [0, 9, 0.21285872660555816], [1, 2, 0.45034295719098294], [1, 10, 0.11697154634609286], [2, 3, 0.13324906865471797], [2, 11, 0.9545267836159836], [3, 4, 0.14891304852797127], [3, 12, 0.8981185896479271], [4, 5, 0.8632092944871229], [5, 6, 0.056680630091242135], [6, 7, 0.06796450579232027], [6, 15, 0.00010092658210913985], [7, 8, 0.5109933339499574], [7, 16, 0.20222536971540073], [9, 10, 0.9510416431321841], [9, 18, 0.008273041297919947], [10, 11, 0.6596430382857468], [10, 19, 0.18253223609539304], [12, 13, 0.6266001003589419], [12, 21, 0.3883473113354454], [13, 14, 0.5399625820598782], [13, 22, 0.6107796622183359], [14, 15, 0.14241883390346521], [14, 23, 0.41022579644616874], [15, 24, 0.1100609563796382], [16, 17, 0.8023833577981158], [18, 19, 0.24294640665208211], [18, 27, 0.490270378156506], [19, 28, 0.405088691794912], [20, 21, 0.3413411288940428], [20, 29, 0.18317466044997366], [21, 30, 0.6987577456471931], [22, 23, 0.645021220186051], [22, 31, 0.9388751352067861], [24, 25, 0.9857395604459822], [24, 33, 0.03761491018151708], [25, 26, 0.8111775040686711], [25, 34, 0.5666246705445037], [27, 28, 0.12557845821779334], [27, 36, 0.36381995173556136], [28, 29, 0.6170273975420227], [28, 37, 0.8253502432939274], [30, 39, 0.5409836559714749], [31, 32, 0.817435778801259], [32, 41, 0.1962559116196907], [33, 34, 0.4717799635370665], [33, 42, 0.636780414622365], [34, 43, 0.7824294324152479], [36, 45, 0.076429396116803], [37, 38, 0.5041203136940087], [37, 46, 0.9379671850781801], [38, 47, 0.07333175447259621], [39, 40, 0.9357142215598734], [41, 50, 0.23797662161340094], [42, 51, 0.4954142872192384], [43, 44, 0.6731706500903658], [43, 52, 0.05762573272059368], [45, 46, 0.37351198436961763], [46, 47, 0.14438589237986654], [46, 55, 0.3050459751866744], [47, 48, 0.5264671825789207], [47, 56, 0.16125438445181228], [48, 49, 0.5196265751047345], [48, 57, 0.7653452509318834], [49, 50, 0.979381802333834], [50, 51, 0.3233266694757989], [50, 59, 0.033179972200730656], [51, 60, 0.09020029162593424], [52, 53, 0.32232158440912895], [54, 55, 0.8865507149815003], [54, 63, 0.9489038924681881], [55, 56, 0.8388294168021578], [55, 64, 0.23764124290722888], [56, 57, 0.01052952945497898], [56, 65, 0.12913483530289627], [57, 58, 0.0862536453097329], [58, 59, 0.5780995668771167], [58, 67, 0.902203563915596], [59, 60, 0.7120518584105446], [60, 61, 0.294172778161897], [60, 69, 0.0771596649466556], [61, 62, 0.10202832443490395], [61, 70, 0.2835004471586309], [63, 64, 0.4450429716985631], [63, 72, 0.14138663887833047], [64, 73, 0.2647241701137121], [65, 66, 0.9796651785978604], [65, 74, 0.7764914427239719], [66, 67, 0.3583643827002351], [67, 68, 0.14041357633383333], [67, 76, 0.9418380562295342], [68, 69, 0.5356576997022298], [69, 78, 0.3252887692005444], [70, 71, 0.09573685436682045], [70, 79, 0.533863839009614], [8, 17, 0.2864732239825707], [17, 26, 0.3181638428841309], [26, 35, 0.5407573892801575], [44, 53, 0.8194425353495669], [71, 80, 0.40805178786746266], [73, 74, 0.32356223952657215], [74, 75, 0.8282198160013007], [76, 77, 0.7637680474236964], [78, 79, 0.5632589551657833]], "oriented": false, "discover": false, "dist": true, "mode": "map"}