{"pos": [[0, 0], [0, 1], [0, 2], [0, 3], [0, 4], [0, 5], [0, 6], [0, 7], [0, 8], [1, 0], [1, 1], [1, 2], [1, 3], [1, 4], [1, 5], [1, 6], [1, 7], [1, 8], [2, 0], [2, 1], [2, 2], [2, 3], [2, 4], [2, 5], [2, 6], [2, 7], [2, 8], [3, 0], [3, 1], [3, 2], [3, 3], [3, 4], [3, 5], [3, 6], [3, 7], [3, 8], [4, 0], [4, 1], [4, 2], [4, 3], [4, 4], [4, 5], [4, 6], [4, 7], [4, 8], [5, 0], [5, 1], [5, 2], [5, 3], [5, 4], [5, 5], [5, 6], [5, 7], [5, 8], [6, 0], [6, 1], [6, 2], [6, 3], [6, 4], [6, 5], [6, 6], [6, 7], [6, 8], [7, 0], [7, 1], [7, 2], [7, 3], [7, 4], [7, 5], [7, 6], [7, 7], [7, 8], [8, 0], [8, 1], [8, 2], [8, 3], [8, 4], [8, 5], [8, 6], [8, 7], [8, 8]], "edges": [[0, 1, 0.16407135351849778], [1, 2, 0.4790456676214272], [1, 10, 0.8743997158897369], [2, 3, 0.7678165465932805], [3, 4, 0.6586427190629681], [4, 5, 0.8673186410298525], [5, 6, 0.6661918538767172], [5, 14, 0.036304495080180854], [6, 7, 0.9467885423623806], [6, 15, 0.7158008771641252], [7, 8, 0.7555020744062722], [7, 16, 0.43816146074318973], [9, 10, 0.7634754432901131], [10, 11, 0.3392486015397702], [10, 19, 0.7449500599501424], [11, 12, 0.4064449636200026], [11, 20, 0.16153553185087433], [12, 13, 0.6253439225741723], [12, 21, 0.7846429609547949], [13, 22, 0.666296993418781], [14, 15, 0.9692209036167576], [14, 23, 0.9583897271593548], [15, 16, 0.6273976960249549], [15, 24, 0.7549561469729762], [16, 25, 0.10198359235343668], [18, 19, 0.8772612224434324], [18, 27, 0.40285234833881156], [20, 29, 0.7162793463009627], [21, 22, 0.10928682288015845], [21, 30, 0.17604065590837226], [23, 24, 0.4374968875964268], [23, 32, 0.6523526272372232], [24, 25, 0.43455179836556135], [24, 33, 0.9812842642690578], [25, 26, 0.11543274871033049], [25, 34, 0.7675054904218147], [27, 28, 0.046822806099963366], [27, 36, 0.2934842192975555], [28, 29, 0.998725222466133], [29, 38, 0.45802547527406445], [30, 31, 0.1612287172414184], [30, 39, 0.11554678524566941], [31, 40, 0.9685445982529125], [32, 33, 0.9884389105371244], [32, 41, 0.15091842927876098], [33, 34, 0.7351821580351288], [33, 42, 0.001877337189611139], [34, 35, 0.933574844451275], [36, 37, 0.14650361191513872], [36, 45, 0.8858670690434473], [37, 38, 0.14945947021422057], [38, 39, 0.9962518674439945], [38, 47, 0.6361373791732997], [39, 48, 0.3134648619660456], [41, 42, 0.32423977734486753], [41, 50, 0.039487309973938345], [42, 43, 0.4786202290291548], [42, 51, 0.42684085077025025], [43, 52, 0.36074758866111756], [45, 46, 0.09788799877303322], [46, 47, 0.28251605290861737], [46, 55, 0.42918927666163753], [47, 48, 0.5109015551056049], [47, 56, 0.047827997013911494], [48, 49, 0.1816410862565726], [48, 57, 0.5513834716473203], [49, 58, 0.537522203950402], [50, 51, 0.7111752335915285], [50, 59, 0.21893716881332803], [51, 60, 0.13582534556412806], [52, 53, 0.6507529200729385], [52, 61, 0.8110146150547923], [54, 55, 0.9858993307517756], [54, 63, 0.41413758084000374], [55, 64, 0.5056734454811186], [56, 57, 0.5387194473359485], [56, 65, 0.535154648403653], [57, 58, 0.3317983601237743], [57, 66, 0.8937786010532344], [59, 60, 0.7962051139743556], [59, 68, 0.37152401288467884], [60, 69, 0.09034421670189208], [61, 70, 0.08456321769708819], [63, 72, 0.7251612296583891], [64, 65, 0.20137030488079], [64, 73, 0.02198024260943654], [65, 74, 0.5746256557790254], [67, 68, 0.8676638180188724], [69, 70, 0.9903613102953647], [69, 78, 0.08074514300229019], [70, 71, 0.11575387036894724], [70, 79, 0.08276569495044261], [8, 17, 0.3949740395803635], [35, 44, 0.0715100515077941], [44, 53, 0.7722027808178089], [53, 62, 0.7896435849988711], [71, 80, 0.8380260327214103], [73, 74, 0.5237145307830449], [74, 75, 0.2604721671265249], [75, 76, 0.009138729330218087], [76, 77, 0.6068077738209242], [77, 78, 0.6535432569230898], [78, 79, 0.4423830140726358], [79, 80, 0.17178631883063133]], "oriented": false, "discover": false, "dist": true, "mode": "map"}