{"pos": [[0, 0], [0, 1], [0, 2], [0, 3], [0, 4], [0, 5], [0, 6], [0, 7], [1, 0], [1, 1], [1, 2], [1, 3], [1, 4], [1, 5], [1, 6], [1, 7], [2, 0], [2, 1], [2, 2], [2, 3], [2, 4], [2, 5], [2, 6], [2, 7], [3, 0], [3, 1], [3, 2], [3, 3], [3, 4], [3, 5], [3, 6], [3, 7], [4, 0], [4, 1], [4, 2], [4, 3], [4, 4], [4, 5], [4, 6], [4, 7], [5, 0], [5, 1], [5, 2], [5, 3], [5, 4], [5, 5], [5, 6], [5, 7], [6, 0], [6, 1], [6, 2], [6, 3], [6, 4], [6, 5], [6, 6], [6, 7], [7, 0], [7, 1], [7, 2], [7, 3], [7, 4], [7, 5], [7, 6], [7, 7]], "edges": [[0, 1, 0.5030201897758685], [0, 8, 0.40423914536730976], [1, 2, 0.7835895482692606], [1, 9, 0.9963370633155912], [2, 3, 0.4762007382283564], [2, 10, 0.8981528660642819], [3, 4, 0.353636524219033], [4, 5, 0.31118342793470855], [4, 12, 0.03941634263344573], [5, 6, 0.2415540835702339], [5, 13, 0.16958979834309074], [6, 7, 0.6179575598236874], [8, 16, 0.8661879501243835], [9, 17, 0.037900198845651545], [10, 11, 0.5676184763824399], [10, 18, 0.9720723719219188], [11, 19, 0.9520370472657048], [12, 20, 0.5468090365068133], [13, 14, 0.42385500469251514], [13, 21, 0.7033402374910466], [16, 17, 0.5180085123457284], [16, 24, 0.3274768333643945], [17, 18, 0.9555219891916958], [17, 25, 0.17528441530557792], [18, 26, 0.18437166583591924], [19, 27, 0.781615798932134], [20, 21, 0.7436899899946631], [20, 28, 0.6751104367341557], [21, 22, 0.8111932033750057], [21, 29, 0.7268404921808983], [22, 30, 0.44535147085533877], [24, 32, 0.2634963358499989], [25, 33, 0.22201854876188698], [26, 34, 0.2135861041785868], [27, 28, 0.8667567583849025], [28, 29, 0.35612554199762236], [28, 36, 0.5679558170545297], [30, 38, 0.6034073874672521], [32, 33, 0.09552572426427663], [33, 34, 0.14440582692538506], [33, 41, 0.9871330564337657], [34, 35, 0.5330548583179937], [34, 42, 0.3098765140632863], [36, 37, 0.23696857163544693], [36, 44, 0.04058776681265852], [37, 45, 0.02315479221557426], [38, 39, 0.647014031712738], [38, 46, 0.27614911346460536], [40, 41, 0.4206234621909243], [40, 48, 0.015926408638258782], [41, 49, 0.896631095637638], [42, 43, 0.9628304798249969], [42, 50, 0.31118298788584], [43, 44, 0.6480260922182137], [44, 45, 0.17985566921950114], [44, 52, 0.9138231241290635], [45, 53, 0.2607589866529537], [46, 47, 0.9543159217245609], [46, 54, 0.7360005317108631], [48, 49, 0.15185394447382805], [48, 56, 0.9093673008535614], [49, 50, 0.8863683029771738], [49, 57, 0.9564980139162701], [50, 51, 0.7917628922991671], [51, 59, 0.4550250641170249], [52, 53, 0.4936889988230917], [52, 60, 0.7004367246126663], [7, 15, 0.0032118385717277986], [15, 23, 0.8856800129649827], [23, 31, 0.35909582020329145], [31, 39, 0.6274385052551699], [39, 47, 0.23000694177037384], [47, 55, 0.7198531253653745], [55, 63, 0.1760022766801237], [56, 57, 0.42779476195364563], [57, 58, 0.5277687885084067], [58, 59, 0.5674127915856584], [59, 60, 0.0883706613033467], [60, 61, 0.354268220628951], [61, 62, 0.3296600341937489], [62, 63, 0.9958451015304507]], "oriented": false, "discover": false, "dist": true, "mode": "map"}