{"pos": [[0, 0], [0, 1], [0, 2], [0, 3], [0, 4], [0, 5], [0, 6], [0, 7], [1, 0], [1, 1], [1, 2], [1, 3], [1, 4], [1, 5], [1, 6], [1, 7], [2, 0], [2, 1], [2, 2], [2, 3], [2, 4], [2, 5], [2, 6], [2, 7], [3, 0], [3, 1], [3, 2], [3, 3], [3, 4], [3, 5], [3, 6], [3, 7], [4, 0], [4, 1], [4, 2], [4, 3], [4, 4], [4, 5], [4, 6], [4, 7], [5, 0], [5, 1], [5, 2], [5, 3], [5, 4], [5, 5], [5, 6], [5, 7], [6, 0], [6, 1], [6, 2], [6, 3], [6, 4], [6, 5], [6, 6], [6, 7], [7, 0], [7, 1], [7, 2], [7, 3], [7, 4], [7, 5], [7, 6], [7, 7]], "edges": [[0, 1, 0.7429447462042428], [0, 8, 0.5322547845314437], [1, 2, 0.5809513986823048], [1, 9, 0.9121325134601911], [2, 3, 0.9084688345522431], [2, 10, 0.7501285914929305], [3, 4, 0.5531559668503835], [3, 11, 0.6867568201637071], [4, 5, 0.5480865278020443], [4, 12, 0.6255795839750541], [5, 6, 0.9102861723395872], [5, 13, 0.47057814470836234], [6, 7, 0.6924443739719609], [6, 14, 0.7824946640336076], [8, 9, 0.37423961053658183], [9, 17, 0.5299813061222384], [10, 11, 0.4410504074795428], [10, 18, 0.9333496235053123], [12, 13, 0.8300193735281806], [12, 20, 0.03265229691802818], [14, 22, 0.5119285776424355], [16, 17, 0.9484342928072376], [16, 24, 0.5377053170382028], [17, 18, 0.4047572665796133], [17, 25, 0.9643379040952862], [18, 19, 0.3628930386184639], [18, 26, 0.6975266732613618], [19, 20, 0.28683869303387743], [19, 27, 0.3500772322613871], [20, 21, 0.43311049499161214], [21, 29, 0.24836252798223124], [22, 23, 0.18959614317948503], [22, 30, 0.5214006466240155], [24, 32, 0.4885610547245266], [25, 33, 0.0662302180476313], [26, 27, 0.33774046822991177], [27, 28, 0.6906737500270657], [27, 35, 0.8988478803376743], [28, 36, 0.8871378268133486], [29, 37, 0.09073759556925409], [30, 31, 0.49370504524869263], [32, 40, 0.8687576471654382], [33, 34, 0.8610642083112681], [33, 41, 0.2534868617928767], [35, 36, 0.8832117688783075], [35, 43, 0.7054321944800849], [36, 37, 0.4881389859100276], [36, 44, 0.3086941068875839], [37, 38, 0.6157581769693632], [37, 45, 0.030453919254055828], [38, 39, 0.29901324872546176], [38, 46, 0.13033044349674638], [40, 41, 0.4502478792122355], [40, 48, 0.5628972951786892], [41, 42, 0.44244553113567564], [41, 49, 0.8795418476801546], [42, 43, 0.9064167272698939], [42, 50, 0.16001267812133035], [43, 44, 0.30492066778383065], [43, 51, 0.8480613213502104], [45, 53, 0.5747213300127187], [46, 47, 0.4851201439511633], [48, 56, 0.7055897050691805], [49, 57, 0.6282638463617141], [50, 58, 0.45001124395824277], [51, 52, 0.5914547605737184], [51, 59, 0.6354707094262725], [52, 53, 0.9532735808620871], [52, 60, 0.5611597897246503], [53, 61, 0.38707916955044663], [54, 55, 0.4830643396702986], [54, 62, 0.031781553976025], [7, 15, 0.06067236523844177], [15, 23, 0.8041168336175911], [23, 31, 0.6033098655959176], [39, 47, 0.4036325276146011], [47, 55, 0.8059608024578585], [56, 57, 0.6418330101028372], [60, 61, 0.3370546819200876], [61, 62, 0.5049626611649382], [62, 63, 0.6387629016950104]], "oriented": false, "discover": false, "dist": true, "mode": "map"}