{"pos": [[0, 0], [0, 1], [0, 2], [0, 3], [0, 4], [0, 5], [0, 6], [0, 7], [1, 0], [1, 1], [1, 2], [1, 3], [1, 4], [1, 5], [1, 6], [1, 7], [2, 0], [2, 1], [2, 2], [2, 3], [2, 4], [2, 5], [2, 6], [2, 7], [3, 0], [3, 1], [3, 2], [3, 3], [3, 4], [3, 5], [3, 6], [3, 7], [4, 0], [4, 1], [4, 2], [4, 3], [4, 4], [4, 5], [4, 6], [4, 7], [5, 0], [5, 1], [5, 2], [5, 3], [5, 4], [5, 5], [5, 6], [5, 7], [6, 0], [6, 1], [6, 2], [6, 3], [6, 4], [6, 5], [6, 6], [6, 7], [7, 0], [7, 1], [7, 2], [7, 3], [7, 4], [7, 5], [7, 6], [7, 7]], "edges": [[0, 1, 0.05804105136487603], [0, 8, 0.6015264513377463], [1, 2, 0.04126194111771064], [1, 9, 0.7165251421347791], [2, 3, 0.32560076008954997], [2, 10, 0.6525129343054423], [3, 4, 0.6129831537719], [3, 11, 0.896480216633503], [4, 5, 0.7907032719739698], [4, 12, 0.3210318924970794], [5, 6, 0.5507448873405982], [5, 13, 0.13486723394785372], [6, 7, 0.5249502919709346], [6, 14, 0.7134841217684228], [8, 9, 0.5310461230496127], [8, 16, 0.8793202226156472], [9, 10, 0.7201663462843755], [10, 11, 0.18077268236804045], [10, 18, 0.8033447913875539], [11, 12, 0.9993118582586995], [11, 19, 0.9020478321474444], [12, 13, 0.47959458956207124], [12, 20, 0.9974200548193414], [14, 15, 0.7226908138745928], [14, 22, 0.7718035115869927], [16, 24, 0.809017270686536], [17, 18, 0.9821282873827395], [17, 25, 0.8271491058562922], [18, 19, 0.9434756562410285], [19, 20, 0.3446772178183882], [20, 21, 0.6272157148116849], [20, 28, 0.7901738114580126], [21, 22, 0.6555148876666841], [21, 29, 0.5206748621334499], [22, 30, 0.23051738240005648], [25, 26, 0.6933221829967467], [25, 33, 0.3316648635885562], [26, 27, 0.3180484323428595], [27, 28, 0.7320366851166218], [27, 35, 0.0672526334558281], [28, 29, 0.20511796539143612], [29, 30, 0.6455652117425871], [29, 37, 0.37718741960451485], [30, 38, 0.4188595195993122], [32, 33, 0.9151396649598222], [33, 34, 0.36887272779626956], [33, 41, 0.47600225990324585], [35, 36, 0.7122416178365641], [35, 43, 0.5671509690830681], [36, 44, 0.4811582940590007], [38, 39, 0.13909850856965866], [38, 46, 0.3026825351954724], [40, 41, 0.962975647670159], [40, 48, 0.37139321879707654], [41, 42, 0.4149487719043278], [41, 49, 0.8540524764869768], [42, 43, 0.9253555675944334], [42, 50, 0.08925308296635037], [43, 44, 0.24260033992300467], [43, 51, 0.7060932979838079], [44, 45, 0.695510170076081], [45, 46, 0.6294470124736703], [45, 53, 0.1547083527244989], [46, 54, 0.18100073842458875], [48, 56, 0.22223490135917412], [50, 58, 0.8536460186611053], [51, 52, 0.8772798730571904], [51, 59, 0.6256027473394009], [52, 53, 0.5528071280677218], [52, 60, 0.6036288965951817], [53, 61, 0.8448521695472468], [54, 62, 0.6702701921968852], [7, 15, 0.4136946838815553], [15, 23, 0.24165762780656874], [31, 39, 0.2714571448519163], [39, 47, 0.9156650208561359], [47, 55, 0.08144123239924472], [55, 63, 0.2353998336571208], [57, 58, 0.6859021185068057], [59, 60, 0.5483262208200149], [62, 63, 0.3869517333802225]], "oriented": false, "discover": false, "dist": true, "mode": "map"}