{"pos": [[0, 0], [0, 1], [0, 2], [0, 3], [0, 4], [0, 5], [0, 6], [0, 7], [1, 0], [1, 1], [1, 2], [1, 3], [1, 4], [1, 5], [1, 6], [1, 7], [2, 0], [2, 1], [2, 2], [2, 3], [2, 4], [2, 5], [2, 6], [2, 7], [3, 0], [3, 1], [3, 2], [3, 3], [3, 4], [3, 5], [3, 6], [3, 7], [4, 0], [4, 1], [4, 2], [4, 3], [4, 4], [4, 5], [4, 6], [4, 7], [5, 0], [5, 1], [5, 2], [5, 3], [5, 4], [5, 5], [5, 6], [5, 7], [6, 0], [6, 1], [6, 2], [6, 3], [6, 4], [6, 5], [6, 6], [6, 7], [7, 0], [7, 1], [7, 2], [7, 3], [7, 4], [7, 5], [7, 6], [7, 7]], "edges": [[0, 8, 0.5029264154470489], [1, 9, 0.015814160096954688], [2, 10, 0.8981222891246639], [3, 4, 0.18780479814072426], [3, 11, 0.0919696894521741], [5, 6, 0.7806205500224058], [5, 13, 0.4554471065487836], [6, 7, 0.5471398746789672], [6, 14, 0.46458436579523843], [8, 9, 0.1450916509742186], [8, 16, 0.241597392944776], [9, 10, 0.347003663505254], [9, 17, 0.7345160968775345], [10, 11, 0.7467979868504546], [10, 18, 0.8155357033695733], [11, 12, 0.6295975812841139], [13, 14, 0.9556707057364592], [13, 21, 0.2659385973449361], [14, 15, 0.05856283242557159], [14, 22, 0.7289033822720272], [16, 24, 0.07289467741510747], [17, 18, 0.33472368544173203], [17, 25, 0.9156919807205318], [18, 19, 0.9448692190126208], [18, 26, 0.5753704669834414], [19, 20, 0.04468303279940322], [19, 27, 0.6915992579216], [20, 21, 0.12994522478557413], [20, 28, 0.5949563217689645], [21, 22, 0.8749015187952491], [22, 23, 0.904522021526817], [22, 30, 0.6368079332797554], [24, 25, 0.41643277544823065], [24, 32, 0.3015062833437939], [25, 33, 0.8851450925033335], [26, 27, 0.5825848332368203], [26, 34, 0.3615508628240488], [27, 35, 0.39991381864140596], [28, 36, 0.4511674725522601], [29, 30, 0.8947645079396884], [29, 37, 0.09495392237887779], [30, 38, 0.08515305668320372], [32, 33, 0.3501679342287547], [32, 40, 0.4748639920457651], [33, 41, 0.7703909742986147], [34, 42, 0.8927743268683622], [35, 36, 0.38377295610490214], [36, 37, 0.17480207142322224], [36, 44, 0.868649148682342], [37, 38, 0.5226579407943397], [38, 46, 0.5597944600851426], [40, 41, 0.6311892394850744], [40, 48, 0.39464833481507533], [41, 42, 0.5993315494876169], [42, 43, 0.28764344019428567], [42, 50, 0.40526512251737845], [43, 51, 0.2704189758326556], [44, 45, 0.4616343401871874], [45, 46, 0.6600185584466279], [45, 53, 0.1318903439074789], [46, 47, 0.9939561379974385], [46, 54, 0.016184089466706686], [48, 56, 0.29890367354788994], [49, 50, 0.6906637524500847], [49, 57, 0.9297581414520109], [50, 51, 0.6043631101865887], [50, 58, 0.24588789047990955], [51, 52, 0.3499559253491078], [51, 59, 0.5136072364408619], [52, 53, 0.7853258476930918], [52, 60, 0.46084522063146394], [53, 61, 0.9641798437344546], [54, 62, 0.9135979241259364], [7, 15, 0.28130438408985925], [23, 31, 0.3931516274075183], [31, 39, 0.1345998570161756], [47, 55, 0.7387216027983865], [55, 63, 0.6037218295424227], [60, 61, 0.4672368355601103], [62, 63, 0.7474230303056217]], "oriented": false, "discover": false, "dist": true, "mode": "map"}