{"pos": [[0, 0], [0, 1], [0, 2], [0, 3], [0, 4], [0, 5], [0, 6], [0, 7], [1, 0], [1, 1], [1, 2], [1, 3], [1, 4], [1, 5], [1, 6], [1, 7], [2, 0], [2, 1], [2, 2], [2, 3], [2, 4], [2, 5], [2, 6], [2, 7], [3, 0], [3, 1], [3, 2], [3, 3], [3, 4], [3, 5], [3, 6], [3, 7], [4, 0], [4, 1], [4, 2], [4, 3], [4, 4], [4, 5], [4, 6], [4, 7], [5, 0], [5, 1], [5, 2], [5, 3], [5, 4], [5, 5], [5, 6], [5, 7], [6, 0], [6, 1], [6, 2], [6, 3], [6, 4], [6, 5], [6, 6], [6, 7], [7, 0], [7, 1], [7, 2], [7, 3], [7, 4], [7, 5], [7, 6], [7, 7]], "edges": [[0, 1, 0.3920795047355531], [0, 8, 0.4774589702041002], [1, 2, 0.25776224825253025], [1, 9, 0.6140318914762162], [2, 3, 0.033573441725672115], [2, 10, 0.48402132135758724], [3, 4, 0.39194051415204134], [4, 12, 0.9266416654028184], [5, 6, 0.3185987679693252], [5, 13, 0.2719776366046731], [6, 7, 0.002249790499828319], [6, 14, 0.20002401702572292], [8, 9, 0.24047939542005647], [8, 16, 0.30118196883682435], [9, 10, 0.694491848905577], [9, 17, 0.7653140114508226], [10, 11, 0.46666039495406364], [10, 18, 0.5894753676010552], [11, 19, 0.9526804945825311], [12, 13, 0.15165329918618653], [13, 21, 0.2933176442502111], [14, 22, 0.4187248308835304], [16, 17, 0.6073562248910844], [16, 24, 0.6566584824044568], [17, 18, 0.9538741169193644], [18, 26, 0.2835653756250889], [20, 21, 0.8269403137898117], [21, 22, 0.2399277281863862], [21, 29, 0.27014183920098034], [22, 30, 0.8170566236315162], [24, 25, 0.6296966338034113], [24, 32, 0.0024663993139415474], [25, 26, 0.12573523774241602], [26, 27, 0.9919752893385257], [26, 34, 0.536567789257336], [27, 28, 0.6447538677494451], [27, 35, 0.5982179257697449], [28, 29, 0.6709072420412223], [30, 31, 0.0777096801056466], [30, 38, 0.7425984521907091], [32, 33, 0.08622184001578226], [32, 40, 0.7264839418518095], [33, 41, 0.19532918701848712], [34, 35, 0.812478151577998], [34, 42, 0.15542785511019241], [35, 36, 0.7947863375721057], [35, 43, 0.2564038775890286], [37, 38, 0.8930677509448784], [37, 45, 0.47807686503744196], [38, 39, 0.47133949112360096], [38, 46, 0.6437322854943298], [40, 48, 0.9466599216143503], [41, 42, 0.7887953603015145], [42, 43, 0.9906907080339047], [42, 50, 0.6786425427983112], [43, 44, 0.8744492331293245], [43, 51, 0.9768800253630967], [44, 45, 0.8470935112282366], [44, 52, 0.21266889525484156], [45, 53, 0.33336861010808516], [46, 47, 0.6614851000365182], [46, 54, 0.95129897794909], [48, 49, 0.01553251174767345], [48, 56, 0.5873853502398068], [49, 57, 0.8140253330763304], [52, 53, 0.5228723098587527], [52, 60, 0.14289792688087488], [53, 54, 0.4817436463613659], [53, 61, 0.23123801945141886], [54, 62, 0.5041261528610445], [7, 15, 0.9689368472084754], [15, 23, 0.38971049935794566], [23, 31, 0.504755724640359], [39, 47, 0.602927903279632], [47, 55, 0.051653842286163765], [55, 63, 0.48809238178391046], [57, 58, 0.6167907330146782], [58, 59, 0.11309089156424756], [60, 61, 0.09280783526916836], [61, 62, 0.03896981668442723]], "oriented": false, "discover": false, "dist": true, "mode": "map"}