{"pos": [[0, 0], [0, 1], [0, 2], [0, 3], [0, 4], [0, 5], [0, 6], [0, 7], [1, 0], [1, 1], [1, 2], [1, 3], [1, 4], [1, 5], [1, 6], [1, 7], [2, 0], [2, 1], [2, 2], [2, 3], [2, 4], [2, 5], [2, 6], [2, 7], [3, 0], [3, 1], [3, 2], [3, 3], [3, 4], [3, 5], [3, 6], [3, 7], [4, 0], [4, 1], [4, 2], [4, 3], [4, 4], [4, 5], [4, 6], [4, 7], [5, 0], [5, 1], [5, 2], [5, 3], [5, 4], [5, 5], [5, 6], [5, 7], [6, 0], [6, 1], [6, 2], [6, 3], [6, 4], [6, 5], [6, 6], [6, 7], [7, 0], [7, 1], [7, 2], [7, 3], [7, 4], [7, 5], [7, 6], [7, 7]], "edges": [[0, 1, 0.7015328268935657], [0, 8, 0.08190450231576785], [1, 2, 0.7106882122857268], [1, 9, 0.42932733054905825], [2, 3, 0.9964279917788905], [2, 10, 0.3675423294700677], [3, 4, 0.9292042259046545], [3, 11, 0.30798623713353523], [4, 5, 0.24413133852044955], [5, 6, 0.038327179424661906], [6, 7, 0.20530741923107354], [6, 14, 0.09765445761620706], [9, 17, 0.6699483491975552], [10, 11, 0.5807202150452953], [10, 18, 0.7418614819534629], [11, 12, 0.0920645516645997], [12, 13, 0.5890521580691018], [12, 20, 0.38910584504531043], [13, 21, 0.6264699842974504], [14, 22, 0.26268491520980375], [16, 17, 0.43717460177721834], [16, 24, 0.15264392055016895], [17, 18, 0.09980914711822364], [17, 25, 0.0847946877155531], [18, 19, 0.8933507543417368], [18, 26, 0.2913198667191632], [19, 27, 0.12306111047253931], [20, 21, 0.03759580723352851], [20, 28, 0.45946832993199094], [21, 22, 0.46336561938707366], [21, 29, 0.2158862020354143], [22, 30, 0.20780383097610178], [24, 25, 0.9220118761286056], [25, 26, 0.10776193491568031], [25, 33, 0.14989553034797132], [27, 35, 0.55759758939159], [28, 36, 0.1745243689998306], [29, 30, 0.30749910361507526], [30, 31, 0.5115438299896002], [30, 38, 0.1630440918359647], [32, 33, 0.8252090396375286], [33, 34, 0.8540637269350223], [33, 41, 0.08251373797392492], [34, 35, 0.2049430382772095], [34, 42, 0.6377935511152741], [35, 43, 0.7285741491976515], [36, 37, 0.5571334813850378], [36, 44, 0.8146877935070679], [37, 38, 0.8903149156470751], [37, 45, 0.48667490628316223], [38, 39, 0.9661142184306928], [38, 46, 0.2746554605302005], [40, 41, 0.20522929752693442], [40, 48, 0.015088802921019995], [41, 49, 0.5167048749692122], [42, 50, 0.5608827868474372], [43, 51, 0.24167212839662544], [44, 45, 0.05185052812528279], [45, 46, 0.6937077979710625], [45, 53, 0.9542050005251417], [46, 47, 0.7991282481753502], [46, 54, 0.747401658788017], [48, 56, 0.2711837012930297], [49, 50, 0.7415204707161351], [49, 57, 0.5167258727669483], [50, 58, 0.010847971780468701], [51, 52, 0.1517071565517586], [52, 53, 0.12403134434634355], [53, 54, 0.5715527972980987], [53, 61, 0.6222697486002972], [54, 55, 0.25132151245706336], [54, 62, 0.26739917312306394], [7, 15, 0.692435820217488], [15, 23, 0.21457990007199546], [31, 39, 0.31951401594212225], [55, 63, 0.6936903236541959], [57, 58, 0.49983557339906515], [59, 60, 0.9233275264412558], [60, 61, 0.5677637249246893], [61, 62, 0.0061123289162301475], [62, 63, 0.7513276284121728]], "oriented": false, "discover": false, "dist": true, "mode": "map"}