{"pos": [[0, 0], [0, 1], [0, 2], [0, 3], [0, 4], [0, 5], [0, 6], [0, 7], [0, 8], [1, 0], [1, 1], [1, 2], [1, 3], [1, 4], [1, 5], [1, 6], [1, 7], [1, 8], [2, 0], [2, 1], [2, 2], [2, 3], [2, 4], [2, 5], [2, 6], [2, 7], [2, 8], [3, 0], [3, 1], [3, 2], [3, 3], [3, 4], [3, 5], [3, 6], [3, 7], [3, 8], [4, 0], [4, 1], [4, 2], [4, 3], [4, 4], [4, 5], [4, 6], [4, 7], [4, 8], [5, 0], [5, 1], [5, 2], [5, 3], [5, 4], [5, 5], [5, 6], [5, 7], [5, 8], [6, 0], [6, 1], [6, 2], [6, 3], [6, 4], [6, 5], [6, 6], [6, 7], [6, 8], [7, 0], [7, 1], [7, 2], [7, 3], [7, 4], [7, 5], [7, 6], [7, 7], [7, 8], [8, 0], [8, 1], [8, 2], [8, 3], [8, 4], [8, 5], [8, 6], [8, 7], [8, 8]], "edges": [[0, 1, 0.20956207469394617], [0, 9, 0.41009189480204833], [1, 2, 0.8857823906008765], [1, 10, 0.2207310078607051], [2, 3, 0.21564028150819492], [2, 11, 0.5787291246012548], [3, 4, 0.521736288625895], [4, 5, 0.01120782191046299], [5, 6, 0.05055418141969947], [5, 14, 0.6614684116235887], [7, 8, 0.515299569017933], [7, 16, 0.9035099084126129], [9, 10, 0.26118813912581784], [9, 18, 0.4999450838850117], [10, 11, 0.9224002172953742], [10, 19, 0.701536274827028], [11, 12, 0.8862309614906095], [11, 20, 0.85486067725393], [12, 13, 0.7598439895450317], [12, 21, 0.10527501678872742], [13, 14, 0.27129906728765096], [13, 22, 0.490777934707889], [14, 15, 0.5173886444696452], [14, 23, 0.6411347672435345], [15, 16, 0.8997452821304887], [16, 17, 0.2356575203172938], [18, 27, 0.2862293645899835], [19, 20, 0.6305987913417515], [19, 28, 0.5184228522705893], [20, 21, 0.9901192995344471], [20, 29, 0.7453953642046216], [21, 22, 0.25306473106367433], [23, 24, 0.8507086124861574], [23, 32, 0.5327090310741696], [24, 25, 0.4832835191059548], [24, 33, 0.5183308615710206], [25, 26, 0.41400577293438123], [25, 34, 0.6908046026555951], [27, 28, 0.5633521715856936], [27, 36, 0.0450419353583833], [28, 37, 0.5059016120497747], [29, 30, 0.7367816347935271], [29, 38, 0.07437461656466626], [30, 31, 0.3796945106763977], [30, 39, 0.606508330377819], [31, 40, 0.5762581198211342], [32, 33, 0.3200886175758598], [32, 41, 0.7554103702461897], [33, 42, 0.6127828980410632], [34, 35, 0.9148500709301371], [34, 43, 0.020043989188457956], [36, 37, 0.23338188476876065], [36, 45, 0.6640961511597719], [37, 38, 0.978861486140865], [37, 46, 0.4853930443168889], [38, 47, 0.03657649267652463], [39, 48, 0.9009927119526447], [40, 49, 0.08504173647964053], [41, 42, 0.023392187994034752], [41, 50, 0.015349473291770055], [42, 43, 0.27835847679433756], [42, 51, 0.5311587429019324], [43, 52, 0.2803806399967149], [45, 46, 0.38001369475523783], [45, 54, 0.3085840831140425], [47, 56, 0.30075584169375835], [49, 58, 0.14464225593546354], [50, 59, 0.35079692153748265], [51, 60, 0.6599696092675366], [52, 53, 0.517700065925432], [54, 55, 0.4325295091273228], [54, 63, 0.14710048661042574], [55, 64, 0.4238215935542756], [56, 57, 0.8791341470620256], [57, 58, 0.8877882481365572], [57, 66, 0.17961454483562234], [59, 60, 0.8863565676566282], [60, 61, 0.5837132869731451], [60, 69, 0.70459017311914], [61, 62, 0.11811584175197787], [61, 70, 0.5075371346368664], [63, 64, 0.5777196423405434], [63, 72, 0.2789832918446422], [64, 65, 0.3067600230695221], [66, 67, 0.7290532114594425], [66, 75, 0.2025503911058003], [67, 68, 0.34696636356204946], [68, 77, 0.07230605168309079], [69, 78, 0.39845578432130513], [70, 71, 0.5359852271886661], [70, 79, 0.6748555341308444], [8, 17, 0.5227212823803841], [26, 35, 0.5398506926706969], [35, 44, 0.49245070792104473], [44, 53, 0.96620360911969], [53, 62, 0.35273254601892257], [71, 80, 0.9122194783777089], [72, 73, 0.8102908271861868], [73, 74, 0.5124923242346647], [74, 75, 0.1087551240945791], [75, 76, 0.13276613827632666], [77, 78, 0.19692650487150687], [78, 79, 0.9746687775489744], [79, 80, 0.2774695957326423]], "oriented": false, "discover": false, "dist": true, "mode": "map"}