{"pos": [[0, 0], [0, 1], [0, 2], [0, 3], [0, 4], [0, 5], [0, 6], [0, 7], [1, 0], [1, 1], [1, 2], [1, 3], [1, 4], [1, 5], [1, 6], [1, 7], [2, 0], [2, 1], [2, 2], [2, 3], [2, 4], [2, 5], [2, 6], [2, 7], [3, 0], [3, 1], [3, 2], [3, 3], [3, 4], [3, 5], [3, 6], [3, 7], [4, 0], [4, 1], [4, 2], [4, 3], [4, 4], [4, 5], [4, 6], [4, 7], [5, 0], [5, 1], [5, 2], [5, 3], [5, 4], [5, 5], [5, 6], [5, 7], [6, 0], [6, 1], [6, 2], [6, 3], [6, 4], [6, 5], [6, 6], [6, 7], [7, 0], [7, 1], [7, 2], [7, 3], [7, 4], [7, 5], [7, 6], [7, 7]], "edges": [[0, 1, 0.6379306909204017], [0, 8, 0.04648482935312259], [1, 2, 0.4442365002134997], [2, 3, 0.7183357641064683], [2, 10, 0.40098080556153015], [3, 4, 0.6149062373174145], [3, 11, 0.7331936742675355], [4, 5, 0.060755421015880384], [4, 12, 0.697277761042258], [5, 6, 0.10942492605154397], [5, 13, 0.6819066444780398], [6, 7, 0.8429630256941769], [6, 14, 0.09270491311774698], [8, 9, 0.6893377307740223], [8, 16, 0.20101584568542274], [10, 11, 0.19690657946549484], [10, 18, 0.38719814892101045], [11, 19, 0.8836049931290755], [12, 20, 0.14874690136828372], [13, 14, 0.1709767238448392], [14, 15, 0.3612865890438426], [14, 22, 0.0758979700389194], [16, 17, 0.6401810390972058], [16, 24, 0.5972459162381921], [17, 18, 0.08326591497822688], [17, 25, 0.7032783338979229], [18, 26, 0.5657314815920507], [19, 20, 0.7380728876997638], [19, 27, 0.019810896623326357], [20, 21, 0.44879513474381194], [20, 28, 0.12538353527472412], [21, 29, 0.2873342191753415], [22, 23, 0.5172599185588665], [22, 30, 0.07566058711325707], [24, 25, 0.7890617994719804], [24, 32, 0.48612034354015676], [25, 26, 0.20166892360678146], [26, 34, 0.06289701641162282], [27, 28, 0.5068036217473557], [27, 35, 0.5880540231362988], [28, 36, 0.8386243324721178], [29, 30, 0.4537454755633267], [30, 31, 0.17761573339288284], [30, 38, 0.01860063867288486], [32, 40, 0.3813501840429325], [33, 34, 0.5642664063286696], [33, 41, 0.3995344005906897], [34, 35, 0.03491446213318883], [34, 42, 0.4081099895258572], [35, 36, 0.6919955449994181], [37, 38, 0.9334825406281844], [38, 39, 0.44267368275671803], [38, 46, 0.7414613923539376], [40, 48, 0.8662985369494102], [41, 49, 0.8912271946858276], [42, 50, 0.5513481283017043], [43, 44, 0.8093807008920609], [44, 45, 0.906850972723978], [45, 46, 0.752840225269224], [45, 53, 0.34375438961956173], [46, 47, 0.39695341053863153], [46, 54, 0.517853528957962], [48, 56, 0.8389090725418331], [49, 57, 0.9849924309441345], [50, 51, 0.41688081732572724], [50, 58, 0.9133628263775888], [51, 59, 0.29088310478005974], [52, 53, 0.36964876993759566], [52, 60, 0.17809065383269596], [53, 54, 0.6308551481620529], [54, 62, 0.20843325897909748], [7, 15, 0.18170874812611115], [15, 23, 0.5996930315804696], [23, 31, 0.4621819553143729], [39, 47, 0.3518095542210684], [47, 55, 0.47880042769668396], [55, 63, 0.3476432156672651], [56, 57, 0.6137511046742578], [57, 58, 0.6449633068440795], [61, 62, 0.1016424749109962], [62, 63, 0.5102681649145664]], "oriented": false, "discover": false, "dist": true, "mode": "map"}