{"pos": [[0, 0], [0, 1], [0, 2], [0, 3], [0, 4], [0, 5], [0, 6], [0, 7], [1, 0], [1, 1], [1, 2], [1, 3], [1, 4], [1, 5], [1, 6], [1, 7], [2, 0], [2, 1], [2, 2], [2, 3], [2, 4], [2, 5], [2, 6], [2, 7], [3, 0], [3, 1], [3, 2], [3, 3], [3, 4], [3, 5], [3, 6], [3, 7], [4, 0], [4, 1], [4, 2], [4, 3], [4, 4], [4, 5], [4, 6], [4, 7], [5, 0], [5, 1], [5, 2], [5, 3], [5, 4], [5, 5], [5, 6], [5, 7], [6, 0], [6, 1], [6, 2], [6, 3], [6, 4], [6, 5], [6, 6], [6, 7], [7, 0], [7, 1], [7, 2], [7, 3], [7, 4], [7, 5], [7, 6], [7, 7]], "edges": [[0, 1, 0.0512086924180013], [0, 8, 0.8797351389631225], [2, 10, 0.14865951201933636], [3, 4, 0.09851289421544762], [3, 11, 0.3967781902936225], [4, 5, 0.46748013931925336], [4, 12, 0.44723377433457157], [5, 6, 0.6763707083943075], [6, 14, 0.38990958269787646], [8, 9, 0.17212193037978252], [8, 16, 0.23079559040700015], [9, 10, 0.10825499520896187], [9, 17, 0.5093514187601977], [10, 11, 0.04094379759713185], [11, 12, 0.8449828138084149], [12, 13, 0.1957236473607843], [13, 14, 0.810666095966773], [13, 21, 0.19024648208618977], [14, 15, 0.5838286853426236], [16, 17, 0.9280448921801944], [16, 24, 0.1446476735626585], [17, 18, 0.45961635529477995], [17, 25, 0.8022104542445553], [18, 19, 0.6932261286844383], [18, 26, 0.05865846265715413], [19, 20, 0.9664022702227596], [20, 21, 0.8756988898571401], [20, 28, 0.09056149350358156], [21, 22, 0.5852360252004144], [21, 29, 0.9121881119482551], [22, 23, 0.9557496576205006], [22, 30, 0.3567165823692622], [24, 32, 0.5148269634182857], [25, 33, 0.08506779110110085], [26, 27, 0.9614132464284488], [26, 34, 0.8143244978962282], [28, 36, 0.4450988890957841], [29, 30, 0.2269611615349535], [29, 37, 0.49131127128653573], [30, 31, 0.21079352592712985], [30, 38, 0.7555918885692618], [32, 33, 0.160946209255576], [32, 40, 0.26868180702403377], [33, 34, 0.8935906535254722], [33, 41, 0.46648992250372945], [34, 35, 0.09006700049741723], [34, 42, 0.5698752986173625], [36, 37, 0.14853543407845504], [36, 44, 0.5036323989599456], [37, 45, 0.9790665190949941], [38, 39, 0.5130062889778078], [38, 46, 0.13411198465962837], [40, 48, 0.6378393282013696], [42, 43, 0.4517702118825585], [43, 51, 0.9893708271524858], [44, 45, 0.63109927797259], [44, 52, 0.2966958822467587], [45, 46, 0.4168798363080417], [45, 53, 0.18225342901134345], [46, 47, 0.5791167134867606], [46, 54, 0.59203758372942], [48, 49, 0.5517041322941593], [48, 56, 0.12590654747590424], [49, 50, 0.5102069497037418], [51, 52, 0.8064915839279557], [51, 59, 0.8453760656118686], [52, 53, 0.6461839760466862], [52, 60, 0.29694436287954107], [53, 54, 0.33760365755991006], [54, 55, 0.9551277934348845], [54, 62, 0.9810887401368592], [7, 15, 0.12723863284391868], [15, 23, 0.00950092226715582], [31, 39, 0.4107350163385901], [55, 63, 0.4496522701946384], [56, 57, 0.5223792652780386], [57, 58, 0.03253856494089846], [58, 59, 0.0631097845111156], [60, 61, 0.835272982414633], [61, 62, 0.3660161073882343], [62, 63, 0.2562547188362436]], "oriented": false, "discover": false, "dist": true, "mode": "map"}