{"pos": [[0, 0], [0, 1], [0, 2], [0, 3], [0, 4], [0, 5], [0, 6], [0, 7], [1, 0], [1, 1], [1, 2], [1, 3], [1, 4], [1, 5], [1, 6], [1, 7], [2, 0], [2, 1], [2, 2], [2, 3], [2, 4], [2, 5], [2, 6], [2, 7], [3, 0], [3, 1], [3, 2], [3, 3], [3, 4], [3, 5], [3, 6], [3, 7], [4, 0], [4, 1], [4, 2], [4, 3], [4, 4], [4, 5], [4, 6], [4, 7], [5, 0], [5, 1], [5, 2], [5, 3], [5, 4], [5, 5], [5, 6], [5, 7], [6, 0], [6, 1], [6, 2], [6, 3], [6, 4], [6, 5], [6, 6], [6, 7], [7, 0], [7, 1], [7, 2], [7, 3], [7, 4], [7, 5], [7, 6], [7, 7]], "edges": [[0, 1, 0.3704680096969235], [0, 8, 0.4058970123875215], [2, 3, 0.871808232018477], [2, 10, 0.7829455343558794], [3, 4, 0.9538471441380378], [3, 11, 0.23383443634439172], [4, 5, 0.17165876632778354], [4, 12, 0.17275982788181976], [5, 13, 0.36146204950939154], [6, 14, 0.8694455096438587], [8, 9, 0.6103427969758459], [8, 16, 0.1682457449142133], [9, 10, 0.697254274121125], [10, 11, 0.17545933003804282], [11, 12, 0.4681579731992602], [12, 13, 0.6506617670027515], [12, 20, 0.12575348128701302], [13, 14, 0.007234334949053234], [13, 21, 0.8669078487720105], [14, 15, 0.6540960989440027], [14, 22, 0.035872576777789544], [16, 17, 0.12496195399459609], [16, 24, 0.9346977481369739], [17, 18, 0.6383518994334386], [18, 19, 0.6823006059743953], [19, 20, 0.8118342965971188], [20, 21, 0.9441150401438732], [20, 28, 0.11637911427760639], [21, 22, 0.8816234857184055], [21, 29, 0.698888717851465], [22, 30, 0.5100648667079329], [24, 25, 0.8495848941770523], [24, 32, 0.5403645716997466], [25, 26, 0.816386419750054], [25, 33, 0.16847807766101408], [26, 27, 0.9307765621361316], [26, 34, 0.42785703681508], [27, 35, 0.016734437215451203], [28, 36, 0.6017306503714824], [29, 30, 0.8387906404445246], [29, 37, 0.25019913175252184], [30, 31, 0.4700740306631037], [30, 38, 0.3567071391234292], [32, 40, 0.06970473267236921], [35, 36, 0.3179895929039651], [36, 37, 0.38709625479310616], [37, 38, 0.14401977082218675], [37, 45, 0.7036826433016169], [38, 39, 0.5679239734961609], [38, 46, 0.0928568821260699], [40, 41, 0.6730352730970548], [40, 48, 0.7386349540487619], [41, 42, 0.5562174451894432], [41, 49, 0.15682232658121487], [43, 44, 0.777927226569724], [43, 51, 0.7105182623139772], [44, 45, 0.019536381766874444], [45, 46, 0.6647093010435396], [45, 53, 0.5514644176174122], [48, 49, 0.5234217521888204], [48, 56, 0.8338506599835401], [50, 51, 0.29273285398033233], [50, 58, 0.006342509924240014], [51, 52, 0.5734030395151958], [51, 59, 0.33929064491865235], [52, 53, 0.30002738308155297], [52, 60, 0.5335072939919628], [53, 54, 0.6609806077203819], [53, 61, 0.24601851647334583], [54, 55, 0.8880345073529268], [54, 62, 0.9049762855096679], [7, 15, 0.29014519899509805], [15, 23, 0.772690233775558], [23, 31, 0.1213831613889218], [39, 47, 0.4187079976643594], [56, 57, 0.4267888373912456], [57, 58, 0.9790977547035278], [58, 59, 0.9089760541707453], [59, 60, 0.6795809947465908], [61, 62, 0.2831156632968911], [62, 63, 0.09903666415636869]], "oriented": false, "discover": false, "dist": true, "mode": "map"}