{"pos": [[0, 0], [0, 1], [0, 2], [0, 3], [0, 4], [0, 5], [0, 6], [0, 7], [1, 0], [1, 1], [1, 2], [1, 3], [1, 4], [1, 5], [1, 6], [1, 7], [2, 0], [2, 1], [2, 2], [2, 3], [2, 4], [2, 5], [2, 6], [2, 7], [3, 0], [3, 1], [3, 2], [3, 3], [3, 4], [3, 5], [3, 6], [3, 7], [4, 0], [4, 1], [4, 2], [4, 3], [4, 4], [4, 5], [4, 6], [4, 7], [5, 0], [5, 1], [5, 2], [5, 3], [5, 4], [5, 5], [5, 6], [5, 7], [6, 0], [6, 1], [6, 2], [6, 3], [6, 4], [6, 5], [6, 6], [6, 7], [7, 0], [7, 1], [7, 2], [7, 3], [7, 4], [7, 5], [7, 6], [7, 7]], "edges": [[0, 1, 0.6355077389694923], [0, 8, 0.578525180242312], [1, 2, 0.17180242629467557], [1, 9, 0.03486830638275806], [2, 3, 0.13227426272494147], [2, 10, 0.7237619054705869], [3, 4, 0.7593255762886139], [3, 11, 0.11186541081980106], [4, 5, 0.7549821437464808], [4, 12, 0.8849780682286015], [5, 6, 0.3031777390987218], [5, 13, 0.7351071242357128], [6, 7, 0.9756968320947905], [6, 14, 0.5690088818894433], [8, 16, 0.9069217619564097], [9, 17, 0.7060067381271504], [10, 18, 0.9745767835621627], [11, 12, 0.8489224227468227], [11, 19, 0.6727654318611511], [12, 20, 0.41598988770728107], [13, 21, 0.4131181522528934], [14, 15, 0.23237799072415877], [14, 22, 0.7860289330706098], [16, 17, 0.44726755383110883], [17, 25, 0.3593393683484135], [18, 26, 0.03897493949213371], [19, 20, 0.4515363528836408], [20, 21, 0.5562286700315211], [20, 28, 0.9435136847890263], [22, 23, 0.8998971913265432], [22, 30, 0.8479114272871082], [24, 25, 0.2514207746747592], [24, 32, 0.7321516313099823], [25, 26, 0.9965845960979999], [25, 33, 0.7590190950381653], [26, 27, 0.802422917973861], [26, 34, 0.5991275701770725], [27, 35, 0.9765560306865043], [28, 29, 0.22361127742491926], [29, 37, 0.6102248865375963], [30, 31, 0.5194422031853202], [32, 33, 0.2560633061828568], [32, 40, 0.22772922043199761], [34, 35, 0.7103382249961897], [34, 42, 0.27883246322715693], [35, 36, 0.9132183779640027], [35, 43, 0.21692435913465546], [36, 37, 0.18390403381872122], [36, 44, 0.9123944188271557], [37, 38, 0.8456627344902795], [38, 46, 0.7364402025386314], [40, 41, 0.6443677734746338], [40, 48, 0.430504654374687], [41, 42, 0.14420513438402882], [41, 49, 0.04069779918631222], [42, 50, 0.9148420656312082], [43, 44, 0.9249362761205574], [43, 51, 0.16625613681149953], [44, 45, 0.9226501592551203], [44, 52, 0.3266492716968432], [45, 46, 0.31561325023167974], [45, 53, 0.11462529889560502], [46, 47, 0.5710486674651986], [46, 54, 0.7316660626792351], [48, 56, 0.4353977786722232], [50, 51, 0.4805059378840123], [50, 58, 0.6277397892075571], [51, 52, 0.33526345284809456], [51, 59, 0.25835630427332446], [53, 54, 0.7586587802800551], [53, 61, 0.8942474618982962], [54, 55, 0.36986113090741524], [54, 62, 0.595504959207053], [23, 31, 0.661939476951047], [31, 39, 0.5931053346816325], [39, 47, 0.8793382362545658], [47, 55, 0.7764207502302539], [56, 57, 0.6406079035018474], [57, 58, 0.25603455662236474], [59, 60, 0.01422212315502469], [62, 63, 0.5301328051653216]], "oriented": false, "discover": false, "dist": true, "mode": "map"}