{"pos": [[0, 0], [0, 1], [0, 2], [0, 3], [0, 4], [0, 5], [0, 6], [0, 7], [1, 0], [1, 1], [1, 2], [1, 3], [1, 4], [1, 5], [1, 6], [1, 7], [2, 0], [2, 1], [2, 2], [2, 3], [2, 4], [2, 5], [2, 6], [2, 7], [3, 0], [3, 1], [3, 2], [3, 3], [3, 4], [3, 5], [3, 6], [3, 7], [4, 0], [4, 1], [4, 2], [4, 3], [4, 4], [4, 5], [4, 6], [4, 7], [5, 0], [5, 1], [5, 2], [5, 3], [5, 4], [5, 5], [5, 6], [5, 7], [6, 0], [6, 1], [6, 2], [6, 3], [6, 4], [6, 5], [6, 6], [6, 7], [7, 0], [7, 1], [7, 2], [7, 3], [7, 4], [7, 5], [7, 6], [7, 7]], "edges": [[0, 1, 0.74675837965622], [0, 8, 0.0564128018993757], [1, 2, 0.2717204810714786], [1, 9, 0.6687708676174967], [2, 3, 0.5706830642904381], [2, 10, 0.3073114811890073], [3, 4, 0.1458854910710864], [3, 11, 0.36130163097570767], [4, 5, 0.32680687780656936], [4, 12, 0.06886797392428001], [5, 6, 0.9652783014197795], [5, 13, 0.18344743332224234], [6, 7, 0.9094957208044492], [8, 16, 0.6307924075270338], [9, 10, 0.8074966074155042], [9, 17, 0.35440611355584006], [10, 18, 0.9442246548739399], [11, 12, 0.4555474432649058], [11, 19, 0.8491505472912513], [13, 14, 0.7611298133185026], [13, 21, 0.6648908753992168], [16, 17, 0.4120039688560845], [16, 24, 0.8840235254951327], [17, 18, 0.25215107329038833], [17, 25, 0.7405389448775587], [18, 19, 0.9787978950868846], [18, 26, 0.014810529326789834], [19, 20, 0.6276635114778493], [19, 27, 0.014706741556226088], [22, 23, 0.45635775998350625], [22, 30, 0.6001346013087727], [24, 25, 0.7750459330799182], [24, 32, 0.9431300422723481], [26, 27, 0.45342781519893394], [26, 34, 0.12456187962111565], [27, 28, 0.8682691986992317], [27, 35, 0.19545873489940802], [28, 29, 0.826001174887351], [28, 36, 0.37661616223465655], [29, 30, 0.15226166866577584], [29, 37, 0.9070832490124946], [32, 33, 0.35266209370937773], [32, 40, 0.200920457302336], [33, 34, 0.269128049298467], [34, 42, 0.47476866926629124], [35, 36, 0.0906347571690792], [37, 38, 0.6188060707685911], [37, 45, 0.6810699963994588], [38, 39, 0.10861463066845045], [38, 46, 0.32974116139141396], [40, 41, 0.8610879491225917], [40, 48, 0.6899268704958453], [41, 49, 0.05665468491278758], [42, 43, 0.798624763232018], [42, 50, 0.6687301695421172], [43, 44, 0.012760221869105193], [44, 45, 0.7434149706219987], [44, 52, 0.6807866404961148], [45, 46, 0.5044978157199058], [48, 49, 0.10585836301712204], [48, 56, 0.0038237730072492315], [50, 51, 0.4777830607163426], [50, 58, 0.023427897627126826], [51, 52, 0.6398774604860382], [51, 59, 0.48463893208355346], [52, 53, 0.4853378931934412], [53, 54, 0.9134264851671132], [54, 55, 0.8552957033930885], [7, 15, 0.34772901528498135], [15, 23, 0.25587034074941006], [23, 31, 0.05824254660300843], [31, 39, 0.7524378784858722], [39, 47, 0.42564469348917366], [47, 55, 0.4822710800820209], [55, 63, 0.4994874982064397], [57, 58, 0.13079413605978163], [58, 59, 0.3398419274146717], [59, 60, 0.07861145149472915], [60, 61, 0.4151026631244905], [61, 62, 0.1990147764578073], [62, 63, 0.7714409361821915]], "oriented": false, "discover": false, "dist": true, "mode": "map"}