{"pos": [[0, 0], [0, 1], [0, 2], [0, 3], [0, 4], [0, 5], [0, 6], [0, 7], [1, 0], [1, 1], [1, 2], [1, 3], [1, 4], [1, 5], [1, 6], [1, 7], [2, 0], [2, 1], [2, 2], [2, 3], [2, 4], [2, 5], [2, 6], [2, 7], [3, 0], [3, 1], [3, 2], [3, 3], [3, 4], [3, 5], [3, 6], [3, 7], [4, 0], [4, 1], [4, 2], [4, 3], [4, 4], [4, 5], [4, 6], [4, 7], [5, 0], [5, 1], [5, 2], [5, 3], [5, 4], [5, 5], [5, 6], [5, 7], [6, 0], [6, 1], [6, 2], [6, 3], [6, 4], [6, 5], [6, 6], [6, 7], [7, 0], [7, 1], [7, 2], [7, 3], [7, 4], [7, 5], [7, 6], [7, 7]], "edges": [[0, 8, 0.20210182166901414], [1, 2, 0.21077396140756655], [1, 9, 0.09221669799801191], [2, 10, 0.1316906795812226], [3, 11, 0.8481271556236266], [4, 5, 0.9289410431539993], [4, 12, 0.5960710714256408], [5, 6, 0.9205544032738321], [5, 13, 0.16080802079640377], [6, 7, 0.6418366503747541], [8, 9, 0.47114995253176806], [8, 16, 0.5140816679513894], [9, 10, 0.5141284623269086], [9, 17, 0.2984502881909822], [10, 18, 0.6322887214970799], [11, 12, 0.0549503367549623], [12, 13, 0.5338068098013753], [12, 20, 0.33686450999274764], [13, 14, 0.1887306865698859], [13, 21, 0.14896695772999324], [14, 15, 0.6864139589195583], [14, 22, 0.20249957167650534], [16, 17, 0.6364250996618146], [16, 24, 0.7276441713646663], [19, 20, 0.5178318260162582], [19, 27, 0.4067114086701741], [20, 28, 0.830333564278018], [21, 22, 0.23185764225434324], [22, 23, 0.9669817450263173], [22, 30, 0.6724361226338746], [24, 25, 0.14549319449433362], [24, 32, 0.6286119629728845], [25, 26, 0.07235596774562458], [25, 33, 0.05464723700063767], [26, 34, 0.3829162471316716], [27, 35, 0.4788028716092767], [28, 29, 0.21050705898372535], [28, 36, 0.41152463666261363], [29, 37, 0.31619358050015023], [30, 31, 0.03623080595867034], [32, 40, 0.47030498498444506], [34, 42, 0.9741605374320308], [35, 36, 0.8845520455882364], [35, 43, 0.037382668405052], [36, 37, 0.2918798209052924], [36, 44, 0.7457623548926344], [37, 38, 0.27643266474284645], [37, 45, 0.41228666357691857], [38, 39, 0.2944413993584969], [40, 41, 0.9184137470909289], [40, 48, 0.1591541886247151], [41, 49, 0.22813212920904902], [43, 44, 0.7395569021759747], [43, 51, 0.464475425910561], [44, 45, 0.011043972930639523], [44, 52, 0.8119338860402763], [45, 46, 0.9306083914257244], [45, 53, 0.6866617258310408], [46, 47, 0.3304394397093021], [46, 54, 0.1519725950419375], [48, 49, 0.668506385931944], [48, 56, 0.9247947835852878], [49, 50, 0.44779460534817217], [50, 51, 0.23325917696673537], [50, 58, 0.519524277579635], [52, 53, 0.2554327193398348], [52, 60, 0.6643163204867325], [53, 54, 0.9118267253482303], [54, 62, 0.7102940403965008], [7, 15, 0.1510793262759259], [15, 23, 0.40958202563962565], [23, 31, 0.9114808702412891], [31, 39, 0.37239490194302927], [47, 55, 0.9037095141090726], [56, 57, 0.5039594019672224], [57, 58, 0.12367974271736215], [59, 60, 0.9384300136760435], [60, 61, 0.9853570469918072], [61, 62, 0.31344877985505615], [62, 63, 0.3309778288319861]], "oriented": false, "discover": false, "dist": true, "mode": "map"}