{"pos": [[0, 0], [0, 1], [0, 2], [0, 3], [0, 4], [0, 5], [0, 6], [0, 7], [0, 8], [1, 0], [1, 1], [1, 2], [1, 3], [1, 4], [1, 5], [1, 6], [1, 7], [1, 8], [2, 0], [2, 1], [2, 2], [2, 3], [2, 4], [2, 5], [2, 6], [2, 7], [2, 8], [3, 0], [3, 1], [3, 2], [3, 3], [3, 4], [3, 5], [3, 6], [3, 7], [3, 8], [4, 0], [4, 1], [4, 2], [4, 3], [4, 4], [4, 5], [4, 6], [4, 7], [4, 8], [5, 0], [5, 1], [5, 2], [5, 3], [5, 4], [5, 5], [5, 6], [5, 7], [5, 8], [6, 0], [6, 1], [6, 2], [6, 3], [6, 4], [6, 5], [6, 6], [6, 7], [6, 8], [7, 0], [7, 1], [7, 2], [7, 3], [7, 4], [7, 5], [7, 6], [7, 7], [7, 8], [8, 0], [8, 1], [8, 2], [8, 3], [8, 4], [8, 5], [8, 6], [8, 7], [8, 8]], "edges": [[0, 1, 0.6447693457630924], [0, 9, 0.7011341762331071], [1, 2, 0.9539045901940562], [1, 10, 0.5941913284125225], [2, 3, 0.6180000459399478], [2, 11, 0.9863427995762016], [3, 12, 0.7641145722624321], [4, 13, 0.43873287370168845], [5, 6, 0.8668805032681425], [5, 14, 0.9512882017311153], [7, 8, 0.07638741630847068], [7, 16, 0.10455822336212917], [9, 10, 0.366360948705304], [9, 18, 0.26655261882748105], [10, 11, 0.3669791945471885], [10, 19, 0.33739875496940475], [11, 20, 0.7488868260920815], [12, 13, 0.7822582110137692], [12, 21, 0.7694872564291032], [13, 14, 0.6465888041312873], [14, 15, 0.3185596090300523], [14, 23, 0.5011379647555069], [15, 16, 0.46118189687946787], [16, 17, 0.009683667154624098], [18, 27, 0.7296738373634675], [20, 21, 0.30015443612191695], [20, 29, 0.8016342989191777], [21, 22, 0.17541472821399962], [21, 30, 0.26043029267148154], [23, 24, 0.5860571260218238], [23, 32, 0.5105128205905949], [24, 25, 0.3794813898141526], [24, 33, 0.039462005499954156], [25, 26, 0.37724086550885594], [25, 34, 0.15491799030734876], [27, 28, 0.5838630969413292], [27, 36, 0.9069008665151268], [28, 37, 0.9364160626588662], [29, 30, 0.31888189698164193], [30, 39, 0.31421730103515555], [31, 32, 0.8529362595843751], [32, 33, 0.36393675988342766], [32, 41, 0.0682603112527862], [33, 34, 0.8366884615203479], [33, 42, 0.9078951105187766], [34, 35, 0.9837081186249886], [36, 37, 0.6526879371245281], [36, 45, 0.8910230934324016], [37, 46, 0.4546946553349577], [38, 39, 0.204198180181412], [38, 47, 0.48424512453747126], [39, 48, 0.7951195494431279], [40, 41, 0.7998685893873544], [40, 49, 0.5701469746420933], [41, 42, 0.6085145960258139], [41, 50, 0.25282425851563195], [42, 43, 0.815651391145351], [42, 51, 0.7401438053279801], [43, 44, 0.76098158641731], [45, 54, 0.348366970782076], [46, 47, 0.3419843304648208], [46, 55, 0.9687182235789109], [47, 56, 0.5656328576445425], [48, 57, 0.8359137988166978], [49, 58, 0.7985303621779257], [50, 59, 0.7972857943946656], [51, 60, 0.6496677283939807], [52, 53, 0.8346123592960966], [54, 55, 0.47958748579119204], [54, 63, 0.5667767801229399], [55, 56, 0.21254250304763234], [56, 57, 0.6981971830713204], [56, 65, 0.2929786432164977], [57, 66, 0.8399878386496686], [58, 59, 0.7808846893738908], [58, 67, 0.32787527500851044], [59, 60, 0.8755786871665664], [60, 69, 0.7885784384093018], [61, 62, 0.5305579446359938], [61, 70, 0.4982951846617175], [63, 72, 0.36319235540800987], [64, 65, 0.8836162239134029], [64, 73, 0.27621742488463374], [65, 66, 0.42258976543506643], [65, 74, 0.12844941882773986], [67, 68, 0.531146490024983], [68, 69, 0.9648114633896623], [68, 77, 0.44230768008067056], [69, 70, 0.046244829672955734], [69, 78, 0.4097145366159769], [70, 71, 0.3807336175235322], [70, 79, 0.08942976206063769], [8, 17, 0.08230636048359241], [26, 35, 0.9359461190445806], [44, 53, 0.39250958193241314], [53, 62, 0.6174388140186111], [62, 71, 0.38445836247990506], [71, 80, 0.23836678581975768], [74, 75, 0.3735069368381868], [75, 76, 0.7282492251448137], [76, 77, 0.8739164933946162], [77, 78, 0.7697196856551087], [78, 79, 0.3659789343975479], [79, 80, 0.6736555321344406]], "oriented": false, "discover": false, "dist": true, "mode": "map"}