{"pos": [[0, 0], [0, 1], [0, 2], [0, 3], [0, 4], [0, 5], [0, 6], [0, 7], [0, 8], [1, 0], [1, 1], [1, 2], [1, 3], [1, 4], [1, 5], [1, 6], [1, 7], [1, 8], [2, 0], [2, 1], [2, 2], [2, 3], [2, 4], [2, 5], [2, 6], [2, 7], [2, 8], [3, 0], [3, 1], [3, 2], [3, 3], [3, 4], [3, 5], [3, 6], [3, 7], [3, 8], [4, 0], [4, 1], [4, 2], [4, 3], [4, 4], [4, 5], [4, 6], [4, 7], [4, 8], [5, 0], [5, 1], [5, 2], [5, 3], [5, 4], [5, 5], [5, 6], [5, 7], [5, 8], [6, 0], [6, 1], [6, 2], [6, 3], [6, 4], [6, 5], [6, 6], [6, 7], [6, 8], [7, 0], [7, 1], [7, 2], [7, 3], [7, 4], [7, 5], [7, 6], [7, 7], [7, 8], [8, 0], [8, 1], [8, 2], [8, 3], [8, 4], [8, 5], [8, 6], [8, 7], [8, 8]], "edges": [[0, 1, 0.7796238011498711], [0, 9, 0.5837137318569331], [1, 2, 0.6829711388950632], [1, 10, 0.5528833516075667], [2, 3, 0.6645273307838231], [3, 4, 0.32329332554885537], [3, 12, 0.8085849237215427], [4, 5, 0.41692629443979723], [4, 13, 0.5842206782145892], [5, 6, 0.5080589396459384], [6, 7, 0.3183706925013453], [6, 15, 0.6171171530596289], [7, 8, 0.6654672138384171], [10, 11, 0.6083216496919661], [10, 19, 0.0006663150049315281], [11, 12, 0.4558764997466429], [11, 20, 0.6691464004717511], [13, 14, 0.8504454191908494], [13, 22, 0.7649370450222248], [14, 23, 0.8429060741488076], [15, 16, 0.45795056883378127], [15, 24, 0.5992481828798131], [16, 17, 0.7336621343773986], [18, 19, 0.6348268698667002], [19, 20, 0.33702142247619726], [19, 28, 0.40919274042278997], [20, 21, 0.8210167721210964], [21, 22, 0.5533902476200497], [22, 31, 0.6768628860872622], [23, 24, 0.6620904259756074], [23, 32, 0.5760121501572063], [24, 25, 0.20021687208295136], [24, 33, 0.24279837161974005], [25, 26, 0.2797326069600873], [25, 34, 0.7470449063623569], [27, 28, 0.76042677429728], [28, 29, 0.6184712201083905], [28, 37, 0.08922617291790258], [29, 30, 0.5230922140165254], [30, 39, 0.9959580115453732], [31, 40, 0.35386583612843214], [32, 33, 0.7241044275368069], [32, 41, 0.7516347326820432], [33, 34, 0.5127176743625583], [36, 37, 0.36174768912536925], [36, 45, 0.2631744723176208], [37, 38, 0.23094539159603789], [37, 46, 0.4430324551575311], [38, 47, 0.08574005239639437], [39, 40, 0.5089279597894866], [39, 48, 0.5400395412854908], [40, 41, 0.7731094318096404], [40, 49, 0.21683771435787835], [41, 42, 0.2967637748166986], [41, 50, 0.5840234968078083], [42, 43, 0.5846286032386775], [42, 51, 0.9371338818532932], [43, 44, 0.2379727993055527], [45, 46, 0.7489291487821923], [45, 54, 0.4512153688846021], [46, 47, 0.0633637277289606], [46, 55, 0.9817908180627708], [47, 56, 0.6526392507180775], [49, 50, 0.7343564529064074], [49, 58, 0.14280439032618297], [50, 51, 0.1612113849624729], [50, 59, 0.5121569792791963], [51, 52, 0.6906651234679144], [54, 55, 0.2613039992677568], [54, 63, 0.8427693684862383], [55, 64, 0.015204410723210993], [56, 57, 0.1251852331465142], [56, 65, 0.4564650640083122], [57, 58, 0.46070801901390857], [58, 67, 0.06502965856927789], [59, 60, 0.37772627371526646], [59, 68, 0.3480671320331761], [60, 61, 0.794501324136398], [61, 62, 0.387999749791232], [61, 70, 0.7427489277930308], [63, 64, 0.5358883353562452], [63, 72, 0.739524890930939], [64, 65, 0.7070931816728152], [64, 73, 0.7827982304083483], [65, 66, 0.5834643475323765], [65, 74, 0.28340071404026634], [66, 75, 0.7869367964893371], [67, 68, 0.05517050478937058], [68, 69, 0.6186920612768819], [68, 77, 0.9048469576342508], [69, 78, 0.47254933206931804], [70, 71, 0.26931552042433626], [70, 79, 0.35721618105313224], [26, 35, 0.5045040674492254], [44, 53, 0.5599472111280939], [53, 62, 0.3163070168529263], [62, 71, 0.5127648107477031], [71, 80, 0.772349253280718], [72, 73, 0.10414023103468328], [74, 75, 0.7171895399828412], [75, 76, 0.3809878794579372], [76, 77, 0.7548241177494219], [77, 78, 0.6928859531825352], [78, 79, 0.22315052684644787]], "oriented": false, "discover": false, "dist": true, "mode": "map"}