{"pos": [[0, 0], [0, 1], [0, 2], [0, 3], [0, 4], [0, 5], [0, 6], [0, 7], [1, 0], [1, 1], [1, 2], [1, 3], [1, 4], [1, 5], [1, 6], [1, 7], [2, 0], [2, 1], [2, 2], [2, 3], [2, 4], [2, 5], [2, 6], [2, 7], [3, 0], [3, 1], [3, 2], [3, 3], [3, 4], [3, 5], [3, 6], [3, 7], [4, 0], [4, 1], [4, 2], [4, 3], [4, 4], [4, 5], [4, 6], [4, 7], [5, 0], [5, 1], [5, 2], [5, 3], [5, 4], [5, 5], [5, 6], [5, 7], [6, 0], [6, 1], [6, 2], [6, 3], [6, 4], [6, 5], [6, 6], [6, 7], [7, 0], [7, 1], [7, 2], [7, 3], [7, 4], [7, 5], [7, 6], [7, 7]], "edges": [[0, 1, 0.4665160423530964], [1, 2, 0.8916728527471725], [1, 9, 0.6086855045244796], [2, 3, 0.4220453109392186], [2, 10, 0.9711686702443292], [3, 4, 0.32699527294353126], [3, 11, 0.14721365569269151], [4, 5, 0.7573684381417801], [5, 6, 0.3482827100546756], [5, 13, 0.3310420595465531], [6, 7, 0.6133603509775952], [6, 14, 0.1816921222182062], [8, 9, 0.3410596061762915], [9, 10, 0.9911158597680885], [9, 17, 0.004827102505236436], [10, 18, 0.6902059612485474], [11, 12, 0.3419818903134191], [11, 19, 0.5678288201864772], [13, 14, 0.7702535990464703], [13, 21, 0.8427487725093676], [16, 17, 0.18548984855784834], [16, 24, 0.8293930605902233], [17, 18, 0.9624355637045073], [17, 25, 0.37849771219370143], [18, 26, 0.4867992097001418], [19, 20, 0.01422858942752081], [20, 28, 0.6527488688765964], [21, 22, 0.5661136594441263], [21, 29, 0.43853920483971054], [22, 30, 0.43699534050410505], [25, 26, 0.6623055613358397], [25, 33, 0.5019238536678905], [26, 27, 0.9078082085673219], [26, 34, 0.6793551513917832], [27, 28, 0.6877845521906353], [27, 35, 0.2192900122021595], [28, 36, 0.8341152550393306], [29, 30, 0.7489791633707092], [29, 37, 0.4659716319926456], [30, 31, 0.01603757666140071], [30, 38, 0.2433514755737941], [32, 33, 0.394122335731386], [32, 40, 0.5170226548642947], [33, 34, 0.3744413194012156], [34, 42, 0.07491855373996814], [35, 36, 0.2787664843451818], [35, 43, 0.3585623121216537], [37, 38, 0.7938765878338268], [37, 45, 0.628333430052399], [38, 39, 0.13964736817909473], [38, 46, 0.26052126527145003], [40, 48, 0.08611584278583295], [41, 42, 0.28859021986632105], [41, 49, 0.5749647728577153], [42, 50, 0.5388914295434218], [43, 44, 0.41207458169498723], [44, 45, 0.23609624478394164], [44, 52, 0.6335664120397366], [45, 46, 0.6864801192249309], [45, 53, 0.5413760172720103], [49, 50, 0.3695562353013053], [49, 57, 0.5164246330431655], [50, 51, 0.9172042844869748], [50, 58, 0.3052068070310532], [51, 52, 0.7307028401818365], [51, 59, 0.3080027075913738], [53, 54, 0.954697338569745], [53, 61, 0.7617819745959704], [54, 55, 0.2513353848510407], [54, 62, 0.1602111348571591], [7, 15, 0.18948660357156244], [15, 23, 0.9797734003414825], [23, 31, 0.6386940138420941], [31, 39, 0.01722700518723974], [39, 47, 0.571920882866282], [47, 55, 0.12407888792699351], [55, 63, 0.24301515474682978], [56, 57, 0.31042490798174016], [58, 59, 0.1705092085264175], [59, 60, 0.6495293819833615], [61, 62, 0.6970068978158716]], "oriented": false, "discover": false, "dist": true, "mode": "map"}