{"pos": [[0, 0], [0, 1], [0, 2], [0, 3], [0, 4], [0, 5], [0, 6], [0, 7], [1, 0], [1, 1], [1, 2], [1, 3], [1, 4], [1, 5], [1, 6], [1, 7], [2, 0], [2, 1], [2, 2], [2, 3], [2, 4], [2, 5], [2, 6], [2, 7], [3, 0], [3, 1], [3, 2], [3, 3], [3, 4], [3, 5], [3, 6], [3, 7], [4, 0], [4, 1], [4, 2], [4, 3], [4, 4], [4, 5], [4, 6], [4, 7], [5, 0], [5, 1], [5, 2], [5, 3], [5, 4], [5, 5], [5, 6], [5, 7], [6, 0], [6, 1], [6, 2], [6, 3], [6, 4], [6, 5], [6, 6], [6, 7], [7, 0], [7, 1], [7, 2], [7, 3], [7, 4], [7, 5], [7, 6], [7, 7]], "edges": [[0, 1, 0.2769096740434124], [0, 8, 0.784180888383141], [1, 2, 0.4484166679632162], [1, 9, 0.2580079393777178], [2, 3, 0.1619779938625514], [3, 4, 0.31008635236523086], [3, 11, 0.775453110453119], [4, 5, 0.857202959023619], [5, 6, 0.24990420446349837], [6, 7, 0.9827183395279965], [8, 9, 0.8802055724420388], [8, 16, 0.6234006733250014], [9, 10, 0.4891131240923088], [9, 17, 0.5642145272177626], [10, 11, 0.5271912728692276], [10, 18, 0.07425722017323788], [11, 12, 0.24516451795148775], [11, 19, 0.9419558114273349], [12, 13, 0.49436184352109913], [12, 20, 0.018467476651873982], [13, 14, 0.6374213005334465], [13, 21, 0.5973584659589546], [14, 15, 0.8641889874342309], [16, 17, 0.6394863983686963], [16, 24, 0.2296259031065918], [17, 18, 0.2939081669440555], [17, 25, 0.6295801404688502], [18, 19, 0.06233723260649382], [18, 26, 0.10495004781407657], [20, 21, 0.8539371037851955], [20, 28, 0.9628591130232437], [21, 22, 0.7291267390318492], [22, 23, 0.8814438371467128], [22, 30, 0.8950177673969453], [24, 32, 0.48161535289462865], [25, 26, 0.2882168483909021], [25, 33, 0.19274321180227416], [26, 27, 0.09433848569117409], [26, 34, 0.04433173346113395], [27, 28, 0.4493171432722364], [27, 35, 0.9099665082614087], [28, 29, 0.09495408850168352], [28, 36, 0.32890173756886965], [29, 37, 0.6539565088191103], [30, 31, 0.9049603272550013], [30, 38, 0.06670653953316374], [32, 33, 0.29913876529046124], [33, 41, 0.936169622931982], [35, 36, 0.25031111508731374], [35, 43, 0.49536406152444323], [36, 44, 0.4915168977140181], [37, 38, 0.9124126753422133], [37, 45, 0.33832669392274384], [38, 39, 0.6298080061275717], [38, 46, 0.3269916319673305], [40, 41, 0.9767846996640875], [41, 42, 0.49373316485309526], [41, 49, 0.016271661204755983], [42, 43, 0.7103151858727986], [43, 44, 0.3426761162770564], [44, 45, 0.9610120637125972], [44, 52, 0.8273343607126782], [46, 47, 0.24870925624727303], [46, 54, 0.8285000683791562], [48, 49, 0.728793853166908], [48, 56, 0.43487535235514974], [49, 50, 0.6084019067946844], [49, 57, 0.09362226621166658], [50, 51, 0.4672140479518393], [50, 58, 0.6737455660473431], [51, 52, 0.8252352967420392], [51, 59, 0.23908780452916256], [52, 53, 0.9537441382592906], [52, 60, 0.822355061491803], [53, 54, 0.3118901542681678], [53, 61, 0.5826694534906897], [54, 55, 0.3539996998990187], [54, 62, 0.4945165817870383], [56, 57, 0.03677410089764965], [61, 62, 0.9026932873807813], [62, 63, 0.2625474963230007]], "oriented": false, "discover": false, "dist": true, "mode": "map"}