{"pos": [[0, 0], [0, 1], [0, 2], [0, 3], [0, 4], [0, 5], [0, 6], [0, 7], [1, 0], [1, 1], [1, 2], [1, 3], [1, 4], [1, 5], [1, 6], [1, 7], [2, 0], [2, 1], [2, 2], [2, 3], [2, 4], [2, 5], [2, 6], [2, 7], [3, 0], [3, 1], [3, 2], [3, 3], [3, 4], [3, 5], [3, 6], [3, 7], [4, 0], [4, 1], [4, 2], [4, 3], [4, 4], [4, 5], [4, 6], [4, 7], [5, 0], [5, 1], [5, 2], [5, 3], [5, 4], [5, 5], [5, 6], [5, 7], [6, 0], [6, 1], [6, 2], [6, 3], [6, 4], [6, 5], [6, 6], [6, 7], [7, 0], [7, 1], [7, 2], [7, 3], [7, 4], [7, 5], [7, 6], [7, 7]], "edges": [[0, 1, 0.08661532648205206], [0, 8, 0.10068734591004758], [1, 2, 0.949644657676797], [2, 3, 0.05207932488853795], [3, 4, 0.08960361647094195], [3, 11, 0.11309624652499883], [4, 5, 0.06011375101838168], [4, 12, 0.29135669617347626], [5, 6, 0.4857636709834008], [5, 13, 0.8633195684621682], [6, 7, 0.5580275772036818], [6, 14, 0.6883286493056757], [8, 9, 0.5630498615989515], [8, 16, 0.15460670716349167], [10, 11, 0.732362181933931], [11, 12, 0.06208901217815077], [11, 19, 0.217384479142112], [12, 20, 0.44698218835955383], [13, 14, 0.01097578679241995], [14, 15, 0.1791660654131434], [14, 22, 0.6756374445086836], [16, 17, 0.133353441341712], [16, 24, 0.34509887370747905], [17, 18, 0.09242086173362818], [17, 25, 0.8701041546164725], [18, 19, 0.7312852443943075], [18, 26, 0.6176109173393755], [19, 27, 0.3207555351415746], [20, 21, 0.8259830750530319], [20, 28, 0.8650579759294384], [21, 29, 0.2265779840770924], [22, 23, 0.7110787786819533], [22, 30, 0.8435712456263392], [24, 32, 0.4726693921598768], [25, 33, 0.06903217360978131], [26, 27, 0.5566696640348542], [26, 34, 0.7804764724459032], [27, 35, 0.9060379818029566], [29, 30, 0.5060775646557262], [29, 37, 0.08224990838089052], [30, 31, 0.7685557846154111], [30, 38, 0.2735844943610891], [32, 33, 0.14046952881148944], [32, 40, 0.1533108993530231], [33, 41, 0.06626857465037472], [34, 35, 0.9129760551332983], [34, 42, 0.4492304142977809], [35, 36, 0.994161630289884], [35, 43, 0.5634882090220245], [36, 44, 0.4497200321000585], [37, 45, 0.20336487472470144], [38, 46, 0.9512424389281117], [40, 48, 0.016771610024006955], [41, 49, 0.44807224186269157], [42, 43, 0.9159513151262274], [42, 50, 0.3801957156580832], [43, 44, 0.8525675905691971], [44, 52, 0.5361612536301683], [45, 46, 0.6029968412353169], [45, 53, 0.6130596251572767], [46, 47, 0.9075662546790748], [48, 56, 0.23532678086096903], [49, 57, 0.5347113097220558], [50, 51, 0.9500048301212365], [50, 58, 0.010026238713548796], [51, 52, 0.10805479557142716], [52, 60, 0.6053382384966023], [53, 54, 0.6332222041639305], [53, 61, 0.5430285663056794], [54, 55, 0.6920647914747547], [7, 15, 0.3579284972414428], [23, 31, 0.8356084566853058], [31, 39, 0.9914722769831269], [47, 55, 0.6954307178804848], [55, 63, 0.8998363535231938], [57, 58, 0.06293223463053199], [58, 59, 0.36408985470687516], [59, 60, 0.5077008607038562], [60, 61, 0.7561678199225735], [61, 62, 0.07506877971806669], [62, 63, 0.2572047440770754]], "oriented": false, "discover": false, "dist": true, "mode": "map"}