{"pos": [[0, 0], [0, 1], [0, 2], [0, 3], [0, 4], [0, 5], [0, 6], [0, 7], [1, 0], [1, 1], [1, 2], [1, 3], [1, 4], [1, 5], [1, 6], [1, 7], [2, 0], [2, 1], [2, 2], [2, 3], [2, 4], [2, 5], [2, 6], [2, 7], [3, 0], [3, 1], [3, 2], [3, 3], [3, 4], [3, 5], [3, 6], [3, 7], [4, 0], [4, 1], [4, 2], [4, 3], [4, 4], [4, 5], [4, 6], [4, 7], [5, 0], [5, 1], [5, 2], [5, 3], [5, 4], [5, 5], [5, 6], [5, 7], [6, 0], [6, 1], [6, 2], [6, 3], [6, 4], [6, 5], [6, 6], [6, 7], [7, 0], [7, 1], [7, 2], [7, 3], [7, 4], [7, 5], [7, 6], [7, 7]], "edges": [[0, 1, 0.3352995014483824], [0, 8, 0.7883035392949285], [1, 2, 0.7415022759434602], [1, 9, 0.985602157108526], [2, 3, 0.26799600121019684], [3, 4, 0.9317512018204507], [3, 11, 0.35785571789739345], [4, 5, 0.9044747640729446], [4, 12, 0.8573963131434257], [5, 6, 0.46506328335484115], [6, 7, 0.7626832957750411], [6, 14, 0.07266896016098034], [8, 16, 0.5077461637022778], [9, 10, 0.4856719678531112], [9, 17, 0.026486947846219966], [10, 18, 0.39367432291994386], [12, 13, 0.24404733022143954], [12, 20, 0.7459008183974011], [13, 21, 0.5799279365938884], [14, 22, 0.011686033511080995], [16, 17, 0.6609664925142781], [16, 24, 0.7651673360131888], [17, 25, 0.022097653210051527], [18, 19, 0.26008612568869705], [18, 26, 0.7178809240243255], [19, 20, 0.2846641027747975], [21, 22, 0.5227491537869986], [22, 23, 0.8425997453167654], [25, 26, 0.7113042218226725], [25, 33, 0.2543128229056192], [26, 27, 0.6927130164339876], [26, 34, 0.8392885889781782], [27, 28, 0.7135057852407739], [27, 35, 0.3919299875575514], [28, 29, 0.9821480521550743], [28, 36, 0.947424877015269], [29, 30, 0.26360922500480666], [29, 37, 0.6908714976949748], [30, 31, 0.4166277400715839], [30, 38, 0.9780673436463324], [32, 33, 0.12059971986530749], [32, 40, 0.9082182747293215], [33, 34, 0.06186680677109013], [33, 41, 0.24558807074060585], [34, 35, 0.38838623328886246], [34, 42, 0.660198964326789], [38, 39, 0.047380498213179245], [38, 46, 0.5703595101540324], [40, 41, 0.4650120838584102], [41, 49, 0.9155901077590711], [42, 43, 0.12367777981660999], [42, 50, 0.09078841707867236], [43, 44, 0.7183585055408781], [43, 51, 0.42234577348481517], [44, 45, 0.3871082958470936], [44, 52, 0.9380507065086834], [45, 46, 0.7651172269421861], [45, 53, 0.4393669496816007], [46, 47, 0.6325507861449707], [46, 54, 0.19567807975361118], [48, 49, 0.868973848358079], [49, 50, 0.06789166479878406], [49, 57, 0.7986299681488979], [50, 51, 0.4487489263724075], [51, 52, 0.4700338607883774], [51, 59, 0.3184955294603219], [52, 60, 0.37787431609536104], [53, 54, 0.4147523775922304], [53, 61, 0.5997277080489186], [54, 62, 0.13207218675930255], [7, 15, 0.4048827784957906], [15, 23, 0.44794226356685285], [31, 39, 0.8052410249913113], [39, 47, 0.7466135448160516], [47, 55, 0.16761382052132512], [55, 63, 0.36659676406384245], [56, 57, 0.45872091261959125], [57, 58, 0.5744985169615187], [59, 60, 0.8314318783796081], [61, 62, 0.8598495780819669], [62, 63, 0.694296754575239]], "oriented": false, "discover": false, "dist": true, "mode": "map"}