{"pos": [[0, 0], [0, 1], [0, 2], [0, 3], [0, 4], [0, 5], [0, 6], [0, 7], [0, 8], [1, 0], [1, 1], [1, 2], [1, 3], [1, 4], [1, 5], [1, 6], [1, 7], [1, 8], [2, 0], [2, 1], [2, 2], [2, 3], [2, 4], [2, 5], [2, 6], [2, 7], [2, 8], [3, 0], [3, 1], [3, 2], [3, 3], [3, 4], [3, 5], [3, 6], [3, 7], [3, 8], [4, 0], [4, 1], [4, 2], [4, 3], [4, 4], [4, 5], [4, 6], [4, 7], [4, 8], [5, 0], [5, 1], [5, 2], [5, 3], [5, 4], [5, 5], [5, 6], [5, 7], [5, 8], [6, 0], [6, 1], [6, 2], [6, 3], [6, 4], [6, 5], [6, 6], [6, 7], [6, 8], [7, 0], [7, 1], [7, 2], [7, 3], [7, 4], [7, 5], [7, 6], [7, 7], [7, 8], [8, 0], [8, 1], [8, 2], [8, 3], [8, 4], [8, 5], [8, 6], [8, 7], [8, 8]], "edges": [[0, 1, 0.4069254607273083], [0, 9, 0.7016778072734178], [1, 2, 0.8566694627759293], [1, 10, 0.6069969877501377], [2, 3, 0.5021646870388412], [2, 11, 0.5703709904346471], [3, 4, 0.9345423163547759], [3, 12, 0.6421631122193954], [4, 5, 0.5617236147598064], [4, 13, 0.3631590135152284], [5, 6, 0.0026367388708538053], [5, 14, 0.5766966822880479], [6, 7, 0.39563768409951217], [7, 8, 0.8436234809752531], [7, 16, 0.3829995890422657], [9, 18, 0.6897087825925641], [10, 19, 0.17571216031736714], [11, 12, 0.2775148025726931], [11, 20, 0.6819293668136541], [12, 13, 0.43572646896507405], [14, 15, 0.7849023040875054], [14, 23, 0.5421755149740957], [15, 16, 0.6198381717496723], [15, 24, 0.6813360099129546], [16, 17, 0.9240349077530727], [16, 25, 0.04633239951135293], [18, 19, 0.27116311046739394], [18, 27, 0.3370474864109204], [19, 20, 0.7281040253214061], [19, 28, 0.008465913483240328], [20, 21, 0.2929497181274737], [20, 29, 0.6665051046209566], [21, 22, 0.008559613098318652], [22, 23, 0.11593037651478189], [22, 31, 0.9558192958748121], [23, 24, 0.6689463020924628], [24, 33, 0.4095926718624381], [25, 26, 0.2597708496621063], [28, 37, 0.555345765739209], [29, 30, 0.5194556312734419], [29, 38, 0.4027166179544509], [30, 31, 0.6736690829836598], [30, 39, 0.3185058992636882], [31, 40, 0.5422664013031737], [32, 33, 0.5525766016295338], [32, 41, 0.4188919524030653], [33, 34, 0.7050151509861559], [33, 42, 0.7986568092759456], [34, 43, 0.5451326791693395], [36, 37, 0.8038324833939786], [37, 38, 0.09963231412932672], [37, 46, 0.9560022833017997], [38, 47, 0.24659169773591683], [39, 40, 0.611460413568049], [39, 48, 0.382208523664586], [40, 49, 0.2991421718437023], [41, 50, 0.26734737068643344], [42, 51, 0.9741616150609034], [43, 44, 0.6611878724146294], [45, 46, 0.13014005738475265], [46, 55, 0.27220916769382975], [47, 56, 0.6637156138587159], [48, 49, 0.314832436207512], [50, 51, 0.8976420562888987], [50, 59, 0.9047267790149397], [51, 52, 0.5117100229417858], [51, 60, 0.7269091696847411], [52, 53, 0.5573546866310615], [52, 61, 0.26649275467424494], [54, 55, 0.6063980349590277], [54, 63, 0.5353478962858844], [55, 64, 0.7252440927088749], [56, 57, 0.29486459390831876], [56, 65, 0.9975367253163048], [57, 58, 0.5258358188815663], [58, 67, 0.4694965226820862], [60, 61, 0.37363461919655905], [60, 69, 0.3548603995034073], [61, 62, 0.4453048488111049], [61, 70, 0.3322044873642068], [64, 65, 0.04666411888474242], [65, 66, 0.007650175050590291], [65, 74, 0.8036077731899813], [66, 67, 0.8983562702822521], [66, 75, 0.007073032278559821], [67, 68, 0.9718660305449642], [67, 76, 0.7879783659608149], [68, 69, 0.2816288808017724], [68, 77, 0.6640767447055307], [69, 78, 0.5794884270923427], [8, 17, 0.46936568207970375], [17, 26, 0.1993870366898125], [26, 35, 0.464060637877841], [35, 44, 0.5408436419600257], [44, 53, 0.861541229819557], [53, 62, 0.6033092764464688], [62, 71, 0.024321400138624716], [72, 73, 0.3447762975295251], [73, 74, 0.042185414688890366], [74, 75, 0.1980304001067854], [76, 77, 0.4828172529942182], [77, 78, 0.4446167515885753], [78, 79, 0.9963233743570505], [79, 80, 0.637118803376848]], "oriented": false, "discover": false, "dist": true, "mode": "map"}