{"pos": [[0, 0], [0, 1], [0, 2], [0, 3], [0, 4], [0, 5], [0, 6], [0, 7], [0, 8], [1, 0], [1, 1], [1, 2], [1, 3], [1, 4], [1, 5], [1, 6], [1, 7], [1, 8], [2, 0], [2, 1], [2, 2], [2, 3], [2, 4], [2, 5], [2, 6], [2, 7], [2, 8], [3, 0], [3, 1], [3, 2], [3, 3], [3, 4], [3, 5], [3, 6], [3, 7], [3, 8], [4, 0], [4, 1], [4, 2], [4, 3], [4, 4], [4, 5], [4, 6], [4, 7], [4, 8], [5, 0], [5, 1], [5, 2], [5, 3], [5, 4], [5, 5], [5, 6], [5, 7], [5, 8], [6, 0], [6, 1], [6, 2], [6, 3], [6, 4], [6, 5], [6, 6], [6, 7], [6, 8], [7, 0], [7, 1], [7, 2], [7, 3], [7, 4], [7, 5], [7, 6], [7, 7], [7, 8], [8, 0], [8, 1], [8, 2], [8, 3], [8, 4], [8, 5], [8, 6], [8, 7], [8, 8]], "edges": [[0, 1, 0.566263324798483], [0, 9, 0.13713529638776412], [1, 2, 0.0060518060078395], [1, 10, 0.20360442489526298], [2, 3, 0.1763891723411588], [2, 11, 0.17630461804726794], [3, 4, 0.4889752407800114], [3, 12, 0.7948513821216109], [4, 5, 0.9356360062989606], [5, 6, 0.2186113346151749], [6, 7, 0.6978661056642013], [7, 8, 0.7218907790964202], [9, 10, 0.8386112719201645], [9, 18, 0.23345589029050517], [10, 11, 0.02108604057600094], [11, 12, 0.27273989480866134], [11, 20, 0.07721105904306802], [12, 13, 0.8270271922844349], [12, 21, 0.48033574396947687], [13, 14, 0.05542199097986644], [14, 15, 0.9446123808111269], [14, 23, 0.6730350689169778], [15, 16, 0.23316335742741745], [16, 25, 0.12228899530087167], [18, 19, 0.42849117778666745], [18, 27, 0.24570473828107742], [19, 20, 0.6695159768273183], [20, 21, 0.27568929403491615], [20, 29, 0.02816347307961986], [21, 22, 0.1052564959290021], [21, 30, 0.305098085329347], [23, 24, 0.5976595143457457], [23, 32, 0.27191515781181075], [25, 34, 0.6213396581398241], [27, 28, 0.11929439093650895], [27, 36, 0.5950921318726681], [29, 38, 0.9224142735336885], [30, 31, 0.5870516379949908], [31, 40, 0.25513052743924336], [32, 33, 0.6622972373116961], [32, 41, 0.43102845985810645], [33, 42, 0.631079667046591], [34, 35, 0.2151971712214802], [34, 43, 0.08292123135261498], [36, 37, 0.43212376039674316], [36, 45, 0.18620098914973426], [37, 46, 0.015305038505506907], [38, 39, 0.8886211045866541], [39, 40, 0.20627720029702679], [40, 41, 0.48987669090688024], [40, 49, 0.1354365019948357], [41, 42, 0.47986235993703186], [42, 43, 0.909348014541165], [43, 44, 0.5165678205216938], [43, 52, 0.1208992988165476], [45, 46, 0.48679022848504616], [45, 54, 0.7297828079358658], [46, 47, 0.7866698852998005], [47, 48, 0.7613453792607823], [47, 56, 0.9075248278917918], [48, 49, 0.47371921103961045], [48, 57, 0.981173696770847], [49, 50, 0.35134069575006044], [50, 51, 0.8351316572332746], [50, 59, 0.3833741191706246], [51, 52, 0.1680214484366228], [52, 53, 0.048161832264678184], [52, 61, 0.7758605174933423], [54, 55, 0.7520533538028809], [54, 63, 0.8985640993319328], [55, 56, 0.23130042584527089], [55, 64, 0.5728592774518906], [57, 58, 0.8941660422116972], [58, 59, 0.8410897278764571], [58, 67, 0.041645544986649075], [59, 60, 0.5278953823268526], [59, 68, 0.33642263048752463], [60, 61, 0.04677726866643994], [61, 62, 0.24957914596593778], [61, 70, 0.8219396402238224], [63, 64, 0.10438232342618003], [63, 72, 0.5762302082349696], [64, 65, 0.6303600794147399], [64, 73, 0.11255934934500156], [65, 66, 0.4655481644943591], [66, 67, 0.5424772049486783], [66, 75, 0.3896612401258054], [67, 68, 0.11931999429659423], [67, 76, 0.5114632040062403], [68, 69, 0.19125156301638346], [68, 77, 0.05272154841431609], [69, 70, 0.44397766527698435], [70, 71, 0.3206423298514677], [70, 79, 0.7868650733220296], [8, 17, 0.6878773322871853], [17, 26, 0.6528470047219554], [44, 53, 0.005419843801146018], [71, 80, 0.22281997737425252], [72, 73, 0.23178054615149246], [73, 74, 0.32812420227247596], [75, 76, 0.8407718941570348], [76, 77, 0.5253044323205599], [77, 78, 0.26900503766182415], [78, 79, 0.25490891033758756]], "oriented": false, "discover": false, "dist": true, "mode": "map"}