{"pos": [[0, 0], [0, 1], [0, 2], [0, 3], [0, 4], [0, 5], [0, 6], [0, 7], [1, 0], [1, 1], [1, 2], [1, 3], [1, 4], [1, 5], [1, 6], [1, 7], [2, 0], [2, 1], [2, 2], [2, 3], [2, 4], [2, 5], [2, 6], [2, 7], [3, 0], [3, 1], [3, 2], [3, 3], [3, 4], [3, 5], [3, 6], [3, 7], [4, 0], [4, 1], [4, 2], [4, 3], [4, 4], [4, 5], [4, 6], [4, 7], [5, 0], [5, 1], [5, 2], [5, 3], [5, 4], [5, 5], [5, 6], [5, 7], [6, 0], [6, 1], [6, 2], [6, 3], [6, 4], [6, 5], [6, 6], [6, 7], [7, 0], [7, 1], [7, 2], [7, 3], [7, 4], [7, 5], [7, 6], [7, 7]], "edges": [[0, 1, 0.9725364947774732], [0, 8, 0.10300050511275027], [1, 2, 0.8375610748980669], [1, 9, 0.38413921242931415], [2, 3, 0.8881606814415077], [3, 4, 0.1875441198205], [3, 11, 0.07214509316158979], [4, 5, 0.043267764066677095], [5, 6, 0.7973986051539387], [5, 13, 0.5456440243019052], [6, 7, 0.27823269484673097], [6, 14, 0.11358751700015624], [8, 16, 0.8386758064834049], [10, 11, 0.3446425706693945], [10, 18, 0.15209182747704975], [11, 12, 0.6052899603002542], [11, 19, 0.07423070373264085], [12, 13, 0.9795093187865055], [12, 20, 0.602312905228644], [13, 14, 0.2924572918665802], [13, 21, 0.764897289013868], [14, 22, 0.6515608593836387], [16, 17, 0.26697815026617333], [16, 24, 0.4375463987350051], [17, 18, 0.4391851951193404], [17, 25, 0.6765231407597937], [18, 19, 0.9351251829743807], [18, 26, 0.6243428671708564], [19, 20, 0.5167779984480242], [20, 21, 0.6901437524763723], [20, 28, 0.7247983217853079], [21, 22, 0.20554510397999326], [21, 29, 0.4668142800306111], [22, 23, 0.2412640989963013], [22, 30, 0.632991988568717], [24, 32, 0.15753985260119097], [25, 26, 0.5568454635841629], [25, 33, 0.5539068227155278], [26, 34, 0.36519954506096475], [27, 28, 0.9263802064702515], [27, 35, 0.5085272819478274], [28, 36, 0.03830710361039269], [29, 30, 0.41822481720109683], [29, 37, 0.9053541028775676], [30, 38, 0.38491220298457185], [32, 40, 0.09344573757252328], [33, 34, 0.46999093838944783], [33, 41, 0.21077279995018738], [34, 35, 0.8013203526295223], [34, 42, 0.07531710038222483], [35, 36, 0.25130719073365426], [36, 37, 0.522165699446344], [38, 39, 0.7530952969693399], [38, 46, 0.9764721179248099], [40, 41, 0.2541824693007394], [40, 48, 0.6618062766453702], [41, 42, 0.06253914549339246], [41, 49, 0.24880382103930787], [42, 43, 0.4096722938285332], [42, 50, 0.5276048676207501], [43, 44, 0.6995550576262094], [44, 45, 0.31094922513187095], [44, 52, 0.8959385335550153], [46, 54, 0.3420927526395361], [48, 56, 0.9033449983837991], [49, 57, 0.6213585401930862], [50, 51, 0.5938148519468116], [50, 58, 0.06257267526186439], [52, 53, 0.2959682919162284], [52, 60, 0.9911005801432121], [53, 61, 0.045620655033213], [7, 15, 0.813865502299676], [23, 31, 0.1871603961864069], [31, 39, 0.1179104263137305], [39, 47, 0.9804693871365024], [47, 55, 0.3387783968288157], [55, 63, 0.4783682117948935], [58, 59, 0.7795004836597991], [60, 61, 0.8335638908844822], [61, 62, 0.9731339455289418], [62, 63, 0.16862652367960962]], "oriented": false, "discover": false, "dist": true, "mode": "map"}