{"pos": [[0, 0], [0, 1], [0, 2], [0, 3], [0, 4], [0, 5], [0, 6], [0, 7], [0, 8], [1, 0], [1, 1], [1, 2], [1, 3], [1, 4], [1, 5], [1, 6], [1, 7], [1, 8], [2, 0], [2, 1], [2, 2], [2, 3], [2, 4], [2, 5], [2, 6], [2, 7], [2, 8], [3, 0], [3, 1], [3, 2], [3, 3], [3, 4], [3, 5], [3, 6], [3, 7], [3, 8], [4, 0], [4, 1], [4, 2], [4, 3], [4, 4], [4, 5], [4, 6], [4, 7], [4, 8], [5, 0], [5, 1], [5, 2], [5, 3], [5, 4], [5, 5], [5, 6], [5, 7], [5, 8], [6, 0], [6, 1], [6, 2], [6, 3], [6, 4], [6, 5], [6, 6], [6, 7], [6, 8], [7, 0], [7, 1], [7, 2], [7, 3], [7, 4], [7, 5], [7, 6], [7, 7], [7, 8], [8, 0], [8, 1], [8, 2], [8, 3], [8, 4], [8, 5], [8, 6], [8, 7], [8, 8]], "edges": [[0, 1, 0.49315480930988853], [0, 9, 0.2824267205511296], [1, 2, 0.037016157710954234], [1, 10, 0.21415966095454098], [2, 3, 0.2141931095741395], [3, 4, 0.9028485299487233], [3, 12, 0.817043425729024], [4, 5, 0.26859933376990264], [4, 13, 0.038524667866447704], [5, 6, 0.5670926121414251], [6, 7, 0.013499288664026388], [6, 15, 0.7545213421693076], [7, 8, 0.5013792290380257], [7, 16, 0.9207075418024399], [10, 11, 0.8811118365655227], [10, 19, 0.6955539127909547], [11, 12, 0.38155521797154346], [12, 13, 0.5334157595481382], [13, 14, 0.5380940036548425], [13, 22, 0.8572990375379527], [14, 15, 0.7326079056527108], [14, 23, 0.11942455989885226], [15, 16, 0.6457631297146664], [16, 17, 0.7916668464957244], [16, 25, 0.11742312831288138], [18, 19, 0.06539303832110943], [19, 20, 0.9234276978195085], [19, 28, 0.8689563617805082], [20, 21, 0.7897318353659792], [20, 29, 0.8294509554184251], [21, 30, 0.534516828854576], [22, 23, 0.7987970321162265], [22, 31, 0.25023869538325605], [23, 24, 0.7238096614044309], [24, 33, 0.4419206630764144], [27, 28, 0.8492792813501592], [27, 36, 0.07248351067765768], [28, 29, 0.30861327217383305], [28, 37, 0.6107111912210733], [29, 30, 0.1804781321162704], [29, 38, 0.3078949509478388], [30, 39, 0.2127535297851998], [31, 32, 0.11319678120312615], [31, 40, 0.09155258965593494], [32, 33, 0.9610969095756473], [33, 34, 0.6516700417769364], [34, 35, 0.6371609155825052], [34, 43, 0.5563868058754426], [36, 37, 0.8653252042474878], [36, 45, 0.1452625859212373], [37, 38, 0.40538236972161834], [37, 46, 0.03440295234350488], [38, 39, 0.4459042298823588], [38, 47, 0.340780133253645], [39, 40, 0.6054046627549489], [40, 41, 0.2853659918519754], [40, 49, 0.24460373251339673], [41, 42, 0.21677318665261014], [42, 43, 0.33037134050896855], [45, 54, 0.3551375281870115], [46, 47, 0.7539576856107294], [47, 48, 0.5838244150640692], [47, 56, 0.6418036004511056], [49, 50, 0.6896353506421705], [49, 58, 0.7140078693925969], [50, 51, 0.9581915369843099], [50, 59, 0.049483174343383785], [51, 52, 0.010226275786130112], [51, 60, 0.03760796904254393], [52, 53, 0.4780868768173421], [52, 61, 0.6324199453829745], [54, 63, 0.8603420754502393], [55, 56, 0.47731501113339103], [55, 64, 0.996682145861843], [56, 57, 0.7545152608127098], [56, 65, 0.030613875851940753], [57, 58, 0.6309060170233328], [58, 59, 0.818758680956117], [58, 67, 0.23739064550194566], [59, 60, 0.6480347476530577], [60, 69, 0.1413648650188999], [61, 62, 0.34598902939573795], [61, 70, 0.631868407571946], [63, 72, 0.25859504833659164], [64, 65, 0.8404188309821847], [64, 73, 0.2893568614505838], [65, 66, 0.1469514505570172], [65, 74, 0.2626720179197347], [67, 68, 0.03476871752823263], [67, 76, 0.16940549601486532], [68, 69, 0.4128683796525112], [68, 77, 0.3536582624650736], [69, 78, 0.5149823251807013], [70, 79, 0.4275614751690098], [8, 17, 0.28234507284534827], [17, 26, 0.877444271925843], [35, 44, 0.1847699331396223], [44, 53, 0.4907791273468749], [62, 71, 0.005452191633776526], [72, 73, 0.5407117960144506], [74, 75, 0.6024191922203241], [76, 77, 0.19978283187962365], [77, 78, 0.861041041938514], [79, 80, 0.9587255726009007]], "oriented": false, "discover": false, "dist": true, "mode": "map"}