{"pos": [[0, 0], [0, 1], [0, 2], [0, 3], [0, 4], [0, 5], [0, 6], [0, 7], [0, 8], [1, 0], [1, 1], [1, 2], [1, 3], [1, 4], [1, 5], [1, 6], [1, 7], [1, 8], [2, 0], [2, 1], [2, 2], [2, 3], [2, 4], [2, 5], [2, 6], [2, 7], [2, 8], [3, 0], [3, 1], [3, 2], [3, 3], [3, 4], [3, 5], [3, 6], [3, 7], [3, 8], [4, 0], [4, 1], [4, 2], [4, 3], [4, 4], [4, 5], [4, 6], [4, 7], [4, 8], [5, 0], [5, 1], [5, 2], [5, 3], [5, 4], [5, 5], [5, 6], [5, 7], [5, 8], [6, 0], [6, 1], [6, 2], [6, 3], [6, 4], [6, 5], [6, 6], [6, 7], [6, 8], [7, 0], [7, 1], [7, 2], [7, 3], [7, 4], [7, 5], [7, 6], [7, 7], [7, 8], [8, 0], [8, 1], [8, 2], [8, 3], [8, 4], [8, 5], [8, 6], [8, 7], [8, 8]], "edges": [[0, 1, 0.2572391125474911], [0, 9, 0.17327900207392133], [1, 2, 0.6933964261737297], [1, 10, 0.5367775819207912], [2, 3, 0.9898519635516264], [2, 11, 0.12826217452510302], [3, 4, 0.006572591388252946], [4, 5, 0.9447180127958159], [4, 13, 0.06291186749041366], [5, 6, 0.04111320955583042], [6, 7, 0.7426932149946439], [6, 15, 0.7509084267641986], [7, 8, 0.7161459543990092], [7, 16, 0.5687412953823899], [9, 10, 0.6302826814690338], [9, 18, 0.7245745593134727], [10, 11, 0.5755472977785658], [10, 19, 0.4400116541344177], [11, 12, 0.9498513095706053], [12, 13, 0.7455643888551021], [12, 21, 0.555031616025706], [13, 14, 0.6690388918883912], [14, 15, 0.16210942522046035], [14, 23, 0.6593404679731302], [15, 16, 0.8032464664729431], [15, 24, 0.659764936705222], [16, 17, 0.5393304119330102], [16, 25, 0.6616304277436986], [18, 19, 0.6597756605183203], [18, 27, 0.9626148260494577], [20, 21, 0.09840350881902071], [21, 22, 0.1322321394906616], [21, 30, 0.20906826886206398], [22, 23, 0.24523395866157038], [22, 31, 0.7725397092578337], [23, 24, 0.4257686797608061], [23, 32, 0.8012123106101248], [24, 33, 0.12767940721163518], [25, 26, 0.03806196545983154], [25, 34, 0.020878500853238946], [27, 28, 0.6596515131933874], [27, 36, 0.44431411390932674], [28, 29, 0.7669244738807137], [28, 37, 0.9667475092842105], [29, 30, 0.6412204462679466], [30, 39, 0.5924761296902699], [31, 40, 0.508693014870774], [32, 33, 0.4872365676789442], [32, 41, 0.4773824220892243], [33, 42, 0.6336935488391504], [34, 35, 0.4506839858503331], [34, 43, 0.5984676483698735], [36, 37, 0.12102996706778413], [36, 45, 0.8460319092935972], [37, 38, 0.7890405761411068], [37, 46, 0.361319690062205], [38, 47, 0.15291615749058074], [39, 48, 0.27982533370055473], [40, 41, 0.28092341864598513], [41, 42, 0.8129597743538459], [41, 50, 0.6512420235158991], [42, 43, 0.06358032360457555], [43, 44, 0.622176604411233], [43, 52, 0.722458719489029], [45, 54, 0.4557947812886167], [46, 47, 0.35944286223230193], [48, 49, 0.07713536586218783], [48, 57, 0.8747975695069377], [49, 58, 0.6912462516418988], [50, 51, 0.8764215137504299], [50, 59, 0.8572249785468234], [51, 60, 0.3608090038770566], [52, 61, 0.2301096073633957], [54, 55, 0.7024336931544768], [54, 63, 0.769175070221269], [55, 56, 0.34724160109801405], [56, 65, 0.0704886999433032], [57, 66, 0.9388413676386336], [58, 67, 0.33132618531862523], [59, 60, 0.5733787411033869], [59, 68, 0.059176767807992414], [60, 61, 0.5595350235664364], [60, 69, 0.49755506818805084], [61, 70, 0.2494015448614042], [63, 64, 0.4328387074876048], [63, 72, 0.8244700347784333], [64, 73, 0.04552382196417726], [66, 75, 0.630819559053366], [68, 69, 0.6619767930026378], [68, 77, 0.9740137519443508], [69, 78, 0.5367559373082653], [70, 71, 0.9645057569768466], [70, 79, 0.005562063270459938], [17, 26, 0.130630533438426], [26, 35, 0.9119135497642415], [35, 44, 0.8179958820052108], [44, 53, 0.766327881933515], [53, 62, 0.18201220559369347], [73, 74, 0.19321978265302564], [74, 75, 0.5664701587843995], [75, 76, 0.26956199737059416], [76, 77, 0.5376101857224187], [77, 78, 0.6348873991880083], [79, 80, 0.5453369992296044]], "oriented": false, "discover": false, "dist": true, "mode": "map"}