{"pos": [[0, 0], [0, 1], [0, 2], [0, 3], [0, 4], [0, 5], [0, 6], [0, 7], [1, 0], [1, 1], [1, 2], [1, 3], [1, 4], [1, 5], [1, 6], [1, 7], [2, 0], [2, 1], [2, 2], [2, 3], [2, 4], [2, 5], [2, 6], [2, 7], [3, 0], [3, 1], [3, 2], [3, 3], [3, 4], [3, 5], [3, 6], [3, 7], [4, 0], [4, 1], [4, 2], [4, 3], [4, 4], [4, 5], [4, 6], [4, 7], [5, 0], [5, 1], [5, 2], [5, 3], [5, 4], [5, 5], [5, 6], [5, 7], [6, 0], [6, 1], [6, 2], [6, 3], [6, 4], [6, 5], [6, 6], [6, 7], [7, 0], [7, 1], [7, 2], [7, 3], [7, 4], [7, 5], [7, 6], [7, 7]], "edges": [[0, 1, 0.6538967296547458], [0, 8, 0.3350470579381152], [1, 2, 0.09738390598089997], [2, 3, 0.2767213045059028], [2, 10, 0.9970421155565278], [4, 5, 0.6318364818734414], [4, 12, 0.709332271625606], [5, 13, 0.4467742337297097], [6, 7, 0.029235294289848057], [6, 14, 0.25385105322665646], [8, 9, 0.30993931206557723], [8, 16, 0.062235428062153764], [9, 10, 0.3781652700355229], [10, 11, 0.6526690224984195], [11, 12, 0.893919505810023], [11, 19, 0.16981519755299657], [12, 13, 0.40169366265998185], [12, 20, 0.9293875349574181], [13, 14, 0.6183706581738045], [13, 21, 0.7850585034947957], [16, 17, 0.9563871729965036], [16, 24, 0.17130871270913317], [17, 18, 0.23904620298076584], [17, 25, 0.1516439711720987], [18, 19, 0.7239697033049612], [18, 26, 0.9776050826725176], [20, 28, 0.7745626622449133], [21, 22, 0.7257279768243071], [21, 29, 0.2513021779244179], [22, 23, 0.7027263754860906], [22, 30, 0.22005042196597435], [24, 25, 0.4831478202648689], [24, 32, 0.2842410167278723], [25, 33, 0.19099589717819432], [26, 27, 0.3301951517296675], [26, 34, 0.8443341608394264], [28, 36, 0.9734960775087178], [29, 37, 0.5914930668516079], [30, 31, 0.6539286165204607], [32, 33, 0.8009885313439142], [32, 40, 0.42556532129435576], [33, 34, 0.5024805111204275], [33, 41, 0.03309137069647883], [34, 35, 0.5443697916588048], [35, 36, 0.2452205785343221], [35, 43, 0.24084992953501305], [36, 44, 0.27038935873814496], [37, 38, 0.7301802826555633], [37, 45, 0.6863919078267373], [38, 39, 0.4581657824165115], [38, 46, 0.3793633162572493], [40, 41, 0.27226036998258685], [40, 48, 0.9325480962192251], [41, 42, 0.27636926729460376], [41, 49, 0.4258061663841066], [43, 44, 0.04280085369426323], [44, 45, 0.9414130162260755], [46, 54, 0.4472856055656048], [48, 56, 0.7361076359355809], [49, 50, 0.8520727952314637], [50, 51, 0.988688421718392], [50, 58, 0.08648378029878434], [51, 52, 0.9065525835721451], [51, 59, 0.6018873028430425], [52, 53, 0.26114128281417825], [52, 60, 0.46906863664678233], [53, 54, 0.9055547633023451], [53, 61, 0.050715640561622144], [54, 55, 0.6907085569272788], [54, 62, 0.7140402614580319], [7, 15, 0.22101315961270107], [31, 39, 0.46004016889730803], [39, 47, 0.30894443178920206], [47, 55, 0.8206569951385688], [55, 63, 0.8662769694968602], [57, 58, 0.6469089667571962], [58, 59, 0.640551490862363], [59, 60, 0.4139623827426163], [60, 61, 0.7116810188557268], [61, 62, 0.25144510717788715], [62, 63, 0.5269598526074766]], "oriented": false, "discover": false, "dist": true, "mode": "map"}