{"pos": [[0, 0], [0, 1], [0, 2], [0, 3], [0, 4], [0, 5], [0, 6], [0, 7], [0, 8], [1, 0], [1, 1], [1, 2], [1, 3], [1, 4], [1, 5], [1, 6], [1, 7], [1, 8], [2, 0], [2, 1], [2, 2], [2, 3], [2, 4], [2, 5], [2, 6], [2, 7], [2, 8], [3, 0], [3, 1], [3, 2], [3, 3], [3, 4], [3, 5], [3, 6], [3, 7], [3, 8], [4, 0], [4, 1], [4, 2], [4, 3], [4, 4], [4, 5], [4, 6], [4, 7], [4, 8], [5, 0], [5, 1], [5, 2], [5, 3], [5, 4], [5, 5], [5, 6], [5, 7], [5, 8], [6, 0], [6, 1], [6, 2], [6, 3], [6, 4], [6, 5], [6, 6], [6, 7], [6, 8], [7, 0], [7, 1], [7, 2], [7, 3], [7, 4], [7, 5], [7, 6], [7, 7], [7, 8], [8, 0], [8, 1], [8, 2], [8, 3], [8, 4], [8, 5], [8, 6], [8, 7], [8, 8]], "edges": [[0, 1, 0.9075276569021904], [0, 9, 0.7683256544041388], [2, 11, 0.16609181997159783], [3, 12, 0.5763445669362086], [4, 5, 0.10805932081317726], [4, 13, 0.6351551436274203], [5, 6, 0.5109355372488326], [5, 14, 0.39274683720178505], [6, 7, 0.49920928964891864], [6, 15, 0.6470041164002566], [7, 8, 0.8237555638691466], [7, 16, 0.15518112097955583], [9, 10, 0.176030386589608], [9, 18, 0.9307390921277435], [10, 11, 0.9961088991274452], [11, 12, 0.7511695090021481], [11, 20, 0.011772982354321893], [12, 13, 0.1332105527980061], [12, 21, 0.8359948832492456], [13, 14, 0.49592229406071875], [13, 22, 0.6335813214937199], [15, 16, 0.651229662405038], [15, 24, 0.31522583674059546], [16, 17, 0.5480305726368744], [16, 25, 0.33345161936755796], [18, 19, 0.8765955590054043], [18, 27, 0.6873938168121526], [19, 20, 0.8193855427642137], [19, 28, 0.6730031806741272], [21, 30, 0.23282759309928047], [22, 23, 0.3232856547777435], [22, 31, 0.8124973635845216], [23, 32, 0.5772997589335624], [24, 25, 0.6829723717316543], [24, 33, 0.7895375789657695], [25, 34, 0.04830383140662298], [27, 28, 0.049457233165058345], [27, 36, 0.9973462778262526], [28, 29, 0.6218808305982657], [28, 37, 0.505621595928765], [29, 30, 0.5676554219112605], [29, 38, 0.4454214800687679], [30, 39, 0.12423693972080152], [31, 32, 0.4557446010654642], [32, 41, 0.7704084642902419], [33, 34, 0.683002585891402], [33, 42, 0.48364361589973437], [34, 35, 0.8733764867539059], [34, 43, 0.6577978801195589], [36, 37, 0.09894513050508036], [36, 45, 0.3114133818045912], [37, 38, 0.8446840055508797], [38, 39, 0.20314702594056122], [38, 47, 0.7081563345698801], [39, 40, 0.1074351749771304], [40, 41, 0.38953594557600024], [40, 49, 0.18106963105980178], [41, 42, 0.1019008717843285], [41, 50, 0.03608378562858949], [42, 43, 0.3472669152070422], [43, 52, 0.36172258815839464], [45, 46, 0.7682359784779682], [45, 54, 0.7130864309697659], [46, 47, 0.6952797215746033], [46, 55, 0.5022838158101706], [47, 48, 0.17569244853524502], [47, 56, 0.3069477827393965], [48, 49, 0.6680764857262826], [48, 57, 0.9918660398186688], [49, 58, 0.6541222269594139], [50, 51, 0.767433373676779], [50, 59, 0.3168877316466173], [51, 52, 0.6169940918005848], [51, 60, 0.642480983037116], [52, 53, 0.513530754058056], [52, 61, 0.6380136421791341], [54, 55, 0.741434622486669], [54, 63, 0.9158540710719321], [55, 64, 0.3495761462898477], [58, 67, 0.25226377050877524], [59, 68, 0.12660961203047238], [60, 69, 0.5901695375644338], [61, 62, 0.9174625126200963], [61, 70, 0.5741795074072167], [63, 64, 0.715198297985178], [63, 72, 0.5308042754607952], [64, 65, 0.4945573000219138], [64, 73, 0.13653668864136037], [65, 66, 0.9656597108415681], [65, 74, 0.44191803462353885], [66, 75, 0.8275277337256238], [70, 79, 0.7080644707459797], [17, 26, 0.012472960984082682], [35, 44, 0.8308926399365727], [53, 62, 0.050420566559523095], [62, 71, 0.6211931300023626], [72, 73, 0.2846606973169077], [73, 74, 0.38662589316255647], [74, 75, 0.8354316719567761], [75, 76, 0.31892056870310415], [76, 77, 0.28203570278194956], [77, 78, 0.6070849741844504], [78, 79, 0.571803688619694], [79, 80, 0.3071126616082396]], "oriented": false, "discover": false, "dist": true, "mode": "map"}