{"pos": [[0, 0], [0, 1], [0, 2], [0, 3], [0, 4], [0, 5], [0, 6], [0, 7], [1, 0], [1, 1], [1, 2], [1, 3], [1, 4], [1, 5], [1, 6], [1, 7], [2, 0], [2, 1], [2, 2], [2, 3], [2, 4], [2, 5], [2, 6], [2, 7], [3, 0], [3, 1], [3, 2], [3, 3], [3, 4], [3, 5], [3, 6], [3, 7], [4, 0], [4, 1], [4, 2], [4, 3], [4, 4], [4, 5], [4, 6], [4, 7], [5, 0], [5, 1], [5, 2], [5, 3], [5, 4], [5, 5], [5, 6], [5, 7], [6, 0], [6, 1], [6, 2], [6, 3], [6, 4], [6, 5], [6, 6], [6, 7], [7, 0], [7, 1], [7, 2], [7, 3], [7, 4], [7, 5], [7, 6], [7, 7]], "edges": [[0, 1, 0.7029347546566517], [0, 8, 0.6956608118058121], [2, 10, 0.7421300560482242], [3, 4, 0.9417282038373065], [3, 11, 0.433925612902741], [4, 5, 0.9205790214354543], [5, 13, 0.8761977205191148], [6, 7, 0.2802658017902586], [6, 14, 0.9092332456094465], [8, 9, 0.08162163419907353], [8, 16, 0.46100434471602436], [9, 10, 0.9330885530699509], [9, 17, 0.07650386243862395], [10, 11, 0.25318965459806664], [10, 18, 0.23511701441392463], [11, 12, 0.6276229923559227], [11, 19, 0.33111373874056615], [12, 13, 0.8361465194993178], [12, 20, 0.2895160537076372], [13, 14, 0.6867044623733187], [14, 15, 0.35666164423886304], [14, 22, 0.9384022865831417], [16, 17, 0.3726809715065095], [16, 24, 0.8763653392093321], [17, 18, 0.1501207048320835], [17, 25, 0.4949039083421024], [18, 26, 0.666060503871824], [19, 27, 0.5563902705761258], [20, 21, 0.8911261711226071], [20, 28, 0.747028833819444], [21, 22, 0.07223315714561884], [21, 29, 0.16029051930007432], [22, 30, 0.32241755807952044], [25, 26, 0.11816657571151046], [25, 33, 0.22872033955307947], [26, 27, 0.9879778220701895], [27, 35, 0.1337681516583591], [28, 29, 0.3800938955143831], [28, 36, 0.12364507660049262], [29, 37, 0.9826003872633069], [30, 38, 0.4782421948328578], [32, 33, 0.5418194868442459], [33, 34, 0.7378887336278919], [33, 41, 0.32367260043987633], [35, 43, 0.09508217398114427], [36, 44, 0.12221018048859078], [37, 45, 0.15547932875477477], [40, 41, 0.8349712594625841], [40, 48, 0.5252506339709679], [41, 42, 0.39081262382827087], [41, 49, 0.35513760167852637], [42, 43, 0.4259578586745517], [42, 50, 0.17079080873818409], [43, 44, 0.2582111264257386], [44, 52, 0.7927589716967063], [45, 46, 0.1980971905917458], [45, 53, 0.010341168934215994], [46, 47, 0.5162696347860927], [48, 49, 0.7693361675493855], [48, 56, 0.7773380172765915], [49, 50, 0.5176210091259753], [49, 57, 0.3968047572852297], [50, 51, 0.9077699840787589], [50, 58, 0.27327684144183806], [51, 52, 0.8757779425358327], [51, 59, 0.9165843230227865], [52, 60, 0.4744408448114251], [53, 54, 0.7762083470948268], [53, 61, 0.00268254724402206], [54, 55, 0.1657474189493563], [54, 62, 0.5771373538401344], [15, 23, 0.07835445832133892], [23, 31, 0.2628842644015137], [31, 39, 0.8286228733888803], [39, 47, 0.6785948839126001], [47, 55, 0.1765938117461161], [56, 57, 0.29630018189439533], [59, 60, 0.708758299912796], [60, 61, 0.6811993469365122], [61, 62, 0.7451609956561951], [62, 63, 0.5295934722099094]], "oriented": false, "discover": false, "dist": true, "mode": "map"}