{"pos": [[0, 0], [0, 1], [0, 2], [0, 3], [0, 4], [0, 5], [0, 6], [0, 7], [1, 0], [1, 1], [1, 2], [1, 3], [1, 4], [1, 5], [1, 6], [1, 7], [2, 0], [2, 1], [2, 2], [2, 3], [2, 4], [2, 5], [2, 6], [2, 7], [3, 0], [3, 1], [3, 2], [3, 3], [3, 4], [3, 5], [3, 6], [3, 7], [4, 0], [4, 1], [4, 2], [4, 3], [4, 4], [4, 5], [4, 6], [4, 7], [5, 0], [5, 1], [5, 2], [5, 3], [5, 4], [5, 5], [5, 6], [5, 7], [6, 0], [6, 1], [6, 2], [6, 3], [6, 4], [6, 5], [6, 6], [6, 7], [7, 0], [7, 1], [7, 2], [7, 3], [7, 4], [7, 5], [7, 6], [7, 7]], "edges": [[0, 1, 0.8356819515640451], [0, 8, 0.9154127024101457], [1, 2, 0.29497712339623194], [2, 3, 0.6120012101157125], [2, 10, 0.35612489714680284], [3, 4, 0.5732958229222078], [3, 11, 0.42041666922794096], [4, 5, 0.4675867148211279], [4, 12, 0.9760076324068055], [5, 6, 0.2230109675284664], [6, 7, 0.3943797298938435], [6, 14, 0.8917964995726531], [8, 9, 0.5946915968756011], [8, 16, 0.04066748952577004], [10, 11, 0.3046130455963375], [10, 18, 0.5819057568803481], [11, 19, 0.9090592578689697], [12, 13, 0.9276810081105826], [12, 20, 0.45017595691923873], [13, 14, 0.05686568611816989], [13, 21, 0.09025632201016653], [14, 22, 0.6189981504269697], [16, 17, 0.06369636653826738], [16, 24, 0.983424121322789], [17, 25, 0.8587078143379365], [18, 19, 0.7294464689822517], [19, 27, 0.9379016691854641], [20, 28, 0.5190571068656349], [21, 22, 0.797528856082583], [21, 29, 0.7380159679259453], [22, 23, 0.057631250490255304], [24, 32, 0.0856477336493171], [25, 26, 0.9289922569847312], [25, 33, 0.5507148725604748], [26, 34, 0.556003343626289], [28, 36, 0.9072219925870442], [29, 30, 0.680163652873594], [29, 37, 0.8253364903628273], [30, 38, 0.11148351139068924], [32, 40, 0.12163310933862082], [33, 34, 0.15108377733032285], [33, 41, 0.07254090882472375], [34, 35, 0.20446021757665844], [34, 42, 0.5304566554157398], [35, 43, 0.7922611223512442], [36, 37, 0.32630602230371275], [36, 44, 0.9256088893407141], [37, 45, 0.31964457290925663], [38, 39, 0.2364895493659882], [38, 46, 0.935111042167407], [40, 41, 0.8329823694394091], [40, 48, 0.8027909485145965], [41, 42, 0.28033048567866603], [42, 43, 0.7812058426448453], [42, 50, 0.8551401042064912], [43, 51, 0.22944407570093728], [44, 45, 0.3249440341199751], [45, 46, 0.3291636462840394], [45, 53, 0.5637817064739914], [46, 47, 0.6203266371889933], [46, 54, 0.8513048454427228], [48, 49, 0.8254589429718201], [48, 56, 0.5184246372989144], [49, 50, 0.4241351426554347], [49, 57, 0.6520627204739232], [50, 58, 0.01121242467000605], [51, 52, 0.31485504837170686], [51, 59, 0.6698358981752177], [52, 53, 0.694105870117053], [52, 60, 0.3768291340130847], [53, 54, 0.06680591403406688], [53, 61, 0.0033516568996661], [7, 15, 0.3261660161226597], [23, 31, 0.39278440460258346], [31, 39, 0.03196648038373606], [47, 55, 0.043065121837079445], [55, 63, 0.14939073845717277], [56, 57, 0.24999632621569146], [59, 60, 0.28015844961786485], [61, 62, 0.1896828879036575], [62, 63, 0.6648607836186436]], "oriented": false, "discover": false, "dist": true, "mode": "map"}