{"pos": [[0, 0], [0, 1], [0, 2], [0, 3], [0, 4], [0, 5], [0, 6], [0, 7], [0, 8], [1, 0], [1, 1], [1, 2], [1, 3], [1, 4], [1, 5], [1, 6], [1, 7], [1, 8], [2, 0], [2, 1], [2, 2], [2, 3], [2, 4], [2, 5], [2, 6], [2, 7], [2, 8], [3, 0], [3, 1], [3, 2], [3, 3], [3, 4], [3, 5], [3, 6], [3, 7], [3, 8], [4, 0], [4, 1], [4, 2], [4, 3], [4, 4], [4, 5], [4, 6], [4, 7], [4, 8], [5, 0], [5, 1], [5, 2], [5, 3], [5, 4], [5, 5], [5, 6], [5, 7], [5, 8], [6, 0], [6, 1], [6, 2], [6, 3], [6, 4], [6, 5], [6, 6], [6, 7], [6, 8], [7, 0], [7, 1], [7, 2], [7, 3], [7, 4], [7, 5], [7, 6], [7, 7], [7, 8], [8, 0], [8, 1], [8, 2], [8, 3], [8, 4], [8, 5], [8, 6], [8, 7], [8, 8]], "edges": [[0, 1, 0.9890761923650709], [0, 9, 0.4703091521211238], [2, 3, 0.8562061191569201], [2, 11, 0.48684200232068386], [4, 5, 0.9826086221939011], [4, 13, 0.16840608092764053], [5, 6, 0.6737879959714513], [7, 8, 0.2287132495530373], [7, 16, 0.9299737668142125], [9, 10, 0.0631331857407369], [9, 18, 0.45379221046317664], [10, 11, 0.09079439604609252], [11, 12, 0.11777029551061091], [11, 20, 0.9523074886286642], [12, 13, 0.7725104601997845], [12, 21, 0.6052486366777013], [13, 14, 0.3004691901760639], [13, 22, 0.7937891850452371], [14, 23, 0.21668362704931476], [15, 16, 0.3796412677266966], [15, 24, 0.195909726503664], [16, 17, 0.28566665032357275], [16, 25, 0.8854543476814237], [18, 19, 0.15900138990625823], [18, 27, 0.4095343182545699], [19, 20, 0.663324370332528], [19, 28, 0.6274451458924409], [20, 21, 0.4162455136380776], [20, 29, 0.8071715278874433], [21, 30, 0.8877333641088168], [22, 23, 0.018839767583407774], [23, 24, 0.8232619286732346], [23, 32, 0.6426493504318416], [24, 25, 0.0062206366723273065], [24, 33, 0.0015845616307355037], [25, 34, 0.7296353595132343], [27, 28, 0.6405553112170926], [27, 36, 0.7955140758457061], [29, 30, 0.9894912543286728], [29, 38, 0.4348298655509656], [30, 31, 0.5107374224427338], [30, 39, 0.01987320990028918], [31, 32, 0.9994541151379251], [31, 40, 0.6059949826011469], [34, 35, 0.04444520237479144], [34, 43, 0.6938394128433257], [36, 37, 0.953681418974273], [36, 45, 0.2841938129250726], [37, 38, 0.23061282395393312], [37, 46, 0.9845543257547571], [38, 39, 0.1510985671995817], [39, 40, 0.5592173547815817], [39, 48, 0.6783652759038518], [40, 41, 0.8976153561074592], [40, 49, 0.666222409916211], [41, 42, 0.4364235286946706], [41, 50, 0.32503348400425713], [43, 44, 0.6874691708389699], [43, 52, 0.29365703537748167], [45, 46, 0.04897634502273651], [45, 54, 0.2377211893229607], [46, 47, 0.7479509025284629], [46, 55, 0.42696862664671476], [47, 48, 0.7581853316285821], [48, 57, 0.0574336609430216], [50, 51, 0.005802239116398211], [52, 61, 0.659236554443587], [54, 55, 0.553705895780208], [54, 63, 0.7571549657181996], [55, 56, 0.4024289411011739], [56, 57, 0.8446470540400243], [56, 65, 0.29347556900204896], [57, 58, 0.8689885289171471], [57, 66, 0.42120312308650176], [58, 59, 0.8149973438847464], [58, 67, 0.1035270672001587], [59, 68, 0.5906220294477394], [60, 61, 0.6319516927877065], [60, 69, 0.4253331205623878], [61, 62, 0.5062946934641409], [61, 70, 0.832136185137606], [63, 64, 0.6194616919842838], [63, 72, 0.9510691686000288], [64, 65, 0.09350875226961775], [64, 73, 0.44293429875838386], [65, 66, 0.6916382778971135], [65, 74, 0.1548667334430981], [66, 75, 0.26053439579609494], [67, 68, 0.6446306035898776], [67, 76, 0.8926068172070877], [69, 70, 0.4208008535215433], [70, 71, 0.9528823276630664], [70, 79, 0.12768011711433347], [8, 17, 0.38359365869546425], [17, 26, 0.04250887736367326], [26, 35, 0.1551057709843464], [44, 53, 0.9352783951463798], [71, 80, 0.17728084841002556], [73, 74, 0.3905340406665242], [74, 75, 0.8817360187764302], [75, 76, 0.7805556974299362], [76, 77, 0.5050897390556365], [78, 79, 0.37966705054899075]], "oriented": false, "discover": false, "dist": true, "mode": "map"}