{"pos": [[0, 0], [0, 1], [0, 2], [0, 3], [0, 4], [0, 5], [0, 6], [0, 7], [1, 0], [1, 1], [1, 2], [1, 3], [1, 4], [1, 5], [1, 6], [1, 7], [2, 0], [2, 1], [2, 2], [2, 3], [2, 4], [2, 5], [2, 6], [2, 7], [3, 0], [3, 1], [3, 2], [3, 3], [3, 4], [3, 5], [3, 6], [3, 7], [4, 0], [4, 1], [4, 2], [4, 3], [4, 4], [4, 5], [4, 6], [4, 7], [5, 0], [5, 1], [5, 2], [5, 3], [5, 4], [5, 5], [5, 6], [5, 7], [6, 0], [6, 1], [6, 2], [6, 3], [6, 4], [6, 5], [6, 6], [6, 7], [7, 0], [7, 1], [7, 2], [7, 3], [7, 4], [7, 5], [7, 6], [7, 7]], "edges": [[0, 1, 0.8682788564012207], [0, 8, 0.7459411937524776], [1, 2, 0.8740308527108106], [1, 9, 0.928103975902157], [2, 3, 0.8282724616398582], [2, 10, 0.1684603288443448], [3, 4, 0.6538801596782128], [3, 11, 0.9388768465608439], [4, 5, 0.9284744667719431], [4, 12, 0.5625050468197705], [5, 6, 0.008200848236280756], [5, 13, 0.4482776361500268], [6, 7, 0.36332286170061123], [6, 14, 0.3016764688258463], [8, 16, 0.31625763646135074], [9, 17, 0.4097551637007799], [10, 18, 0.5343375100310257], [11, 19, 0.5720303224499779], [12, 20, 0.7016829582102474], [13, 21, 0.8820001209829755], [14, 15, 0.8035136338791878], [14, 22, 0.1503796105801145], [16, 17, 0.44916992232604447], [16, 24, 0.30421906223961204], [17, 18, 0.29462120849693674], [18, 19, 0.3520109811645381], [18, 26, 0.5507775614962561], [20, 28, 0.31224187012809224], [21, 22, 0.5154107089751117], [22, 23, 0.381188768968994], [22, 30, 0.26803425810411163], [24, 25, 0.6858312290075484], [24, 32, 0.5024884456126106], [25, 33, 0.5184862496788641], [26, 27, 0.4703659876370383], [26, 34, 0.7496823138583063], [27, 35, 0.15947059575392042], [28, 29, 0.02773300243265986], [28, 36, 0.08970566663794877], [29, 37, 0.901760916462211], [30, 38, 0.08017594183364363], [32, 33, 0.9575044540667962], [32, 40, 0.4318034556938932], [33, 41, 0.569734591672234], [34, 42, 0.43023299407048576], [35, 36, 0.9460636774665724], [36, 37, 0.22710211727651042], [36, 44, 0.40050733598064836], [37, 45, 0.7945902498477458], [38, 39, 0.03520700856459702], [38, 46, 0.7110702168421759], [40, 41, 0.3397608857293536], [40, 48, 0.21657587776112053], [42, 50, 0.03496976909203553], [43, 44, 0.5653871766126772], [43, 51, 0.5650579478242928], [44, 45, 0.7230677109579927], [44, 52, 0.9234084983457576], [45, 53, 0.6473298830118788], [46, 47, 0.58952536510321], [48, 49, 0.08473112211588629], [48, 56, 0.24826706249996833], [49, 50, 0.433302576053227], [50, 51, 0.9476920926387956], [50, 58, 0.06760655509280755], [51, 52, 0.01407088227356701], [51, 59, 0.7912719091821163], [52, 60, 0.5879868183392595], [53, 54, 0.0620024566096965], [54, 62, 0.3230505164544992], [15, 23, 0.6909303287987709], [23, 31, 0.8248329385250645], [31, 39, 0.29281979430525595], [39, 47, 0.05148587253382053], [47, 55, 0.7458450262807514], [56, 57, 0.8428741326621273], [57, 58, 0.35495111657742406], [59, 60, 0.7621422647815768], [60, 61, 0.23752527572808546], [61, 62, 0.39699811699897014], [62, 63, 0.291719936524386]], "oriented": false, "discover": false, "dist": true, "mode": "map"}