{"pos": [[0, 0], [0, 1], [0, 2], [0, 3], [0, 4], [0, 5], [0, 6], [0, 7], [0, 8], [1, 0], [1, 1], [1, 2], [1, 3], [1, 4], [1, 5], [1, 6], [1, 7], [1, 8], [2, 0], [2, 1], [2, 2], [2, 3], [2, 4], [2, 5], [2, 6], [2, 7], [2, 8], [3, 0], [3, 1], [3, 2], [3, 3], [3, 4], [3, 5], [3, 6], [3, 7], [3, 8], [4, 0], [4, 1], [4, 2], [4, 3], [4, 4], [4, 5], [4, 6], [4, 7], [4, 8], [5, 0], [5, 1], [5, 2], [5, 3], [5, 4], [5, 5], [5, 6], [5, 7], [5, 8], [6, 0], [6, 1], [6, 2], [6, 3], [6, 4], [6, 5], [6, 6], [6, 7], [6, 8], [7, 0], [7, 1], [7, 2], [7, 3], [7, 4], [7, 5], [7, 6], [7, 7], [7, 8], [8, 0], [8, 1], [8, 2], [8, 3], [8, 4], [8, 5], [8, 6], [8, 7], [8, 8]], 
"edges": [[0, 1, 0.49389443697517466], [0, 9, 0.7436132985164307], [1, 2, 0.06615268617395398], [1, 10, 0.5972914897806358], [2, 3, 0.03905041234148765], [2, 11, 0.024251727801898992], [3, 4, 0.8928398868788877], [3, 12, 0.5008775170061436], [4, 5, 0.809656898210596], [5, 6, 0.8490981999252548], [5, 14, 0.2879118123566904], [6, 7, 0.8438465437245413], [6, 15, 0.046940480104862736], [7, 8, 0.6980139255470625], [7, 16, 0.8739427759732307], [10, 11, 0.5328407330778364], [10, 19, 0.626828818787852], [11, 20, 0.010853893269715531], [12, 13, 0.7706851830002289], [14, 15, 0.10240583802375003], [14, 23, 0.3563547471373164], [15, 16, 0.769415792800031], [15, 24, 0.892690929659603], [16, 17, 0.3605912777988771], [16, 25, 0.7619722314904859], [18, 19, 0.7830835544121624], [18, 27, 0.023391127792945277], [19, 28, 0.9316635814232747], [20, 21, 0.6050138176188009], [20, 29, 0.8105225759752058], [21, 22, 0.47308356257797535], [21, 30, 0.36461411514231135], [22, 31, 0.12365997878983259], [23, 32, 0.20537704070276375], [24, 33, 0.27400196263589793], [25, 26, 0.49209960892264437], [25, 34, 0.312415454468558], [27, 28, 0.17522649116524325], [28, 29, 0.6956079278838173], [28, 37, 0.42080968711845046], [29, 30, 0.8088689313721648], [29, 38, 0.07427356784113615], [30, 39, 0.7617247387425872], [31, 32, 0.6998691310788727], [31, 40, 0.494255089790015], [32, 33, 0.5203607254991024], [33, 34, 0.48107048803538977], [34, 35, 0.09847102083784687], [34, 43, 0.7633698347684541], [36, 37, 0.7953986203102736], [37, 38, 0.052067444506300076], [37, 46, 0.3687034547059794], [38, 39, 0.25402231027763233], [39, 40, 0.09696623011777739], [40, 49, 0.4648970980143651], [41, 42, 0.9668442831271272], [41, 50, 0.34488411127871543], [42, 43, 0.3546648631234598], [43, 52, 0.0048046962482410915], [45, 46, 0.5654660348586809], [45, 54, 0.9189168974296793], [46, 47, 0.5943944484193409], [46, 55, 0.018450689333401216], [47, 48, 0.10743024996543271], [48, 49, 0.1694266130443558], [48, 57, 0.712134465013022], [49, 58, 0.6377121137618782], [50, 51, 0.517716278144465], [50, 59, 0.030114145518503888], [51, 52, 0.3663805346247093], [51, 60, 0.01488429251786072], [52, 53, 0.45125047400635543], [52, 61, 0.9123122461686901], [54, 63, 0.9706757457691444], [55, 56, 0.3231272617264678], [55, 64, 0.17012025433455413], [56, 65, 0.9167886941896799], [57, 58, 0.9909194811001025], [57, 66, 0.2518975556371391], [58, 59, 0.6021347486469323], [58, 67, 0.1550515838187484], [59, 68, 0.28067222562626815], [60, 61, 0.15841384023137706], [60, 69, 0.677524396188451], [63, 64, 0.3253851651071791], [64, 73, 0.08815054511725129], [65, 66, 0.3346506568832923], [65, 74, 0.945710309888956], [66, 67, 0.46249476030642644], [66, 75, 0.2520757768931975], [68, 77, 0.0989869031319649], [70, 71, 0.5771065919207878], [70, 79, 0.11675465024957565], [26, 35, 0.015575706302670467], [44, 53, 0.13432664580706266], [53, 62, 0.17649158270880239], [62, 71, 0.6228991942310845], [71, 80, 0.4810160327820856], [72, 73, 0.5517262691298219], [74, 75, 0.6524903646302685], [75, 76, 0.4326161408869682], [76, 77, 0.6917088724754954], [77, 78, 0.9478030854156685], [78, 79, 0.29355124503394703]], 
"oriented": false, "discover": false, "dist": true, "mode": "map"}
