{"pos": [[0, 0], [0, 1], [0, 2], [0, 3], [0, 4], [0, 5], [0, 6], [0, 7], [1, 0], [1, 1], [1, 2], [1, 3], [1, 4], [1, 5], [1, 6], [1, 7], [2, 0], [2, 1], [2, 2], [2, 3], [2, 4], [2, 5], [2, 6], [2, 7], [3, 0], [3, 1], [3, 2], [3, 3], [3, 4], [3, 5], [3, 6], [3, 7], [4, 0], [4, 1], [4, 2], [4, 3], [4, 4], [4, 5], [4, 6], [4, 7], [5, 0], [5, 1], [5, 2], [5, 3], [5, 4], [5, 5], [5, 6], [5, 7], [6, 0], [6, 1], [6, 2], [6, 3], [6, 4], [6, 5], [6, 6], [6, 7], [7, 0], [7, 1], [7, 2], [7, 3], [7, 4], [7, 5], [7, 6], [7, 7]], "edges": [[0, 1, 0.1849532936128675], [0, 8, 0.14855974717953846], [2, 3, 0.252752337523538], [2, 10, 0.0074266224535363135], [3, 4, 0.811171427958235], [3, 11, 0.07408673823293832], [4, 5, 0.24300489018355853], [5, 6, 0.06940566127960157], [5, 13, 0.21575266276112048], [6, 7, 0.7161522996686966], [6, 14, 0.8137607957047749], [8, 9, 0.29278814174503587], [8, 16, 0.7792649942812206], [9, 10, 0.5018330938854286], [10, 11, 0.5733960317144977], [11, 12, 0.07690946958420697], [11, 19, 0.6184894928871505], [12, 13, 0.4530969659681444], [12, 20, 0.4659176658276022], [13, 14, 0.9473554361600753], [13, 21, 0.41799558374441814], [14, 15, 0.43054946580166387], [14, 22, 0.939252442164959], [16, 17, 0.8203359836908314], [16, 24, 0.9240660578127861], [17, 18, 0.5147134613942552], [19, 20, 0.5075964427919041], [19, 27, 0.321342345909158], [20, 21, 0.8070408512018803], [20, 28, 0.3406283794314895], [21, 29, 0.524946830583035], [22, 23, 0.7147694758511955], [22, 30, 0.1584219210788872], [24, 25, 0.010239102200992667], [24, 32, 0.5418404902541051], [25, 26, 0.16596534892054227], [25, 33, 0.8250277075169251], [26, 27, 0.9955340787721616], [26, 34, 0.7291786911224577], [27, 28, 0.060173102232768505], [27, 35, 0.2502336100854595], [28, 29, 0.06253411038595336], [29, 37, 0.28138991973366934], [30, 31, 0.6483424999938839], [30, 38, 0.20696315919780628], [32, 40, 0.7549212376549621], [33, 34, 0.08765227376757545], [33, 41, 0.9467349627808329], [35, 36, 0.16308776690097015], [35, 43, 0.545836366008767], [36, 44, 0.0818680078728381], [37, 45, 0.7366128721002294], [38, 39, 0.45364561058846176], [40, 41, 0.37308852937036285], [40, 48, 0.17409039365311585], [41, 42, 0.12723202736102457], [41, 49, 0.2737976797494086], [42, 43, 0.5243510676752369], [42, 50, 0.1989278073865347], [43, 44, 0.14169649971780085], [43, 51, 0.47383712080714435], [44, 52, 0.8666514372244806], [45, 46, 0.8191641801594353], [45, 53, 0.14643960790551935], [49, 57, 0.6949916648841657], [52, 53, 0.06388501917682587], [52, 60, 0.6268079307147895], [53, 54, 0.37906549630429887], [53, 61, 0.44310708032007784], [54, 62, 0.9441034135195069], [7, 15, 0.42807363418191946], [15, 23, 0.9139495822678608], [23, 31, 0.9275652347297111], [31, 39, 0.2592540564061443], [39, 47, 0.401502144386374], [47, 55, 0.6253901939539177], [56, 57, 0.6377560568220196], [57, 58, 0.5915019350831905], [59, 60, 0.37005026404775243], [60, 61, 0.46183101220791567], [62, 63, 0.5483841574319689]], "oriented": false, "discover": false, "dist": true, "mode": "map"}