{"pos": [[0, 0], [0, 1], [0, 2], [0, 3], [0, 4], [0, 5], [0, 6], [0, 7], [1, 0], [1, 1], [1, 2], [1, 3], [1, 4], [1, 5], [1, 6], [1, 7], [2, 0], [2, 1], [2, 2], [2, 3], [2, 4], [2, 5], [2, 6], [2, 7], [3, 0], [3, 1], [3, 2], [3, 3], [3, 4], [3, 5], [3, 6], [3, 7], [4, 0], [4, 1], [4, 2], [4, 3], [4, 4], [4, 5], [4, 6], [4, 7], [5, 0], [5, 1], [5, 2], [5, 3], [5, 4], [5, 5], [5, 6], [5, 7], [6, 0], [6, 1], [6, 2], [6, 3], [6, 4], [6, 5], [6, 6], [6, 7], [7, 0], [7, 1], [7, 2], [7, 3], [7, 4], [7, 5], [7, 6], [7, 7]], "edges": [[0, 1, 0.24171958624367218], [0, 8, 0.17387744894241164], [1, 2, 0.5930310973442682], [2, 3, 0.9241541449580309], [2, 10, 0.7993425669444459], [3, 4, 0.8334351130620012], [3, 11, 0.008644803712523075], [4, 5, 0.17734330328268777], [4, 12, 0.05375582805941759], [5, 6, 0.5838761054216964], [6, 7, 0.16557313629035963], [6, 14, 0.40771059130585363], [8, 9, 0.5757972284203351], [8, 16, 0.22394611574924062], [9, 17, 0.995174965448076], [10, 11, 0.427315893469859], [11, 19, 0.5659817308982754], [12, 13, 0.8545432925170842], [12, 20, 0.09439415571827836], [13, 21, 0.5986536586734241], [14, 15, 0.6148139066949984], [14, 22, 0.784306139251976], [17, 18, 0.7342512701141078], [17, 25, 0.6771433710634386], [18, 19, 0.770913573331882], [19, 20, 0.5749815583806552], [20, 21, 0.6888224171961539], [20, 28, 0.9535215907814879], [21, 22, 0.9590420181316647], [21, 29, 0.09021524854052099], [22, 30, 0.2084099981461891], [24, 25, 0.6474835783075652], [24, 32, 0.8083148926200181], [25, 26, 0.7558141776607278], [25, 33, 0.5534133026428919], [26, 27, 0.7806203709887932], [27, 28, 0.47475279734327436], [27, 35, 0.16091853349195717], [28, 36, 0.22049808919515868], [29, 30, 0.19548591350070854], [29, 37, 0.04219616970926987], [30, 38, 0.8387070773266005], [32, 40, 0.2655747971500457], [33, 34, 0.06002497003159024], [33, 41, 0.10300595709499183], [34, 42, 0.24192454024936272], [35, 36, 0.8094173011971065], [35, 43, 0.41994603121178087], [36, 37, 0.6372385699508055], [36, 44, 0.7671202511262453], [37, 38, 0.7773758506902162], [37, 45, 0.9437822056809833], [38, 39, 0.20883260620544808], [38, 46, 0.04972057375919248], [40, 41, 0.585480651268855], [40, 48, 0.22018636482120846], [41, 42, 0.05148245517904804], [41, 49, 0.8875605629001605], [42, 43, 0.8243406790052392], [44, 52, 0.4135184775770334], [46, 47, 0.042338584047080796], [46, 54, 0.22064506488999058], [48, 56, 0.0162589553545589], [49, 50, 0.3788456222013049], [49, 57, 0.8039717049484406], [50, 51, 0.8519712983204041], [51, 52, 0.7861927905327379], [51, 59, 0.6478206208236651], [52, 53, 0.04291580806649575], [52, 60, 0.6711274701476699], [53, 54, 0.6156357530643968], [54, 55, 0.4654217426592775], [54, 62, 0.9303690813922874], [7, 15, 0.5968664146792796], [15, 23, 0.41816165121544], [23, 31, 0.3482249730939272], [39, 47, 0.5832047258293513], [55, 63, 0.8473334930350442], [57, 58, 0.6002222993518911], [58, 59, 0.4226953592916586], [61, 62, 0.049769676477584235]], "oriented": false, "discover": false, "dist": true, "mode": "map"}