{"pos": [[0, 0], [0, 1], [0, 2], [0, 3], [0, 4], [0, 5], [0, 6], [0, 7], [1, 0], [1, 1], [1, 2], [1, 3], [1, 4], [1, 5], [1, 6], [1, 7], [2, 0], [2, 1], [2, 2], [2, 3], [2, 4], [2, 5], [2, 6], [2, 7], [3, 0], [3, 1], [3, 2], [3, 3], [3, 4], [3, 5], [3, 6], [3, 7], [4, 0], [4, 1], [4, 2], [4, 3], [4, 4], [4, 5], [4, 6], [4, 7], [5, 0], [5, 1], [5, 2], [5, 3], [5, 4], [5, 5], [5, 6], [5, 7], [6, 0], [6, 1], [6, 2], [6, 3], [6, 4], [6, 5], [6, 6], [6, 7], [7, 0], [7, 1], [7, 2], [7, 3], [7, 4], [7, 5], [7, 6], [7, 7]], "edges": [[0, 1, 0.8928090316153127], [0, 8, 0.969332321004348], [1, 2, 0.5079792233587033], [1, 9, 0.7109241232188829], [2, 3, 0.8316760515055307], [3, 4, 0.7423155308254179], [3, 11, 0.6133532953915722], [4, 5, 0.536733494198634], [4, 12, 0.6154873846089695], [5, 6, 0.8011873222466441], [5, 13, 0.4226996843080689], [6, 7, 0.5423750441424996], [8, 16, 0.4539329586352505], [9, 10, 0.49287808314167325], [9, 17, 0.8688270737839033], [11, 12, 0.6142181557641281], [11, 19, 0.08909587382740669], [12, 20, 0.9339057550226605], [13, 14, 0.320753932508534], [14, 22, 0.680140114525921], [16, 24, 0.264346505001955], [17, 18, 0.4917311640122787], [17, 25, 0.8916541414037918], [18, 19, 0.126966927271141], [18, 26, 0.5260666678651945], [19, 27, 0.1533504296788456], [20, 21, 0.10180428732618807], [20, 28, 0.9031652309782267], [21, 29, 0.326521785265934], [22, 23, 0.10652773122726222], [22, 30, 0.5525775093098858], [24, 32, 0.7410313078972581], [25, 26, 0.720807536707837], [25, 33, 0.5941023094148044], [26, 27, 0.7720798859007044], [26, 34, 0.7942425157438477], [27, 35, 0.5772990198747026], [28, 36, 0.7708594721235495], [30, 31, 0.04963444313680532], [30, 38, 0.09342106162252417], [32, 40, 0.5171730921466651], [33, 34, 0.5441332611019287], [33, 41, 0.43585595632994134], [34, 35, 0.13457583837377318], [34, 42, 0.7582302639774048], [35, 43, 0.29255984602968865], [36, 37, 0.36122231382689296], [36, 44, 0.335676397033161], [38, 46, 0.609633148376722], [40, 48, 0.8159412695533577], [41, 49, 0.36809644991161605], [42, 43, 0.10191031189811606], [42, 50, 0.9630896867416822], [43, 44, 0.23451274410348255], [44, 45, 0.09076737292114867], [44, 52, 0.48813162678101185], [45, 46, 0.6718447714501805], [45, 53, 0.007419842283266309], [46, 54, 0.128884183220632], [48, 56, 0.3897960241178279], [49, 50, 0.8741111205206017], [49, 57, 0.9807460707370556], [50, 51, 0.7286049034112764], [50, 58, 0.9803040853141612], [51, 59, 0.49003782692792963], [52, 53, 0.05460060565591984], [53, 54, 0.26825450784529525], [53, 61, 0.12559882272348266], [54, 55, 0.40639046715980987], [54, 62, 0.7166124694580921], [7, 15, 0.5985863316266182], [15, 23, 0.4558622307245688], [31, 39, 0.7591523321786305], [39, 47, 0.7973806963416752], [47, 55, 0.1564007471650225], [55, 63, 0.9014542363237489], [56, 57, 0.1255159866860477], [57, 58, 0.6914404623585076], [59, 60, 0.4849804168894033], [60, 61, 0.13623144369538076], [62, 63, 0.14563995862958934]], "oriented": false, "discover": false, "dist": true, "mode": "map"}