{"pos": [[0, 0], [0, 1], [0, 2], [0, 3], [0, 4], [0, 5], [0, 6], [0, 7], [1, 0], [1, 1], [1, 2], [1, 3], [1, 4], [1, 5], [1, 6], [1, 7], [2, 0], [2, 1], [2, 2], [2, 3], [2, 4], [2, 5], [2, 6], [2, 7], [3, 0], [3, 1], [3, 2], [3, 3], [3, 4], [3, 5], [3, 6], [3, 7], [4, 0], [4, 1], [4, 2], [4, 3], [4, 4], [4, 5], [4, 6], [4, 7], [5, 0], [5, 1], [5, 2], [5, 3], [5, 4], [5, 5], [5, 6], [5, 7], [6, 0], [6, 1], [6, 2], [6, 3], [6, 4], [6, 5], [6, 6], [6, 7], [7, 0], [7, 1], [7, 2], [7, 3], [7, 4], [7, 5], [7, 6], [7, 7]], "edges": [[0, 8, 0.12325826513421556], [1, 2, 0.07852103705593327], [1, 9, 0.9596074614721806], [2, 3, 0.22574309644454438], [2, 10, 0.28776573780181125], [4, 12, 0.1617368336594729], [5, 6, 0.8778854368692723], [5, 13, 0.6938705676062233], [6, 7, 0.3552154982795477], [8, 9, 0.15266726298732392], [8, 16, 0.4495112057683396], [9, 10, 0.09417030105637081], [9, 17, 0.24365475323213615], [10, 11, 0.37499123635526066], [11, 12, 0.6936007149957906], [12, 13, 0.939314074863685], [12, 20, 0.38156225669660304], [13, 14, 0.09575693947812769], [13, 21, 0.6805478203897894], [14, 22, 0.7323932353120134], [17, 25, 0.8616212318596909], [18, 19, 0.797780170409085], [19, 20, 0.9114424594222466], [19, 27, 0.585221444312653], [20, 28, 0.6780607174329493], [21, 22, 0.10539677639912404], [21, 29, 0.9618849545648236], [22, 23, 0.39159102506375587], [22, 30, 0.8541892272401673], [24, 25, 0.5594048565535282], [24, 32, 0.6928437552708921], [25, 26, 0.28246132327681983], [25, 33, 0.3136223876458105], [26, 27, 0.03580580978514447], [26, 34, 0.02094948685312914], [27, 28, 0.7155109676190817], [27, 35, 0.6784936012628519], [28, 36, 0.15791664716965947], [29, 30, 0.20706511380062742], [29, 37, 0.805668827375028], [32, 33, 0.20583443973670856], [32, 40, 0.4055888704875581], [33, 34, 0.6128156049038362], [33, 41, 0.09982002286192682], [35, 43, 0.28176800193263396], [36, 44, 0.357737585820913], [37, 38, 0.10737534058187792], [37, 45, 0.4121763865701563], [38, 39, 0.07185795642983839], [38, 46, 0.6989078757219325], [40, 48, 0.5665642002419862], [41, 42, 0.17905327369540258], [42, 43, 0.9767427837806125], [42, 50, 0.17648900109770327], [43, 44, 0.7402718594522205], [43, 51, 0.3929446417894512], [44, 45, 0.6481432273012061], [44, 52, 0.5663033428538993], [46, 47, 0.6018571198017719], [46, 54, 0.8811894675781718], [48, 49, 0.06636893542315336], [48, 56, 0.6422386707466354], [49, 50, 0.06836067352907105], [49, 57, 0.203095020573546], [50, 51, 0.285897913597688], [51, 52, 0.7260334223223581], [51, 59, 0.9107020207415135], [52, 53, 0.8437072808032486], [53, 54, 0.6023693099538429], [54, 55, 0.4647316235805673], [54, 62, 0.9781920811161295], [7, 15, 0.4801080896117661], [15, 23, 0.0844221182611834], [23, 31, 0.721252337144582], [47, 55, 0.2728906699475976], [55, 63, 0.46347307312202113], [56, 57, 0.7854027316773806], [58, 59, 0.8914360709275003], [59, 60, 0.7652025844274979], [60, 61, 0.24972292884231861], [61, 62, 0.9603802326097873]], "oriented": false, "discover": false, "dist": true, "mode": "map"}