{"pos": [[0, 0], [0, 1], [0, 2], [0, 3], [0, 4], [0, 5], [0, 6], [0, 7], [1, 0], [1, 1], [1, 2], [1, 3], [1, 4], [1, 5], [1, 6], [1, 7], [2, 0], [2, 1], [2, 2], [2, 3], [2, 4], [2, 5], [2, 6], [2, 7], [3, 0], [3, 1], [3, 2], [3, 3], [3, 4], [3, 5], [3, 6], [3, 7], [4, 0], [4, 1], [4, 2], [4, 3], [4, 4], [4, 5], [4, 6], [4, 7], [5, 0], [5, 1], [5, 2], [5, 3], [5, 4], [5, 5], [5, 6], [5, 7], [6, 0], [6, 1], [6, 2], [6, 3], [6, 4], [6, 5], [6, 6], [6, 7], [7, 0], [7, 1], [7, 2], [7, 3], [7, 4], [7, 5], [7, 6], [7, 7]], "edges": [[0, 1, 0.9742896990905067], [0, 8, 0.4190547779083442], [1, 2, 0.2534204826761075], [2, 3, 0.03538036150168833], [2, 10, 0.3188983166952728], [3, 4, 0.6779706554457863], [4, 5, 0.015351417160121339], [5, 6, 0.7059576208433679], [6, 7, 0.48685164839388695], [8, 9, 0.2312671863826785], [8, 16, 0.9356321544282131], [9, 10, 0.007201893455440755], [9, 17, 0.2675779998703376], [10, 11, 0.9051481580992767], [10, 18, 0.27792209898299336], [11, 12, 0.5279546619000915], [12, 20, 0.35951969066273615], [13, 21, 0.6116895843649786], [14, 15, 0.2099898692670975], [16, 24, 0.5009124637400754], [17, 25, 0.3758846051918313], [18, 19, 0.5243700497897632], [18, 26, 0.023073930053392422], [19, 20, 0.6238635558090319], [19, 27, 0.6352994872175164], [20, 21, 0.8846891237460303], [21, 22, 0.02331838127294661], [21, 29, 0.13365948155162033], [22, 30, 0.5988835003858067], [24, 25, 0.09022156435827156], [24, 32, 0.35733501648672206], [27, 28, 0.8941365547937021], [27, 35, 0.740520528697061], [28, 36, 0.5542326737719935], [29, 37, 0.14859227152798815], [30, 31, 0.3837813857221444], [30, 38, 0.24535868160649088], [32, 33, 0.9744072925722946], [32, 40, 0.7776240448656078], [33, 34, 0.10608231940807922], [34, 35, 0.9375931113456991], [35, 36, 0.7820055007942186], [35, 43, 0.11179711397255165], [36, 44, 0.062303123721058506], [37, 38, 0.31734465557076086], [37, 45, 0.023850490238974786], [38, 39, 0.14025220060158627], [38, 46, 0.10464388516663026], [40, 48, 0.5368518543559198], [41, 42, 0.7435208132676002], [41, 49, 0.4946006665493532], [42, 43, 0.9762165850288055], [42, 50, 0.655734503461151], [43, 51, 0.04681268744408429], [44, 45, 0.9539586179239009], [44, 52, 0.7380502945366224], [45, 46, 0.2397007655749439], [45, 53, 0.3157019661477172], [46, 54, 0.6621496463483763], [48, 56, 0.10107972683352318], [49, 57, 0.9672664597979944], [50, 51, 0.028369248017582116], [50, 58, 0.8999583891977361], [51, 52, 0.01898989477681534], [51, 59, 0.0552118844751156], [52, 60, 0.9807662768935312], [53, 54, 0.7092829743330791], [53, 61, 0.8212016116539453], [54, 55, 0.3488777446065723], [54, 62, 0.30151916344035823], [7, 15, 0.9122150427003195], [15, 23, 0.8456259085481894], [39, 47, 0.973726971634829], [55, 63, 0.9339627702520745], [56, 57, 0.6816663442976952], [57, 58, 0.8438487756745722], [60, 61, 0.25127447931870095], [61, 62, 0.2357090891783279], [62, 63, 0.6236481901066494]], "oriented": false, "discover": false, "dist": true, "mode": "map"}