{"pos": [[0, 0], [0, 1], [0, 2], [0, 3], [0, 4], [0, 5], [0, 6], [0, 7], [1, 0], [1, 1], [1, 2], [1, 3], [1, 4], [1, 5], [1, 6], [1, 7], [2, 0], [2, 1], [2, 2], [2, 3], [2, 4], [2, 5], [2, 6], [2, 7], [3, 0], [3, 1], [3, 2], [3, 3], [3, 4], [3, 5], [3, 6], [3, 7], [4, 0], [4, 1], [4, 2], [4, 3], [4, 4], [4, 5], [4, 6], [4, 7], [5, 0], [5, 1], [5, 2], [5, 3], [5, 4], [5, 5], [5, 6], [5, 7], [6, 0], [6, 1], [6, 2], [6, 3], [6, 4], [6, 5], [6, 6], [6, 7], [7, 0], [7, 1], [7, 2], [7, 3], [7, 4], [7, 5], [7, 6], [7, 7]], "edges": [[0, 1, 0.650657273648125], [0, 8, 0.060774342381772706], [1, 2, 0.6251794622308828], [2, 3, 0.7014452847900927], [2, 10, 0.45239876130055356], [3, 4, 0.22631722776630026], [3, 11, 0.8623366023795545], [4, 5, 0.42493430204552995], [4, 12, 0.27728670062803584], [5, 6, 0.9963513849881909], [5, 13, 0.7530178057247966], [6, 7, 0.3867357565965388], [8, 9, 0.4332463957506928], [8, 16, 0.31255041623203417], [9, 10, 0.9587042892385734], [10, 11, 0.6081848239163004], [10, 18, 0.16661674264225623], [11, 12, 0.193389501556551], [11, 19, 0.4493338763514657], [12, 13, 0.3481625555202973], [12, 20, 0.7904724960051804], [13, 14, 0.03912126706075125], [13, 21, 0.20037631672686185], [14, 15, 0.5852765961804668], [14, 22, 0.21613031361225532], [16, 17, 0.0318142513953622], [16, 24, 0.4958917216344102], [17, 25, 0.21665317375249393], [18, 19, 0.893568434960234], [18, 26, 0.2772079318754168], [19, 20, 0.2712135294476956], [19, 27, 0.16553551111571363], [20, 21, 0.60970795189086], [20, 28, 0.19308676185816398], [21, 22, 0.7957280255285575], [21, 29, 0.3160539396606664], [22, 23, 0.8490671598416771], [22, 30, 0.6876153519595682], [24, 32, 0.9483598716214158], [25, 26, 0.7981647857379051], [26, 34, 0.11490547071557433], [27, 28, 0.2956768848934179], [27, 35, 0.42041882731124336], [28, 29, 0.06947573888762781], [28, 36, 0.08641620678387563], [30, 31, 0.4474092481744968], [30, 38, 0.5180987081634459], [32, 33, 0.9291642661772589], [32, 40, 0.1070847691433332], [33, 34, 0.8496565537760188], [34, 42, 0.15895828953097124], [35, 36, 0.9910798858698666], [36, 37, 0.2866817681780217], [36, 44, 0.9852528180845838], [37, 38, 0.24875692360105528], [37, 45, 0.013534350692716579], [38, 39, 0.7539731559548641], [38, 46, 0.36168450623568493], [40, 41, 0.6162567612247593], [40, 48, 0.9414249488663665], [41, 42, 0.1629239090573129], [41, 49, 0.31246119103946113], [42, 43, 0.422790494063794], [43, 51, 0.8640824823767161], [44, 52, 0.9177312491597942], [45, 53, 0.8499956606238493], [46, 47, 0.27395590602497755], [46, 54, 0.3695034113244222], [48, 56, 0.44076149677558274], [49, 50, 0.41320529624976887], [49, 57, 0.7784777476917948], [50, 51, 0.9750152179327572], [51, 59, 0.53834315908441], [52, 60, 0.4803873046151731], [23, 31, 0.7652049649910725], [47, 55, 0.8125574768409689], [55, 63, 0.5590335853677602], [57, 58, 0.07677271918225004], [58, 59, 0.33739293561294126], [60, 61, 0.0911258455481001], [61, 62, 0.5058871573987941]], "oriented": false, "discover": false, "dist": true, "mode": "map"}