{"pos": [[0, 0], [0, 1], [0, 2], [0, 3], [0, 4], [0, 5], [0, 6], [0, 7], [1, 0], [1, 1], [1, 2], [1, 3], [1, 4], [1, 5], [1, 6], [1, 7], [2, 0], [2, 1], [2, 2], [2, 3], [2, 4], [2, 5], [2, 6], [2, 7], [3, 0], [3, 1], [3, 2], [3, 3], [3, 4], [3, 5], [3, 6], [3, 7], [4, 0], [4, 1], [4, 2], [4, 3], [4, 4], [4, 5], [4, 6], [4, 7], [5, 0], [5, 1], [5, 2], [5, 3], [5, 4], [5, 5], [5, 6], [5, 7], [6, 0], [6, 1], [6, 2], [6, 3], [6, 4], [6, 5], [6, 6], [6, 7], [7, 0], [7, 1], [7, 2], [7, 3], [7, 4], [7, 5], [7, 6], [7, 7]], "edges": [[0, 1, 0.24944138390148474], [0, 8, 0.9251190527815004], [1, 2, 0.7263796037140362], [1, 9, 0.21294942111593018], [2, 3, 0.1103194447005843], [3, 4, 0.16691271154036058], [3, 11, 0.8412913142251205], [4, 5, 0.5073592566495316], [4, 12, 0.3946118804963875], [5, 6, 0.8214406416761107], [5, 13, 0.13447529275721215], [6, 7, 0.8738610131087974], [8, 16, 0.9378511958456909], [9, 10, 0.8200933134472218], [9, 17, 0.5060732138704815], [10, 11, 0.46010383890152595], [11, 19, 0.5920848833091822], [12, 20, 0.6209784499859445], [13, 14, 0.5647173087796522], [13, 21, 0.45810329186106213], [14, 15, 0.7664223382899544], [17, 18, 0.14247530714652978], [17, 25, 0.23976968180025138], [18, 26, 0.7425572432640265], [19, 27, 0.03449028386647368], [20, 21, 0.6927097282994267], [20, 28, 0.0793140967943039], [21, 22, 0.410676032195604], [21, 29, 0.18692585526272276], [22, 30, 0.4734069621225915], [24, 25, 0.5314315687621974], [25, 26, 0.7668330046674507], [25, 33, 0.8058473480840234], [27, 28, 0.5309482239407667], [27, 35, 0.32612359801808666], [28, 29, 0.6479928670016865], [28, 36, 0.4630170377261792], [29, 37, 0.9232158142229766], [30, 31, 0.5995895621069002], [32, 33, 0.7864511386814044], [32, 40, 0.5863578772149889], [33, 34, 0.7337863658644074], [33, 41, 0.22710861851680275], [34, 35, 0.07495539110931881], [34, 42, 0.08161185754100209], [35, 43, 0.530631320042784], [36, 44, 0.6500418813056461], [37, 38, 0.9361615442322211], [37, 45, 0.3023273174857485], [38, 46, 0.07301320426210733], [40, 41, 0.5961035770051837], [40, 48, 0.01168621680910098], [41, 49, 0.00926430220565222], [42, 43, 0.20163949861001884], [42, 50, 0.872328387062396], [43, 51, 0.6009681098504611], [45, 46, 0.050272616187361674], [45, 53, 0.8302722945891531], [46, 47, 0.9387156841007191], [46, 54, 0.2656155455150202], [48, 49, 0.8511889165815822], [48, 56, 0.5046873343200418], [49, 57, 0.2628375485200646], [50, 58, 0.7395202820206187], [51, 52, 0.9356774487927644], [51, 59, 0.9112576083245506], [52, 53, 0.882802501454523], [52, 60, 0.3035693343558483], [53, 61, 0.9428748041880413], [54, 55, 0.298187637306904], [54, 62, 0.5982730283484295], [7, 15, 0.6727635655874215], [15, 23, 0.8293542266670871], [23, 31, 0.8639079661642692], [31, 39, 0.4770544487983094], [39, 47, 0.6599273674368047], [55, 63, 0.7486256175016255], [56, 57, 0.8938553104773025], [60, 61, 0.01995277795519046], [61, 62, 0.6662904373916212], [62, 63, 0.4591939679828141]], "oriented": false, "discover": false, "dist": true, "mode": "map"}