{"pos": [[0, 0], [0, 1], [0, 2], [0, 3], [0, 4], [0, 5], [0, 6], [0, 7], [1, 0], [1, 1], [1, 2], [1, 3], [1, 4], [1, 5], [1, 6], [1, 7], [2, 0], [2, 1], [2, 2], [2, 3], [2, 4], [2, 5], [2, 6], [2, 7], [3, 0], [3, 1], [3, 2], [3, 3], [3, 4], [3, 5], [3, 6], [3, 7], [4, 0], [4, 1], [4, 2], [4, 3], [4, 4], [4, 5], [4, 6], [4, 7], [5, 0], [5, 1], [5, 2], [5, 3], [5, 4], [5, 5], [5, 6], [5, 7], [6, 0], [6, 1], [6, 2], [6, 3], [6, 4], [6, 5], [6, 6], [6, 7], [7, 0], [7, 1], [7, 2], [7, 3], [7, 4], [7, 5], [7, 6], [7, 7]], "edges": [[0, 1, 0.11579664456704508], [0, 8, 0.8653459547478619], [1, 2, 0.432011693100684], [1, 9, 0.3674850808675887], [2, 3, 0.738245071681459], [2, 10, 0.19095931934448773], [3, 4, 0.25240356587268564], [3, 11, 0.5439602609941185], [4, 5, 0.9414223790750749], [4, 12, 0.3367867254088597], [5, 6, 0.5173520673211663], [5, 13, 0.8766535840511723], [6, 7, 0.1833239571513915], [6, 14, 0.45703042304663777], [8, 16, 0.38884173437262937], [9, 10, 0.04591813972459513], [9, 17, 0.7371775493719052], [11, 19, 0.20197636663413443], [12, 13, 0.3840974792012787], [12, 20, 0.04323735064153089], [13, 21, 0.5889567432077494], [14, 15, 0.1879795132028561], [16, 24, 0.11962441947887847], [17, 18, 0.39412753694212743], [17, 25, 0.3703651175023529], [18, 26, 0.49431249738761296], [19, 20, 0.056617510485709954], [20, 21, 0.8373527725550399], [20, 28, 0.44399966913059363], [21, 22, 0.7900103982367548], [21, 29, 0.8466745300226306], [22, 30, 0.08781546151025699], [24, 25, 0.05160415029567389], [24, 32, 0.7770501203235939], [25, 26, 0.6951412393864012], [25, 33, 0.5779193115910132], [26, 34, 0.7579390139433653], [27, 28, 0.20336246846860617], [27, 35, 0.35375222998728917], [28, 36, 0.3072981547741891], [29, 30, 0.40869402652212083], [29, 37, 0.8131270682757729], [30, 38, 0.24462920964845258], [32, 40, 0.9003867661190557], [33, 34, 0.5086426698107759], [33, 41, 0.8779678784287371], [36, 37, 0.49414937660368674], [37, 45, 0.040821022128272544], [38, 39, 0.26988499819201817], [40, 41, 0.9813673216804275], [40, 48, 0.8344873160604311], [41, 42, 0.4142562561882709], [41, 49, 0.29630690806279614], [42, 43, 0.8912462157573364], [42, 50, 0.6618933081279221], [43, 44, 0.15706179296067613], [44, 45, 0.4061301069739741], [44, 52, 0.908204269636213], [45, 46, 0.1117954260208005], [45, 53, 0.2105894364308104], [46, 47, 0.5697182029482877], [46, 54, 0.623119145678227], [48, 49, 0.46403984812624033], [48, 56, 0.7146903240314987], [49, 50, 0.055704797323997135], [49, 57, 0.062454117440246204], [50, 51, 0.7041345733183911], [50, 58, 0.7605760512922529], [51, 59, 0.4664729711387119], [52, 60, 0.39371119341097216], [54, 62, 0.28090854805669563], [15, 23, 0.02684231446288865], [23, 31, 0.9257478392985076], [39, 47, 0.771649797232983], [47, 55, 0.3355935652889195], [55, 63, 0.6770541688025733], [57, 58, 0.30048629164737406], [59, 60, 0.3250712175089653], [60, 61, 0.5914695918232182], [61, 62, 0.3537592419899017], [62, 63, 0.9808208270435587]], "oriented": false, "discover": false, "dist": true, "mode": "map"}