{"pos": [[0, 0], [0, 1], [0, 2], [0, 3], [0, 4], [0, 5], [0, 6], [0, 7], [0, 8], [1, 0], [1, 1], [1, 2], [1, 3], [1, 4], [1, 5], [1, 6], [1, 7], [1, 8], [2, 0], [2, 1], [2, 2], [2, 3], [2, 4], [2, 5], [2, 6], [2, 7], [2, 8], [3, 0], [3, 1], [3, 2], [3, 3], [3, 4], [3, 5], [3, 6], [3, 7], [3, 8], [4, 0], [4, 1], [4, 2], [4, 3], [4, 4], [4, 5], [4, 6], [4, 7], [4, 8], [5, 0], [5, 1], [5, 2], [5, 3], [5, 4], [5, 5], [5, 6], [5, 7], [5, 8], [6, 0], [6, 1], [6, 2], [6, 3], [6, 4], [6, 5], [6, 6], [6, 7], [6, 8], [7, 0], [7, 1], [7, 2], [7, 3], [7, 4], [7, 5], [7, 6], [7, 7], [7, 8], [8, 0], [8, 1], [8, 2], [8, 3], [8, 4], [8, 5], [8, 6], [8, 7], [8, 8]], "edges": [[0, 1, 0.7626719603246264], [0, 9, 0.149641555201243], [1, 2, 0.9579134505482134], [2, 3, 0.5594647831136773], [2, 11, 0.7499893107368678], [3, 4, 0.1507599860247587], [3, 12, 0.7115374375303573], [4, 5, 0.6919441434657871], [4, 13, 0.7657259283332035], [5, 6, 0.3146565006569295], [5, 14, 0.8525888823892899], [6, 7, 0.6455577152151564], [6, 15, 0.9763274879498232], [7, 8, 0.46529988743979944], [7, 16, 0.7382051130033241], [9, 10, 0.5737935782671505], [9, 18, 0.6907292725100623], [10, 11, 0.7399081757407568], [12, 13, 0.5820600100066187], [12, 21, 0.7949646702483355], [13, 22, 0.1548808447329889], [15, 16, 0.08667884208027776], [16, 17, 0.17546332744975213], [16, 25, 0.0965050386857379], [18, 19, 0.8113089801268437], [18, 27, 0.5445322177788806], [19, 20, 0.9000736165665877], [20, 21, 0.9937281915988494], [21, 30, 0.11269363976473334], [22, 23, 0.68602749290329], [23, 24, 0.37337793275795605], [23, 32, 0.592378049143726], [24, 25, 0.1858505286766733], [24, 33, 0.8263387130491071], [25, 26, 0.18049867138521603], [27, 28, 0.20048597403735613], [27, 36, 0.9981109119112432], [29, 30, 0.22865002501375997], [29, 38, 0.9632697632149787], [30, 31, 0.7070685195426873], [30, 39, 0.4770534370272158], [31, 32, 0.5337564125153649], [31, 40, 0.13769353180997967], [32, 41, 0.7734667838965986], [33, 34, 0.14639392671665286], [33, 42, 0.9892290350378085], [34, 35, 0.06835693494655304], [36, 37, 0.07844824975917752], [36, 45, 0.5006880043139658], [37, 38, 0.09786919863093924], [37, 46, 0.10846672716098804], [38, 39, 0.05663922828257628], [39, 48, 0.09490333488731306], [40, 41, 0.2734710431995574], [41, 42, 0.019316588230374077], [41, 50, 0.439286923265535], [42, 43, 0.6425640489442129], [42, 51, 0.8287898603927752], [45, 46, 0.29889369545066413], [45, 54, 0.5662721306655499], [46, 47, 0.5461232686470979], [46, 55, 0.25166622947621575], [47, 48, 0.31222000099849534], [47, 56, 0.4191328876977972], [48, 49, 0.17805633090981654], [48, 57, 0.2941120172464965], [49, 50, 0.8052852671736351], [50, 59, 0.4718978405443137], [51, 52, 0.8096849267031908], [51, 60, 0.20351196136050098], [52, 53, 0.5716585088544571], [52, 61, 0.3300241167863057], [54, 55, 0.6004244127967122], [54, 63, 0.977034473301616], [55, 64, 0.030978387934053386], [56, 65, 0.29247378180068906], [57, 58, 0.6936395762185646], [57, 66, 0.6357826594102955], [58, 67, 0.4617428281232676], [59, 68, 0.3316912094982457], [60, 61, 0.2180517324556872], [60, 69, 0.8725227327004192], [61, 62, 0.5526469931878284], [63, 72, 0.8089136407897847], [64, 65, 0.8106404432451388], [65, 74, 0.6224884270772395], [66, 67, 0.36963083673174546], [66, 75, 0.8289922214291842], [67, 68, 0.47505743715727944], [67, 76, 0.515809897909139], [68, 69, 0.14027966793978885], [68, 77, 0.6711106037063224], [69, 70, 0.26984565819045314], [70, 71, 0.425380452667779], [70, 79, 0.29496684002726203], [8, 17, 0.3460367637036008], [26, 35, 0.237013764893651], [35, 44, 0.06071123976887294], [71, 80, 0.2006910318667282], [72, 73, 0.4407180898438232], [73, 74, 0.14102057664904843], [76, 77, 0.19403071418804863], [77, 78, 0.25659697748326704], [79, 80, 0.47704380981194083]], "oriented": false, "discover": false, "dist": true, "mode": "map"}