{"pos": [[0, 0], [0, 1], [0, 2], [0, 3], [0, 4], [0, 5], [0, 6], [0, 7], [1, 0], [1, 1], [1, 2], [1, 3], [1, 4], [1, 5], [1, 6], [1, 7], [2, 0], [2, 1], [2, 2], [2, 3], [2, 4], [2, 5], [2, 6], [2, 7], [3, 0], [3, 1], [3, 2], [3, 3], [3, 4], [3, 5], [3, 6], [3, 7], [4, 0], [4, 1], [4, 2], [4, 3], [4, 4], [4, 5], [4, 6], [4, 7], [5, 0], [5, 1], [5, 2], [5, 3], [5, 4], [5, 5], [5, 6], [5, 7], [6, 0], [6, 1], [6, 2], [6, 3], [6, 4], [6, 5], [6, 6], [6, 7], [7, 0], [7, 1], [7, 2], [7, 3], [7, 4], [7, 5], [7, 6], [7, 7]], "edges": [[0, 1, 0.5396851118734679], [0, 8, 0.8649688457316691], [1, 2, 0.910780179228434], [1, 9, 0.5804472245324732], [2, 3, 0.06426126853106973], [3, 4, 0.8349318710243989], [3, 11, 0.13832015418500787], [4, 5, 0.6913142129431125], [4, 12, 0.2808792506360738], [5, 6, 0.08361417778012492], [6, 7, 0.8041027071069383], [6, 14, 0.571517062051391], [8, 9, 0.2750213895515814], [8, 16, 0.43355065864609543], [9, 10, 0.6806190266990368], [9, 17, 0.5244095850481955], [10, 18, 0.22088535005231713], [11, 12, 0.36088318360669636], [11, 19, 0.8792185296508721], [12, 13, 0.9271592099892442], [13, 21, 0.19692217427620795], [14, 22, 0.8941367836302017], [16, 24, 0.11857488239067682], [17, 18, 0.27810519748376417], [17, 25, 0.2233364791263569], [18, 19, 0.9739053450542251], [19, 20, 0.7841223396889425], [19, 27, 0.21663436912360223], [20, 28, 0.8889353285797086], [22, 30, 0.1647116849195308], [24, 32, 0.23411277619159343], [25, 26, 0.9019493963178087], [25, 33, 0.8719044330701953], [27, 28, 0.9701748055844863], [27, 35, 0.2732549964882246], [28, 29, 0.8526790991204558], [28, 36, 0.4416701814307691], [30, 31, 0.8768911717806366], [30, 38, 0.01681993989615771], [32, 33, 0.6945922441483382], [33, 34, 0.03810877866971152], [33, 41, 0.22496199668621242], [34, 35, 0.1624180858403601], [34, 42, 0.22965838770619051], [35, 36, 0.42024688301662116], [35, 43, 0.5608034361702735], [36, 37, 0.9225629651551067], [36, 44, 0.9617209096521923], [37, 38, 0.13127255687282424], [38, 39, 0.9653534021158232], [38, 46, 0.4916701801346649], [40, 41, 0.08400661781558272], [40, 48, 0.710268554645066], [41, 42, 0.8155922157964206], [41, 49, 0.8795943899994784], [42, 43, 0.996693111836471], [42, 50, 0.3711837645018434], [43, 44, 0.21349186984850888], [43, 51, 0.5466392558402481], [44, 45, 0.8553811580509052], [44, 52, 0.2506281978057734], [45, 46, 0.6595047913024107], [46, 47, 0.43164008391365905], [46, 54, 0.7266391504667921], [48, 56, 0.3255184657447152], [49, 57, 0.18721604117765778], [50, 51, 0.4923390546608506], [50, 58, 0.938819892688771], [51, 52, 0.6664589510479729], [51, 59, 0.8130009969321489], [52, 53, 0.8098806473294607], [54, 55, 0.48216448477093554], [54, 62, 0.357390046563708], [7, 15, 0.6029511634856414], [15, 23, 0.5791560763788866], [23, 31, 0.6414826176603743], [31, 39, 0.07594012115095661], [55, 63, 0.21831392313844478], [56, 57, 0.8918795114388153], [59, 60, 0.4527061708141453], [60, 61, 0.4964144949623511]], "oriented": false, "discover": false, "dist": true, "mode": "map"}