{"pos": [[0, 0], [0, 1], [0, 2], [0, 3], [0, 4], [0, 5], [0, 6], [0, 7], [1, 0], [1, 1], [1, 2], [1, 3], [1, 4], [1, 5], [1, 6], [1, 7], [2, 0], [2, 1], [2, 2], [2, 3], [2, 4], [2, 5], [2, 6], [2, 7], [3, 0], [3, 1], [3, 2], [3, 3], [3, 4], [3, 5], [3, 6], [3, 7], [4, 0], [4, 1], [4, 2], [4, 3], [4, 4], [4, 5], [4, 6], [4, 7], [5, 0], [5, 1], [5, 2], [5, 3], [5, 4], [5, 5], [5, 6], [5, 7], [6, 0], [6, 1], [6, 2], [6, 3], [6, 4], [6, 5], [6, 6], [6, 7], [7, 0], [7, 1], [7, 2], [7, 3], [7, 4], [7, 5], [7, 6], [7, 7]], "edges": [[0, 8, 0.10403675952806979], [1, 2, 0.23511976821047165], [1, 9, 0.5472876720615073], [2, 3, 0.6629280223037521], [3, 4, 0.4189328780774948], [3, 11, 0.9615544305313862], [4, 5, 0.2724815534504319], [4, 12, 0.9454965983252726], [5, 6, 0.9463678499325004], [5, 13, 0.852976039534282], [6, 7, 0.7878161678366278], [8, 9, 0.22088512397629478], [8, 16, 0.879309844593935], [9, 10, 0.010678272815434986], [9, 17, 0.8459624991056306], [10, 18, 0.5536872090470817], [11, 12, 0.22796985199539932], [11, 19, 0.03725946992818541], [12, 20, 0.919538537179066], [13, 14, 0.9879829722301148], [13, 21, 0.7975572730689588], [14, 22, 0.24726949327744752], [16, 24, 0.8834407086492104], [17, 18, 0.6499976152545305], [17, 25, 0.3425401579959414], [18, 19, 0.6446219229999083], [18, 26, 0.08383080938105458], [19, 20, 0.6518620360559957], [19, 27, 0.003789471987735493], [20, 21, 0.5402479249813298], [20, 28, 0.8616743911151094], [21, 29, 0.11079024313343422], [24, 25, 0.955575812036652], [24, 32, 0.6925957048726367], [25, 26, 0.4224006689740286], [25, 33, 0.6550721601904154], [26, 34, 0.37894895869779854], [27, 28, 0.5634576391397534], [28, 29, 0.7954629372488506], [28, 36, 0.8233698428819658], [30, 31, 0.8584155717797071], [30, 38, 0.6341334586819248], [32, 33, 0.5031963076488771], [32, 40, 0.20615788344358532], [35, 36, 0.8685163638158752], [36, 37, 0.930021252036007], [36, 44, 0.5228687952604145], [37, 45, 0.21965697074052903], [38, 39, 0.08017001205150864], [38, 46, 0.4681780026772252], [40, 41, 0.43033282893770197], [40, 48, 0.9231954919781533], [41, 42, 0.5556486286522383], [42, 43, 0.021615798118782892], [42, 50, 0.16749473957852168], [43, 44, 0.9520152555633553], [43, 51, 0.9048524302820887], [44, 52, 0.47309496266685525], [45, 46, 0.8959680885514898], [45, 53, 0.8316433012379891], [48, 49, 0.031127126953129802], [48, 56, 0.5157933740833875], [49, 50, 0.48165341246493487], [49, 57, 0.38073896006002095], [50, 58, 0.1310844738754019], [51, 52, 0.5970383692908002], [51, 59, 0.17309647640536197], [52, 60, 0.31598703822025875], [53, 54, 0.2505768732973911], [54, 55, 0.5771211245772407], [54, 62, 0.11087613488011261], [7, 15, 0.3623711933546788], [15, 23, 0.03109767190393309], [23, 31, 0.6236904967767216], [31, 39, 0.44263007676333], [39, 47, 0.8030807346778526], [57, 58, 0.3569629281859832], [58, 59, 0.2791340189177566], [59, 60, 0.6692458453641346], [60, 61, 0.1855440266787335], [62, 63, 0.25946477138881796]], "oriented": false, "discover": false, "dist": true, "mode": "map"}