{"pos": [[0, 0], [0, 1], [0, 2], [0, 3], [0, 4], [0, 5], [0, 6], [0, 7], [0, 8], [1, 0], [1, 1], [1, 2], [1, 3], [1, 4], [1, 5], [1, 6], [1, 7], [1, 8], [2, 0], [2, 1], [2, 2], [2, 3], [2, 4], [2, 5], [2, 6], [2, 7], [2, 8], [3, 0], [3, 1], [3, 2], [3, 3], [3, 4], [3, 5], [3, 6], [3, 7], [3, 8], [4, 0], [4, 1], [4, 2], [4, 3], [4, 4], [4, 5], [4, 6], [4, 7], [4, 8], [5, 0], [5, 1], [5, 2], [5, 3], [5, 4], [5, 5], [5, 6], [5, 7], [5, 8], [6, 0], [6, 1], [6, 2], [6, 3], [6, 4], [6, 5], [6, 6], [6, 7], [6, 8], [7, 0], [7, 1], [7, 2], [7, 3], [7, 4], [7, 5], [7, 6], [7, 7], [7, 8], [8, 0], [8, 1], [8, 2], [8, 3], [8, 4], [8, 5], [8, 6], [8, 7], [8, 8]], "edges": [[0, 1, 0.7247356221263042], [0, 9, 0.936838839574013], [2, 11, 0.784583551110026], [3, 12, 0.5473089211600723], [4, 13, 0.8442266317915523], [5, 14, 0.48241657845366115], [6, 7, 0.5136134087785541], [6, 15, 0.24374113626948257], [7, 8, 0.5372357725203056], [7, 16, 0.8249137487866115], [9, 10, 0.5938362812919127], [9, 18, 0.4608924187129181], [10, 11, 0.8811178726141263], [10, 19, 0.5898726318383798], [11, 12, 0.5570909261347705], [12, 13, 0.25461389048008565], [12, 21, 0.11020129093578135], [13, 14, 0.46137448929842595], [13, 22, 0.919666399949188], [14, 15, 0.06605031232053449], [14, 23, 0.10688462453984493], [15, 16, 0.3088019351389587], [15, 24, 0.2639844344925292], [16, 17, 0.11769608748866933], [16, 25, 0.8021898393024784], [18, 27, 0.8577011100168721], [19, 20, 0.7298282617190036], [19, 28, 0.5082062178914816], [20, 21, 0.7634181011525809], [20, 29, 0.5020257856230238], [22, 23, 0.9618184465468002], [22, 31, 0.3713362061513462], [23, 32, 0.9050410558938041], [24, 33, 0.6888806210454024], [27, 28, 0.422984607130408], [27, 36, 0.46298131630334804], [28, 37, 0.7819741537835375], [29, 30, 0.48825765604422], [30, 39, 0.7764000233246668], [31, 32, 0.8772856475048639], [32, 33, 0.26651606666871996], [32, 41, 0.8757281317911821], [33, 34, 0.8686229001041577], [33, 42, 0.5468945627582372], [34, 35, 0.8158035235157779], [36, 45, 0.7631347764391245], [37, 38, 0.7435724132294855], [37, 46, 0.44298549165880363], [38, 39, 0.4908785516910462], [39, 40, 0.7479545779578427], [39, 48, 0.3796412664142246], [40, 41, 0.2405003979168655], [40, 49, 0.2509412430068525], [41, 50, 0.9727062968610575], [42, 43, 0.6683336727369508], [42, 51, 0.5757899281689932], [43, 44, 0.4701856623027515], [43, 52, 0.5486446000325204], [45, 46, 0.3816602051429041], [45, 54, 0.9713243392025807], [46, 47, 0.9815792547154117], [46, 55, 0.19843327162345903], [47, 56, 0.112949185488178], [49, 50, 0.3483348235167254], [49, 58, 0.6739391888947623], [50, 59, 0.048949050029828634], [51, 52, 0.23030446815030658], [51, 60, 0.6346729644257346], [52, 53, 0.7385692888885587], [52, 61, 0.8035571689518218], [54, 55, 0.10312410106576264], [54, 63, 0.10267922574383603], [55, 56, 0.5884000230222032], [55, 64, 0.47848863230470806], [56, 57, 0.3702442940267806], [56, 65, 0.23896501094271405], [57, 58, 0.13358979147374694], [57, 66, 0.3283460116857887], [58, 59, 0.9366062877666774], [58, 67, 0.4494217356712127], [60, 61, 0.39227303897712984], [60, 69, 0.004899222251244617], [61, 62, 0.05164671708270219], [61, 70, 0.8960215628343304], [63, 64, 0.43574900991901555], [63, 72, 0.9166439490018509], [65, 66, 0.5807417697083342], [65, 74, 0.1977483008490185], [66, 67, 0.5009612322369532], [66, 75, 0.1128294829506491], [67, 68, 0.7581643207160279], [67, 76, 0.022684365647503868], [68, 77, 0.12671666823563443], [69, 70, 0.17205218767061925], [69, 78, 0.3765387201538597], [70, 71, 0.8965437510304544], [70, 79, 0.8856892878618488], [17, 26, 0.6089911448438053], [35, 44, 0.10685906316326721], [62, 71, 0.8550919929448509], [71, 80, 0.9873750272922915], [72, 73, 0.4780941920484443], [75, 76, 0.6880606894883402], [76, 77, 0.8031878824621739]], "oriented": false, "discover": false, "dist": true, "mode": "map"}