{"pos": [[0, 0], [0, 1], [0, 2], [0, 3], [0, 4], [0, 5], [0, 6], [0, 7], [1, 0], [1, 1], [1, 2], [1, 3], [1, 4], [1, 5], [1, 6], [1, 7], [2, 0], [2, 1], [2, 2], [2, 3], [2, 4], [2, 5], [2, 6], [2, 7], [3, 0], [3, 1], [3, 2], [3, 3], [3, 4], [3, 5], [3, 6], [3, 7], [4, 0], [4, 1], [4, 2], [4, 3], [4, 4], [4, 5], [4, 6], [4, 7], [5, 0], [5, 1], [5, 2], [5, 3], [5, 4], [5, 5], [5, 6], [5, 7], [6, 0], [6, 1], [6, 2], [6, 3], [6, 4], [6, 5], [6, 6], [6, 7], [7, 0], [7, 1], [7, 2], [7, 3], [7, 4], [7, 5], [7, 6], [7, 7]], "edges": [[0, 1, 0.8752574817442726], [1, 2, 0.8830492053146648], [1, 9, 0.19508729263758418], [2, 3, 0.38459118426034444], [2, 10, 0.5471922907590392], [3, 4, 0.9894372684177286], [3, 11, 0.04922933609568536], [4, 5, 0.8478118000736676], [5, 6, 0.8702163759365507], [6, 7, 0.1917034821390251], [8, 9, 0.24037009980165547], [8, 16, 0.4974374451925303], [9, 17, 0.7871685250425827], [10, 18, 0.22613938333904937], [11, 12, 0.35913448305028683], [11, 19, 0.7803587675354239], [12, 13, 0.14129745467310872], [12, 20, 0.3170024477611335], [13, 14, 0.46348352437061413], [14, 15, 0.4160022527727736], [16, 17, 0.5611768494190059], [17, 18, 0.9816280706848691], [17, 25, 0.6657342892395], [18, 19, 0.13436651213654305], [18, 26, 0.27897353500881095], [19, 20, 0.22776101933237713], [19, 27, 0.8343238186755527], [20, 21, 0.8459112380969038], [20, 28, 0.7130016083007039], [21, 22, 0.8551226301667243], [21, 29, 0.5710419478414682], [22, 23, 0.8669727102024213], [24, 25, 0.4448233930765624], [24, 32, 0.34517374365933384], [25, 33, 0.024503832273449433], [26, 27, 0.5058043653258579], [26, 34, 0.704783078085471], [27, 28, 0.4302607012842611], [27, 35, 0.6626866117814171], [28, 36, 0.07642983449252039], [29, 30, 0.880754240037936], [29, 37, 0.6861892334817529], [30, 31, 0.1301489484894357], [32, 33, 0.3398505258255239], [32, 40, 0.5196350031255415], [33, 41, 0.10830316789896188], [34, 35, 0.3165558331320141], [34, 42, 0.07069394252342986], [35, 36, 0.04266739348677884], [35, 43, 0.4091505652717682], [36, 44, 0.10550633207937976], [37, 38, 0.5726862907991677], [37, 45, 0.1685480534302889], [38, 39, 0.6663450044714738], [38, 46, 0.8872964825473988], [40, 41, 0.8152482008883829], [41, 49, 0.6138076320380957], [42, 43, 0.6191077476591058], [42, 50, 0.8559620051393313], [43, 51, 0.4580256951055717], [44, 52, 0.573248424978301], [45, 53, 0.8329487523844681], [48, 49, 0.4633442008402743], [49, 57, 0.09207236667714536], [51, 52, 0.6284169814576026], [51, 59, 0.5779362582339119], [52, 60, 0.24664637765836606], [53, 54, 0.641020655527367], [53, 61, 0.33602571739490783], [15, 23, 0.6303670233613818], [23, 31, 0.18931440216228457], [31, 39, 0.8040591695760837], [39, 47, 0.8585690025486817], [47, 55, 0.7500245803668332], [55, 63, 0.8068256076965383], [56, 57, 0.9768391169259278], [57, 58, 0.5408058334539697], [58, 59, 0.5069218126546091], [59, 60, 0.7696871728509314], [61, 62, 0.4816714739407548], [62, 63, 0.711608649009131]], "oriented": false, "discover": false, "dist": true, "mode": "map"}