{"pos": [[0, 0], [0, 1], [0, 2], [0, 3], [0, 4], [0, 5], [0, 6], [0, 7], [1, 0], [1, 1], [1, 2], [1, 3], [1, 4], [1, 5], [1, 6], [1, 7], [2, 0], [2, 1], [2, 2], [2, 3], [2, 4], [2, 5], [2, 6], [2, 7], [3, 0], [3, 1], [3, 2], [3, 3], [3, 4], [3, 5], [3, 6], [3, 7], [4, 0], [4, 1], [4, 2], [4, 3], [4, 4], [4, 5], [4, 6], [4, 7], [5, 0], [5, 1], [5, 2], [5, 3], [5, 4], [5, 5], [5, 6], [5, 7], [6, 0], [6, 1], [6, 2], [6, 3], [6, 4], [6, 5], [6, 6], [6, 7], [7, 0], [7, 1], [7, 2], [7, 3], [7, 4], [7, 5], [7, 6], [7, 7]], "edges": [[0, 1, 0.38988960682454454], [0, 8, 0.8390802125837391], [1, 2, 0.7523157243538117], [1, 9, 0.40685160064983517], [2, 3, 0.8812521187830876], [2, 10, 0.8947487375313178], [3, 4, 0.6051593565004232], [3, 11, 0.7542412333756513], [4, 5, 0.35692773946440925], [4, 12, 0.5943267738090322], [5, 6, 0.2200038556019447], [5, 13, 0.4236091726594333], [6, 7, 0.15014497277547434], [8, 9, 0.9893716987412471], [8, 16, 0.9491754504274518], [9, 10, 0.513572231861186], [10, 18, 0.29291012523864324], [12, 20, 0.5642468393703345], [13, 14, 0.7014749325568824], [13, 21, 0.8517866316570134], [14, 15, 0.04621775039611242], [16, 17, 0.7813391238034585], [16, 24, 0.1630063965827795], [17, 18, 0.15805545224802042], [18, 26, 0.6262834897860148], [19, 20, 0.36552582100412934], [19, 27, 0.9563987896899855], [20, 21, 0.530840241110576], [20, 28, 0.8043953628750266], [21, 22, 0.8919449588839825], [21, 29, 0.7473547897441428], [22, 23, 0.18270545056172993], [24, 25, 0.7807875900424145], [24, 32, 0.18160336869813132], [25, 26, 0.20466732979996338], [25, 33, 0.5956832588490543], [26, 34, 0.557527756486134], [27, 28, 0.2263775592504984], [27, 35, 0.20486696486607814], [29, 37, 0.14517509913179494], [30, 31, 0.403253973802165], [30, 38, 0.3212018889206324], [32, 33, 0.09708936082730024], [32, 40, 0.8418960385996275], [33, 34, 0.9005957813746032], [33, 41, 0.7975857011554734], [34, 42, 0.006020226288667829], [36, 37, 0.15828806687549912], [36, 44, 0.8632667547832085], [37, 45, 0.9707727427754004], [38, 46, 0.46608774788912744], [40, 48, 0.9135628581232859], [42, 43, 0.7305662486994935], [42, 50, 0.9552774417409184], [43, 44, 0.29409498734462236], [44, 45, 0.9954240070807193], [45, 46, 0.839372835756642], [46, 47, 0.8645104055542869], [46, 54, 0.33718343026273134], [48, 49, 0.298337272623], [48, 56, 0.04369741209510403], [49, 50, 0.19598114998354987], [49, 57, 0.9562835588132141], [50, 51, 0.9481004550348067], [50, 58, 0.6899857109876978], [51, 52, 0.928968585579926], [52, 53, 0.927628954801254], [53, 54, 0.36817077657640496], [53, 61, 0.7555289053949179], [54, 62, 0.706916896313283], [7, 15, 0.8678369746760425], [15, 23, 0.8082475663785524], [23, 31, 0.9660997640564045], [31, 39, 0.9515523033373634], [39, 47, 0.734472151303548], [47, 55, 0.31169462802249737], [55, 63, 0.8735492543217294], [56, 57, 0.38907894032060886], [58, 59, 0.7666582909604268], [59, 60, 0.10174574380080026], [60, 61, 0.6328042368780893]], "oriented": false, "discover": false, "dist": true, "mode": "map"}