{"pos": [[0, 0], [0, 1], [0, 2], [0, 3], [0, 4], [0, 5], [0, 6], [0, 7], [1, 0], [1, 1], [1, 2], [1, 3], [1, 4], [1, 5], [1, 6], [1, 7], [2, 0], [2, 1], [2, 2], [2, 3], [2, 4], [2, 5], [2, 6], [2, 7], [3, 0], [3, 1], [3, 2], [3, 3], [3, 4], [3, 5], [3, 6], [3, 7], [4, 0], [4, 1], [4, 2], [4, 3], [4, 4], [4, 5], [4, 6], [4, 7], [5, 0], [5, 1], [5, 2], [5, 3], [5, 4], [5, 5], [5, 6], [5, 7], [6, 0], [6, 1], [6, 2], [6, 3], [6, 4], [6, 5], [6, 6], [6, 7], [7, 0], [7, 1], [7, 2], [7, 3], [7, 4], [7, 5], [7, 6], [7, 7]], "edges": [[0, 1, 0.611611831624688], [0, 8, 0.9441915924054712], [1, 2, 0.4175882945937941], [1, 9, 0.7901211561955943], [2, 3, 0.8339242177576616], [2, 10, 0.3347882289757038], [3, 4, 0.4662842928835669], [4, 5, 0.05006759918720283], [4, 12, 0.15715833660865042], [5, 6, 0.29047514387817563], [5, 13, 0.4814720764688669], [6, 7, 0.5251629583338341], [6, 14, 0.21696762263515001], [8, 16, 0.2829025891656831], [9, 10, 0.5223544758674649], [10, 11, 0.12376220997829113], [10, 18, 0.6657198659596257], [11, 19, 0.7477963498377864], [12, 13, 0.8299692678579927], [12, 20, 0.23965073132257275], [13, 14, 0.19230499815468782], [14, 15, 0.6994279696872332], [14, 22, 0.1834462537886279], [16, 17, 0.7070669163546027], [17, 18, 0.3611475711669655], [17, 25, 0.6649253385911482], [18, 19, 0.8493769418415306], [20, 21, 0.22149961513140182], [21, 22, 0.060540311185403595], [21, 29, 0.6282778027919674], [22, 23, 0.883626837296475], [22, 30, 0.4084208079774877], [24, 25, 0.05144207976805826], [24, 32, 0.8610744316203093], [25, 26, 0.48236834205066204], [25, 33, 0.9241742054774997], [26, 27, 0.019799237788023505], [27, 28, 0.21539630611193672], [27, 35, 0.8823786850261525], [28, 29, 0.24062905367545073], [28, 36, 0.07818590947855364], [29, 37, 0.121851234079002], [30, 38, 0.13858857849666728], [32, 40, 0.8620833934715125], [33, 34, 0.1487222891016079], [33, 41, 0.6419000642457928], [34, 35, 0.291737148643074], [37, 38, 0.9791345508643352], [37, 45, 0.7993883149652181], [40, 48, 0.909856379098399], [41, 42, 0.1615956114027386], [41, 49, 0.3808748223803997], [42, 43, 0.07084550718033622], [42, 50, 0.7461167721680075], [43, 44, 0.6573161176700252], [43, 51, 0.5563730624096517], [44, 45, 0.025232902371764565], [44, 52, 0.8677986230552244], [45, 46, 0.9451414071767528], [45, 53, 0.9984448889039506], [46, 47, 0.1146873405459573], [48, 49, 0.31973571419952085], [49, 57, 0.6437765442265511], [50, 58, 0.91800384657707], [51, 59, 0.4450020405267937], [52, 60, 0.9732026754643864], [53, 54, 0.9672703057154312], [53, 61, 0.5146467317078587], [54, 62, 0.9395576777846166], [7, 15, 0.5031048684539217], [15, 23, 0.6258653638802947], [23, 31, 0.5150246637224669], [31, 39, 0.21070140934587778], [39, 47, 0.8016556867927505], [47, 55, 0.22707181317002], [55, 63, 0.4458527330504739], [56, 57, 0.710172361673783], [57, 58, 0.17744991168317958], [59, 60, 0.3824654548405061], [61, 62, 0.7921249814938489], [62, 63, 0.8545386396166292]], "oriented": false, "discover": false, "dist": true, "mode": "map"}