{"pos": [[0, 0], [0, 1], [0, 2], [0, 3], [0, 4], [0, 5], [0, 6], [0, 7], [1, 0], [1, 1], [1, 2], [1, 3], [1, 4], [1, 5], [1, 6], [1, 7], [2, 0], [2, 1], [2, 2], [2, 3], [2, 4], [2, 5], [2, 6], [2, 7], [3, 0], [3, 1], [3, 2], [3, 3], [3, 4], [3, 5], [3, 6], [3, 7], [4, 0], [4, 1], [4, 2], [4, 3], [4, 4], [4, 5], [4, 6], [4, 7], [5, 0], [5, 1], [5, 2], [5, 3], [5, 4], [5, 5], [5, 6], [5, 7], [6, 0], [6, 1], [6, 2], [6, 3], [6, 4], [6, 5], [6, 6], [6, 7], [7, 0], [7, 1], [7, 2], [7, 3], [7, 4], [7, 5], [7, 6], [7, 7]], "edges": [[0, 1, 0.38567559488513325], [0, 8, 0.35949546013628486], [1, 2, 0.5424893288968382], [2, 3, 0.15487021969096704], [2, 10, 0.14011142999518933], [3, 4, 0.027948809178848566], [3, 11, 0.8741632565897338], [4, 5, 0.2775657598587291], [5, 6, 0.7665970561435302], [5, 13, 0.9844658475898009], [6, 7, 0.36946397726564784], [8, 9, 0.30863226021351453], [8, 16, 0.18777270459621853], [9, 10, 0.1555881490024773], [10, 11, 0.5697624903658329], [10, 18, 0.773441143011283], [11, 12, 0.9273024711508032], [12, 20, 0.644196241855848], [13, 14, 0.6067873788782131], [13, 21, 0.08683870745812716], [16, 17, 0.9757766700943886], [16, 24, 0.3336002234403572], [17, 18, 0.14525878408813664], [17, 25, 0.2627377688985292], [18, 19, 0.9011942941244865], [19, 20, 0.5879976223888516], [20, 21, 0.9411881778992114], [21, 22, 0.19367650375728462], [22, 23, 0.38835286265459124], [22, 30, 0.6449328654665558], [24, 25, 0.37999658452893315], [25, 26, 0.13553418397163242], [25, 33, 0.6020669330973532], [26, 34, 0.5143198634325122], [27, 28, 0.9058880382647515], [27, 35, 0.3745051150912564], [28, 29, 0.9668513845477217], [28, 36, 0.585909375468176], [30, 31, 0.4523104952933086], [30, 38, 0.03674094214792156], [32, 33, 0.5621297903928145], [32, 40, 0.2411553530142213], [33, 34, 0.938479260209708], [34, 35, 0.3381366866496902], [34, 42, 0.7807989563893082], [35, 36, 0.29866786897861775], [35, 43, 0.606801755978077], [36, 37, 0.9707887112776634], [36, 44, 0.3877868953092044], [37, 38, 0.8664247259352217], [37, 45, 0.5741661597775425], [38, 39, 0.6177976720590533], [40, 41, 0.63119514009905], [40, 48, 0.6490190747650509], [41, 42, 0.7673408741830443], [41, 49, 0.4521854263535444], [42, 43, 0.8022056260645218], [43, 44, 0.48549986079856244], [43, 51, 0.9347627212162964], [44, 52, 0.5298910348689224], [45, 46, 0.20246158494584476], [46, 54, 0.2767678007194714], [48, 49, 0.012906973389290366], [48, 56, 0.8283340650376019], [50, 51, 0.9399704580279413], [50, 58, 0.9260812989077924], [51, 59, 0.01630871604900952], [52, 53, 0.4106218464559983], [54, 55, 0.7815282219863114], [54, 62, 0.6599347092339355], [7, 15, 0.6349054180570853], [15, 23, 0.008730911100447325], [23, 31, 0.16116641596327907], [39, 47, 0.13831357001195932], [47, 55, 0.2447105650870508], [55, 63, 0.008195432614029663], [57, 58, 0.8082439489979246], [58, 59, 0.6089101895649253], [59, 60, 0.41449473795184666], [60, 61, 0.9379662758084248], [61, 62, 0.6897676639165681]], "oriented": false, "discover": false, "dist": true, "mode": "map"}