{"pos": [[0, 0], [0, 1], [0, 2], [0, 3], [0, 4], [0, 5], [0, 6], [0, 7], [0, 8], [1, 0], [1, 1], [1, 2], [1, 3], [1, 4], [1, 5], [1, 6], [1, 7], [1, 8], [2, 0], [2, 1], [2, 2], [2, 3], [2, 4], [2, 5], [2, 6], [2, 7], [2, 8], [3, 0], [3, 1], [3, 2], [3, 3], [3, 4], [3, 5], [3, 6], [3, 7], [3, 8], [4, 0], [4, 1], [4, 2], [4, 3], [4, 4], [4, 5], [4, 6], [4, 7], [4, 8], [5, 0], [5, 1], [5, 2], [5, 3], [5, 4], [5, 5], [5, 6], [5, 7], [5, 8], [6, 0], [6, 1], [6, 2], [6, 3], [6, 4], [6, 5], [6, 6], [6, 7], [6, 8], [7, 0], [7, 1], [7, 2], [7, 3], [7, 4], [7, 5], [7, 6], [7, 7], [7, 8], [8, 0], [8, 1], [8, 2], [8, 3], [8, 4], [8, 5], [8, 6], [8, 7], [8, 8]], "edges": [[0, 1, 0.5216866921971371], [0, 9, 0.2710209760589424], [1, 2, 0.5998423761635271], [1, 10, 0.052153032842421676], [2, 3, 0.7555044213457638], [3, 4, 0.4987155615155985], [3, 12, 0.31116772693088335], [4, 5, 0.18668702443049434], [4, 13, 0.5563615150483834], [5, 6, 0.21273399568635631], [6, 7, 0.6581249340921577], [7, 8, 0.2579366601843316], [7, 16, 0.09346284368608027], [9, 10, 0.619218620903649], [9, 18, 0.38981682574320564], [10, 19, 0.6920205002867642], [11, 12, 0.2205741653344585], [12, 21, 0.3248235527688198], [13, 14, 0.9258674745167202], [14, 15, 0.9278777953624859], [15, 24, 0.49978605229838347], [16, 17, 0.815891446569606], [16, 25, 0.9146302301076318], [18, 19, 0.00854504932950062], [18, 27, 0.0626433039127986], [19, 20, 0.3054336461953683], [19, 28, 0.020036492589043386], [20, 21, 0.9467955613172725], [21, 22, 0.8396008131948733], [22, 23, 0.48753668926551974], [22, 31, 0.23647787874848258], [23, 24, 0.6765948052011742], [23, 32, 0.04799394079815811], [24, 33, 0.6692607689935997], [25, 26, 0.8701642204332543], [25, 34, 0.09728013561118887], [27, 28, 0.24679971066911977], [27, 36, 0.3789902473266119], [28, 29, 0.7259215760317482], [28, 37, 0.4018408226365836], [29, 30, 0.7845540609844192], [29, 38, 0.20236610826251678], [30, 31, 0.3776214442545508], [30, 39, 0.8134596617283089], [31, 40, 0.45998485903104214], [32, 41, 0.33208025982403866], [33, 34, 0.5353212304370297], [34, 43, 0.14524291887111007], [36, 45, 0.0416079639488397], [37, 46, 0.7802026725233951], [38, 39, 0.221078456525152], [39, 48, 0.32935475522397606], [40, 41, 0.22422518635676858], [40, 49, 0.2353252295352981], [41, 42, 0.13465179653689774], [41, 50, 0.7108916881061651], [42, 51, 0.5475986519153693], [43, 44, 0.3728235996226902], [43, 52, 0.07627445820088041], [45, 54, 0.28986641692882087], [46, 47, 0.21339207082844525], [46, 55, 0.22022305807704878], [47, 48, 0.6860330488797332], [47, 56, 0.8228239735094776], [48, 49, 0.10821711093592823], [49, 58, 0.36507718252483257], [50, 51, 0.18484191456272625], [50, 59, 0.6073410506551037], [51, 60, 0.8624445754457131], [52, 53, 0.0706702461013724], [52, 61, 0.9912933999409885], [54, 55, 0.26322712602416065], [55, 56, 0.7060815524279489], [55, 64, 0.08790419241393344], [56, 57, 0.8890577477498272], [57, 66, 0.2048481275222258], [58, 67, 0.5752574489864957], [59, 60, 0.18717711724305697], [59, 68, 0.9800801240072624], [60, 61, 0.377704327974671], [60, 69, 0.14083423202493595], [61, 62, 0.7111603382187082], [61, 70, 0.8563060698096074], [63, 64, 0.9334024055547814], [63, 72, 0.6006783378263546], [64, 65, 0.04774674993084327], [64, 73, 0.006831747192386883], [65, 74, 0.6342255448312101], [66, 67, 0.43111206303171545], [66, 75, 0.9238315519444547], [67, 76, 0.5816240625979517], [68, 69, 0.4168122888264534], [68, 77, 0.3702813765201134], [70, 79, 0.2877785810895528], [26, 35, 0.04855956800201333], [35, 44, 0.5845693308001508], [53, 62, 0.9981780874998044], [62, 71, 0.6045220947522242], [71, 80, 0.41360482719712177], [73, 74, 0.32042076215558624], [76, 77, 0.049505677334875875], [77, 78, 0.0005449166949426099], [78, 79, 0.43577517995500836], [79, 80, 0.3116295277772432]], "oriented": false, "discover": false, "dist": true, "mode": "map"}