{"pos": [[0, 0], [0, 1], [0, 2], [0, 3], [0, 4], [0, 5], [0, 6], [0, 7], [1, 0], [1, 1], [1, 2], [1, 3], [1, 4], [1, 5], [1, 6], [1, 7], [2, 0], [2, 1], [2, 2], [2, 3], [2, 4], [2, 5], [2, 6], [2, 7], [3, 0], [3, 1], [3, 2], [3, 3], [3, 4], [3, 5], [3, 6], [3, 7], [4, 0], [4, 1], [4, 2], [4, 3], [4, 4], [4, 5], [4, 6], [4, 7], [5, 0], [5, 1], [5, 2], [5, 3], [5, 4], [5, 5], [5, 6], [5, 7], [6, 0], [6, 1], [6, 2], [6, 3], [6, 4], [6, 5], [6, 6], [6, 7], [7, 0], [7, 1], [7, 2], [7, 3], [7, 4], [7, 5], [7, 6], [7, 7]], "edges": [[0, 8, 0.8462322013665012], [1, 2, 0.982330413132516], [1, 9, 0.15627230615169607], [2, 3, 0.37265389843273355], [2, 10, 0.8372130901370569], [3, 4, 0.24804162728695411], [3, 11, 0.1374291444560869], [4, 5, 0.734695111604601], [4, 12, 0.8544931608108531], [5, 6, 0.5197595838672476], [5, 13, 0.25469721240431464], [6, 7, 0.39482777801900526], [6, 14, 0.1318353823481151], [8, 9, 0.1996042535880277], [8, 16, 0.34199111488794076], [9, 10, 0.5578157028492177], [9, 17, 0.3624693945268068], [11, 12, 0.814505976487218], [11, 19, 0.5313430898528917], [12, 13, 0.5550367657974702], [12, 20, 0.5632118683680477], [13, 21, 0.06742652816464856], [14, 15, 0.730629392050324], [14, 22, 0.1704994665670363], [16, 24, 0.30644807437998645], [17, 25, 0.610912888965416], [18, 19, 0.8821199250652795], [18, 26, 0.5630012081990244], [19, 27, 0.23082529529519324], [20, 21, 0.8649890453029715], [20, 28, 0.8679171453626837], [21, 29, 0.11758394386178395], [22, 30, 0.15976985038123515], [24, 25, 0.9570039395725793], [24, 32, 0.011554557588270509], [25, 26, 0.5168774203946548], [25, 33, 0.7370113711796951], [26, 27, 0.39633683591767965], [26, 34, 0.1484931401720183], [27, 35, 0.2659837928521728], [28, 36, 0.37784598777072165], [29, 37, 0.6230217725256549], [30, 31, 0.6539970242860929], [30, 38, 0.3269071896807567], [32, 33, 0.984230234025225], [33, 41, 0.6939173899045697], [34, 35, 0.5703534202757184], [34, 42, 0.39080707127975334], [36, 44, 0.29627750033893885], [37, 45, 0.912797563733265], [40, 41, 0.7279698429446624], [40, 48, 0.13270064336226528], [41, 42, 0.5059952478447739], [42, 43, 0.5102571794737399], [42, 50, 0.6455275642011594], [43, 44, 0.8401905703043038], [44, 52, 0.03849374903558522], [45, 46, 0.6219397104305857], [45, 53, 0.7996981423953659], [46, 47, 0.5686779624096348], [46, 54, 0.5317271267057502], [48, 49, 0.45582834009324724], [48, 56, 0.7700468079576614], [49, 50, 0.4654111577539912], [49, 57, 0.01964742782838791], [50, 51, 0.06851481566939754], [50, 58, 0.01203479487882586], [51, 52, 0.813843303553235], [51, 59, 0.5106977599611503], [52, 53, 0.9618897075700058], [52, 60, 0.6097516186015972], [53, 54, 0.48479919250307246], [53, 61, 0.6972836606424849], [54, 55, 0.3197485920526909], [15, 23, 0.01590088551328228], [23, 31, 0.38586388840050423], [31, 39, 0.0357333311040724], [47, 55, 0.17128607813081265], [57, 58, 0.5466009356632552], [61, 62, 0.6177533652312899], [62, 63, 0.08408667952330706]], "oriented": false, "discover": false, "dist": true, "mode": "map"}