{"pos": [[0, 0], [0, 1], [0, 2], [0, 3], [0, 4], [0, 5], [0, 6], [0, 7], [1, 0], [1, 1], [1, 2], [1, 3], [1, 4], [1, 5], [1, 6], [1, 7], [2, 0], [2, 1], [2, 2], [2, 3], [2, 4], [2, 5], [2, 6], [2, 7], [3, 0], [3, 1], [3, 2], [3, 3], [3, 4], [3, 5], [3, 6], [3, 7], [4, 0], [4, 1], [4, 2], [4, 3], [4, 4], [4, 5], [4, 6], [4, 7], [5, 0], [5, 1], [5, 2], [5, 3], [5, 4], [5, 5], [5, 6], [5, 7], [6, 0], [6, 1], [6, 2], [6, 3], [6, 4], [6, 5], [6, 6], [6, 7], [7, 0], [7, 1], [7, 2], [7, 3], [7, 4], [7, 5], [7, 6], [7, 7]], "edges": [[0, 1, 0.8478437054667973], [0, 8, 0.2730937679270754], [2, 3, 0.8342176088142721], [2, 10, 0.40533183902472336], [3, 11, 0.09866210898363337], [4, 12, 0.10509067055209831], [5, 6, 0.6431293884814966], [5, 13, 0.44657518653747774], [6, 7, 0.22121506433358706], [8, 9, 0.7200531506946756], [8, 16, 0.5795048595468996], [9, 10, 0.9464137168755824], [10, 11, 0.8073764819021811], [10, 18, 0.35600055377343376], [11, 12, 0.8027188934757727], [12, 13, 0.9998377835074069], [12, 20, 0.16806162506084865], [13, 14, 0.01375674988254949], [13, 21, 0.5650002900517749], [14, 15, 0.09702248275062786], [14, 22, 0.21123306832990896], [16, 17, 0.04990993855546866], [16, 24, 0.5346920948602972], [17, 18, 0.48714019282366716], [18, 19, 0.160294433030853], [19, 20, 0.5582111709319145], [20, 21, 0.3190630291620028], [20, 28, 0.5263077466360372], [21, 29, 0.9899517635075773], [22, 23, 0.09917779939131277], [22, 30, 0.41354971958789344], [24, 25, 0.155314474097055], [24, 32, 0.9480506257869963], [25, 26, 0.04598846853148297], [25, 33, 0.8528081792821538], [26, 27, 0.27245184998044614], [27, 28, 0.7272976695446596], [27, 35, 0.45559010679764445], [28, 29, 0.35104062352799714], [28, 36, 0.5143267813997242], [29, 37, 0.5070012319090798], [30, 38, 0.43434400909077353], [32, 40, 0.693723486229081], [33, 34, 0.015529382906289357], [33, 41, 0.045513124991975684], [34, 35, 0.8115784213287522], [34, 42, 0.48574097715052267], [35, 36, 0.4996353961947354], [35, 43, 0.7858203776947781], [36, 37, 0.8713081859806165], [36, 44, 0.09816254345157072], [37, 38, 0.12619369730828123], [37, 45, 0.056730983824875736], [38, 39, 0.5911574863403197], [38, 46, 0.6240819050619338], [40, 41, 0.6360401559616851], [40, 48, 0.7346085131429484], [41, 42, 0.10113615594307801], [43, 51, 0.48510315884099586], [44, 52, 0.2670675118421133], [45, 46, 0.35650159929836267], [45, 53, 0.048184486549571415], [46, 47, 0.2721152059265711], [48, 49, 0.6816374729358743], [48, 56, 0.30909645551771037], [49, 50, 0.9722110020622398], [49, 57, 0.051437236326487445], [50, 58, 0.07336976762665293], [51, 59, 0.8853507961995885], [52, 53, 0.056405077885606114], [52, 60, 0.1360864561266607], [53, 54, 0.9708259161820869], [53, 61, 0.8265633282275149], [54, 62, 0.8440045843190305], [7, 15, 0.726433830921451], [23, 31, 0.17688714806528305], [47, 55, 0.601467766644388], [55, 63, 0.2577061917016833], [57, 58, 0.929067767760375], [59, 60, 0.9516995356574139], [62, 63, 0.2185243449966563]], "oriented": false, "discover": false, "dist": true, "mode": "map"}