{"pos": [[0, 0], [0, 1], [0, 2], [0, 3], [0, 4], [0, 5], [0, 6], [0, 7], [1, 0], [1, 1], [1, 2], [1, 3], [1, 4], [1, 5], [1, 6], [1, 7], [2, 0], [2, 1], [2, 2], [2, 3], [2, 4], [2, 5], [2, 6], [2, 7], [3, 0], [3, 1], [3, 2], [3, 3], [3, 4], [3, 5], [3, 6], [3, 7], [4, 0], [4, 1], [4, 2], [4, 3], [4, 4], [4, 5], [4, 6], [4, 7], [5, 0], [5, 1], [5, 2], [5, 3], [5, 4], [5, 5], [5, 6], [5, 7], [6, 0], [6, 1], [6, 2], [6, 3], [6, 4], [6, 5], [6, 6], [6, 7], [7, 0], [7, 1], [7, 2], [7, 3], [7, 4], [7, 5], [7, 6], [7, 7]], "edges": [[0, 1, 0.8576673574269668], [0, 8, 0.5613574537940847], [1, 9, 0.055368709465588584], [2, 3, 0.8876082623877549], [3, 4, 0.1543853983005633], [3, 11, 0.8333059334169023], [4, 12, 0.3086197727002873], [5, 6, 0.7666454932105816], [5, 13, 0.9131719176252241], [6, 7, 0.8866610797099627], [8, 9, 0.02606911311711213], [8, 16, 0.47220241268009167], [9, 10, 0.014750337865771845], [9, 17, 0.18026970243550278], [10, 11, 0.3555868271080975], [11, 12, 0.9734442467488456], [11, 19, 0.339966040418507], [12, 13, 0.9088843141876575], [12, 20, 0.7240507752582956], [13, 14, 0.9210852519731693], [13, 21, 0.8096820173145105], [16, 17, 0.03407520498567462], [16, 24, 0.41724741817168176], [17, 18, 0.32407866267798313], [17, 25, 0.07786736170365527], [18, 19, 0.857113934361058], [18, 26, 0.5613932095373975], [19, 27, 0.49622078294613703], [20, 21, 0.8060777012380862], [20, 28, 0.07560785374782819], [21, 22, 0.5817770204268318], [21, 29, 0.977362226919296], [22, 30, 0.6036812402849842], [24, 32, 0.11345376921526684], [26, 27, 0.4312294640271377], [26, 34, 0.7048037674248097], [27, 28, 0.6245188670548555], [27, 35, 0.6635781049770948], [28, 29, 0.9219649823665628], [28, 36, 0.8895952124980062], [29, 30, 0.6776343970718937], [30, 31, 0.7235362479667425], [30, 38, 0.6449835261764031], [32, 33, 0.9583296914949685], [32, 40, 0.9953920687232182], [34, 42, 0.4585425553120366], [35, 43, 0.5761853180799227], [36, 37, 0.37638447875464365], [36, 44, 0.9626566966803408], [37, 38, 0.6575052280839965], [38, 46, 0.01096805510657839], [40, 41, 0.7936327576541866], [40, 48, 0.19035535399592896], [42, 50, 0.4392704312890101], [43, 51, 0.4370092653923515], [44, 45, 0.46956696361026085], [44, 52, 0.4799988246149325], [45, 46, 0.9787913700520875], [46, 47, 0.7219499885808659], [46, 54, 0.44733684348922287], [48, 49, 0.00896839133745364], [48, 56, 0.7408035263642493], [49, 57, 0.34851646770684097], [50, 58, 0.9027737627529634], [51, 52, 0.024930866238931038], [51, 59, 0.39862169082024457], [52, 53, 0.7032151086835801], [53, 54, 0.5942314901058883], [54, 55, 0.9688787005704582], [54, 62, 0.23983857222570315], [7, 15, 0.8310984665391619], [15, 23, 0.0790411850175392], [31, 39, 0.7576747337547662], [47, 55, 0.7544755108062331], [55, 63, 0.38384613051739236], [56, 57, 0.0875584011239845], [57, 58, 0.6867920861304685], [58, 59, 0.3759347209862396], [59, 60, 0.3406818563447981], [60, 61, 0.20395878042157922], [61, 62, 0.34962079846103955]], "oriented": false, "discover": false, "dist": true, "mode": "map"}