{"pos": [[0, 0], [0, 1], [0, 2], [0, 3], [0, 4], [0, 5], [0, 6], [0, 7], [1, 0], [1, 1], [1, 2], [1, 3], [1, 4], [1, 5], [1, 6], [1, 7], [2, 0], [2, 1], [2, 2], [2, 3], [2, 4], [2, 5], [2, 6], [2, 7], [3, 0], [3, 1], [3, 2], [3, 3], [3, 4], [3, 5], [3, 6], [3, 7], [4, 0], [4, 1], [4, 2], [4, 3], [4, 4], [4, 5], [4, 6], [4, 7], [5, 0], [5, 1], [5, 2], [5, 3], [5, 4], [5, 5], [5, 6], [5, 7], [6, 0], [6, 1], [6, 2], [6, 3], [6, 4], [6, 5], [6, 6], [6, 7], [7, 0], [7, 1], [7, 2], [7, 3], [7, 4], [7, 5], [7, 6], [7, 7]], "edges": [[0, 1, 0.48178199533892396], [0, 8, 0.0895675950593312], [1, 2, 0.939231134795924], [1, 9, 0.8719951431247076], [2, 3, 0.813653665199091], [2, 10, 0.2754208345851862], [3, 4, 0.3936056351036894], [4, 5, 0.8853964908172394], [5, 6, 0.22360406653386045], [6, 7, 0.8668977241804574], [6, 14, 0.8211593264516953], [8, 16, 0.46346494913492975], [9, 17, 0.14522070770459505], [10, 11, 0.3328140159625025], [10, 18, 0.4625145498843227], [11, 12, 0.07760898656036808], [11, 19, 0.053157706596865584], [12, 13, 0.6738791668286346], [13, 14, 0.9296751646604338], [13, 21, 0.25443037967687965], [14, 15, 0.3142949577999792], [14, 22, 0.29061988226407254], [16, 24, 0.3365521273585319], [17, 25, 0.06419093290407685], [18, 26, 0.6137477540184996], [19, 20, 0.44909262997210875], [19, 27, 0.699433656819813], [20, 21, 0.3315833595619836], [20, 28, 0.9132090763293298], [21, 22, 0.6006790466103218], [21, 29, 0.5756528218187392], [22, 23, 0.5649916346828037], [22, 30, 0.1548817758608395], [24, 32, 0.45525416694198395], [26, 27, 0.7347938287285021], [26, 34, 0.21181317160546442], [27, 35, 0.891368109038441], [30, 31, 0.05976839132151868], [30, 38, 0.6008270577145964], [32, 40, 0.5651941516534565], [33, 34, 0.4753182699097176], [33, 41, 0.9691329246214273], [34, 35, 0.9374610712664321], [34, 42, 0.6790566986705935], [35, 36, 0.4652674061206671], [35, 43, 0.8398189764767006], [36, 37, 0.11950411780872683], [37, 38, 0.39750253654705836], [38, 39, 0.18467987540127917], [38, 46, 0.44258596747177226], [40, 48, 0.7661527765500824], [41, 42, 0.632454885564543], [41, 49, 0.06740773301171266], [42, 50, 0.777697435575399], [43, 44, 0.033084711433843506], [43, 51, 0.565971774320261], [44, 45, 0.21912882308073034], [44, 52, 0.45572605244841013], [45, 46, 0.477240569136517], [45, 53, 0.7193582511177348], [46, 54, 0.1079814907277129], [48, 49, 0.3864305956979124], [48, 56, 0.4177153237639869], [49, 50, 0.21892422341782658], [50, 58, 0.6556663871213442], [51, 52, 0.49612636890445116], [51, 59, 0.03206228824347723], [52, 60, 0.03847876151511964], [53, 54, 0.6371885762126763], [53, 61, 0.5185329911943881], [54, 62, 0.5195288038053812], [7, 15, 0.9945059113450838], [23, 31, 0.6240487192321025], [31, 39, 0.5789256899332136], [39, 47, 0.7143594205544803], [47, 55, 0.30020372607259416], [55, 63, 0.6852496053757388], [56, 57, 0.4036890301040754], [57, 58, 0.41849323453556964], [59, 60, 0.6182112429800923], [60, 61, 0.6792289264751797]], "oriented": false, "discover": false, "dist": true, "mode": "map"}