{"pos": [[0, 0], [0, 1], [0, 2], [0, 3], [0, 4], [0, 5], [0, 6], [0, 7], [0, 8], [1, 0], [1, 1], [1, 2], [1, 3], [1, 4], [1, 5], [1, 6], [1, 7], [1, 8], [2, 0], [2, 1], [2, 2], [2, 3], [2, 4], [2, 5], [2, 6], [2, 7], [2, 8], [3, 0], [3, 1], [3, 2], [3, 3], [3, 4], [3, 5], [3, 6], [3, 7], [3, 8], [4, 0], [4, 1], [4, 2], [4, 3], [4, 4], [4, 5], [4, 6], [4, 7], [4, 8], [5, 0], [5, 1], [5, 2], [5, 3], [5, 4], [5, 5], [5, 6], [5, 7], [5, 8], [6, 0], [6, 1], [6, 2], [6, 3], [6, 4], [6, 5], [6, 6], [6, 7], [6, 8], [7, 0], [7, 1], [7, 2], [7, 3], [7, 4], [7, 5], [7, 6], [7, 7], [7, 8], [8, 0], [8, 1], [8, 2], [8, 3], [8, 4], [8, 5], [8, 6], [8, 7], [8, 8]], "edges": [[0, 1, 0.17834704067614393], [0, 9, 0.01480781249046137], [2, 3, 0.18074135138981506], [2, 11, 0.3077811707265934], [3, 4, 0.8338908540326867], [3, 12, 0.5592982291841011], [5, 6, 0.6920601913635783], [5, 14, 0.33446616495873316], [6, 7, 0.13422195458216535], [7, 8, 0.7870902554263245], [7, 16, 0.5919867015204648], [9, 10, 0.9589595763170059], [9, 18, 0.610074467571696], [10, 11, 0.5990732162204392], [10, 19, 0.9928441303169259], [11, 20, 0.9728282994996298], [13, 14, 0.19983783859089332], [14, 15, 0.49440223268010175], [14, 23, 0.10253570336490325], [15, 16, 0.20119898040559658], [15, 24, 0.4672581406485663], [18, 19, 0.9671382457810612], [18, 27, 0.8146362588824946], [19, 20, 0.4186297927609387], [19, 28, 0.391069090146531], [20, 21, 0.9884450316592109], [20, 29, 0.12972723202611336], [21, 30, 0.8044249237220492], [22, 23, 0.6949581404188145], [22, 31, 0.5040643461706702], [23, 32, 0.6761641022758635], [24, 25, 0.686704092156258], [24, 33, 0.7292471453305428], [25, 26, 0.24336754953868844], [25, 34, 0.6604089422978632], [27, 28, 0.8221461614682024], [27, 36, 0.8094369572935368], [28, 29, 0.3236662013299084], [28, 37, 0.6923167503451371], [29, 30, 0.1604728839398608], [30, 31, 0.9800299744586455], [30, 39, 0.3787971740059537], [31, 32, 0.863917821140211], [31, 40, 0.5027405475387737], [32, 33, 0.11119834159627207], [32, 41, 0.04485398824666276], [34, 35, 0.3431826353214623], [34, 43, 0.8307599866760556], [36, 45, 0.02196009200770943], [37, 38, 0.674147262054222], [37, 46, 0.8461122063506181], [38, 47, 0.2578544888219656], [39, 48, 0.5906362703118305], [40, 49, 0.970524538541461], [41, 42, 0.6575786752386337], [41, 50, 0.8806392911189571], [43, 52, 0.48530203847288], [45, 46, 0.5202692640108127], [45, 54, 0.08803821609464046], [46, 47, 0.3706371311366683], [46, 55, 0.17856607298099025], [47, 48, 0.6218534941599159], [47, 56, 0.4888437726401633], [48, 49, 0.41581212617813024], [48, 57, 0.41589394253554335], [50, 51, 0.3033208008872801], [50, 59, 0.6708307734118726], [51, 52, 0.5358648090749282], [51, 60, 0.8866164851684011], [52, 53, 0.7429974250215833], [52, 61, 0.14675964977181644], [54, 55, 0.8137933489343878], [55, 64, 0.06689922542664828], [56, 65, 0.054660384789638305], [57, 58, 0.08561838414867551], [58, 67, 0.4652538927618499], [59, 60, 0.5058656375575181], [59, 68, 0.33912532771593973], [60, 61, 0.7693618183466459], [61, 62, 0.920451988207421], [61, 70, 0.6915347093353944], [63, 64, 0.5333166305254263], [63, 72, 0.733691043170636], [64, 73, 0.8499804491457158], [65, 66, 0.5430867487135647], [66, 67, 0.48582535374928804], [66, 75, 0.4932633438641272], [67, 68, 0.4305662119653896], [67, 76, 0.2205238611813276], [68, 77, 0.061065140921549244], [69, 70, 0.16825021242066285], [69, 78, 0.2455478905521391], [70, 79, 0.5860870075265511], [8, 17, 0.504257589919033], [35, 44, 0.6077740311135912], [62, 71, 0.6192272990857657], [71, 80, 0.8872691809370064], [73, 74, 0.2652534789871611], [75, 76, 0.32768243663653684], [76, 77, 0.5509246924015148], [77, 78, 0.9710342335299891], [78, 79, 0.4752238810494913], [79, 80, 0.8079745079354681]], "oriented": false, "discover": false, "dist": true, "mode": "map"}