{"pos": [[0, 0], [0, 1], [0, 2], [0, 3], [0, 4], [0, 5], [0, 6], [0, 7], [1, 0], [1, 1], [1, 2], [1, 3], [1, 4], [1, 5], [1, 6], [1, 7], [2, 0], [2, 1], [2, 2], [2, 3], [2, 4], [2, 5], [2, 6], [2, 7], [3, 0], [3, 1], [3, 2], [3, 3], [3, 4], [3, 5], [3, 6], [3, 7], [4, 0], [4, 1], [4, 2], [4, 3], [4, 4], [4, 5], [4, 6], [4, 7], [5, 0], [5, 1], [5, 2], [5, 3], [5, 4], [5, 5], [5, 6], [5, 7], [6, 0], [6, 1], [6, 2], [6, 3], [6, 4], [6, 5], [6, 6], [6, 7], [7, 0], [7, 1], [7, 2], [7, 3], [7, 4], [7, 5], [7, 6], [7, 7]], "edges": [[0, 1, 0.8765476616970638], [0, 8, 0.3925928400657622], [1, 2, 0.4583958333501674], [2, 3, 0.852856903640407], [2, 10, 0.9766899623633946], [3, 4, 0.7078194170166643], [3, 11, 0.9015403775690928], [4, 5, 0.751432321095556], [5, 6, 0.30738123871937106], [5, 13, 0.7267203798744409], [6, 7, 0.31927500279819887], [6, 14, 0.8279946106907389], [8, 16, 0.9563699580458425], [9, 10, 0.046657659807496144], [10, 11, 0.803861013475751], [11, 12, 0.5423153951373639], [11, 19, 0.8499013108128448], [12, 13, 0.7406329636146712], [13, 14, 0.8097298814050401], [13, 21, 0.1051633288519509], [14, 15, 0.901572318411072], [14, 22, 0.5320879682888884], [16, 17, 0.554166082201916], [16, 24, 0.7020624494850685], [17, 18, 0.04782065260073787], [17, 25, 0.32992280858109135], [18, 26, 0.17755125407197836], [19, 20, 0.4253286139893029], [19, 27, 0.016062803016361538], [20, 28, 0.9448054601486336], [21, 22, 0.7848676510537764], [21, 29, 0.2519818388362186], [22, 23, 0.09570823995873912], [25, 33, 0.7331960862052072], [26, 34, 0.7468238123929166], [27, 28, 0.6462959369933797], [27, 35, 0.4621665839909762], [29, 30, 0.3992707117163937], [29, 37, 0.8947826399425118], [32, 33, 0.637789645519608], [32, 40, 0.9075908718045722], [33, 41, 0.4226323172235238], [34, 35, 0.7868039604996399], [34, 42, 0.8639756984937538], [35, 43, 0.6143382043888327], [36, 37, 0.11005459068800294], [37, 38, 0.5961631795461975], [37, 45, 0.8549831099135434], [38, 39, 0.5398200662295579], [38, 46, 0.013499687415938322], [40, 41, 0.823651775308646], [40, 48, 0.7004551699064405], [41, 49, 0.31178291116789514], [43, 51, 0.6338368931161424], [44, 45, 0.5252800868162077], [44, 52, 0.9986798962666146], [45, 46, 0.8462021361431841], [45, 53, 0.8596697029133641], [46, 47, 0.4433764210110228], [46, 54, 0.8938547753854869], [48, 49, 0.22169449180019118], [48, 56, 0.9458579408977297], [49, 57, 0.8275862097189188], [50, 51, 0.08029590070070691], [50, 58, 0.6736876878363983], [51, 52, 0.8272758886565915], [51, 59, 0.9939794742868969], [52, 53, 0.6039649292233358], [52, 60, 0.7407472929676105], [53, 54, 0.2813576170943506], [53, 61, 0.14659298704223467], [54, 55, 0.5421020908566274], [15, 23, 0.9794780232920255], [23, 31, 0.3657210291952455], [31, 39, 0.9813534970294163], [39, 47, 0.9722053780654654], [56, 57, 0.7017704190904259], [57, 58, 0.0051868504127354775], [59, 60, 0.35833403734130675], [61, 62, 0.9372685399242561], [62, 63, 0.5776741199251778]], "oriented": false, "discover": false, "dist": true, "mode": "map"}