{"pos": [[0, 0], [0, 1], [0, 2], [0, 3], [0, 4], [0, 5], [0, 6], [0, 7], [1, 0], [1, 1], [1, 2], [1, 3], [1, 4], [1, 5], [1, 6], [1, 7], [2, 0], [2, 1], [2, 2], [2, 3], [2, 4], [2, 5], [2, 6], [2, 7], [3, 0], [3, 1], [3, 2], [3, 3], [3, 4], [3, 5], [3, 6], [3, 7], [4, 0], [4, 1], [4, 2], [4, 3], [4, 4], [4, 5], [4, 6], [4, 7], [5, 0], [5, 1], [5, 2], [5, 3], [5, 4], [5, 5], [5, 6], [5, 7], [6, 0], [6, 1], [6, 2], [6, 3], [6, 4], [6, 5], [6, 6], [6, 7], [7, 0], [7, 1], [7, 2], [7, 3], [7, 4], [7, 5], [7, 6], [7, 7]], "edges": [[0, 1, 0.05884013130167609], [0, 8, 0.2488501000008625], [1, 2, 0.3414499130588944], [1, 9, 0.45158178844189856], [2, 3, 0.05619096159067094], [2, 10, 0.37921258041156825], [3, 4, 0.47207548012736256], [3, 11, 0.49880535161952533], [4, 5, 0.8302658419154136], [4, 12, 0.8887167551074203], [5, 6, 0.18651642846655125], [6, 7, 0.13226333508653643], [6, 14, 0.6263295308339165], [9, 17, 0.7999199398768976], [10, 11, 0.08754191767647312], [10, 18, 0.9239401502102013], [11, 12, 0.9522698421412547], [11, 19, 0.7137248912924832], [12, 13, 0.8692665864312795], [12, 20, 0.17666113215072066], [13, 21, 0.2934142926845481], [14, 15, 0.42769562976224895], [14, 22, 0.10657388662950795], [16, 17, 0.4270260987724258], [16, 24, 0.5263492421023178], [17, 25, 0.29167463240052816], [18, 26, 0.025831678019461735], [19, 27, 0.7932876249747355], [20, 21, 0.36399497725628693], [20, 28, 0.025569134853550946], [21, 22, 0.7814688262817411], [22, 23, 0.10172508642112676], [22, 30, 0.07393121088630927], [24, 25, 0.49970895963927564], [24, 32, 0.6637946396903021], [25, 33, 0.06366629235190957], [27, 28, 0.6979192103484916], [28, 29, 0.7821010559129108], [29, 30, 0.8123722087929325], [29, 37, 0.5481544213780124], [30, 38, 0.014643485730901462], [32, 40, 0.7653898764110414], [33, 34, 0.012709089280159014], [33, 41, 0.5469832629692924], [34, 35, 0.9406987919172263], [34, 42, 0.9005617591300417], [35, 36, 0.8470881031081443], [36, 37, 0.32027820680409036], [36, 44, 0.004419487073393458], [37, 38, 0.35502751343365613], [37, 45, 0.13655448024926198], [38, 39, 0.5279767778891856], [41, 49, 0.7205740150838669], [42, 43, 0.6467332844218475], [42, 50, 0.7193966601068039], [44, 45, 0.850094481960827], [44, 52, 0.2311471636273036], [45, 46, 0.3324729955115068], [45, 53, 0.6573940569782218], [46, 47, 0.7500120706144145], [46, 54, 0.25197195903958747], [48, 49, 0.9193574924726093], [48, 56, 0.02972045269088397], [49, 50, 0.9262901503945175], [49, 57, 0.08827924391729147], [50, 51, 0.46319988415226165], [50, 58, 0.5859508602184479], [51, 52, 0.26616408625237], [51, 59, 0.840866157014009], [52, 53, 0.7657000355289614], [52, 60, 0.6783544162354523], [53, 61, 0.9539311296377876], [54, 55, 0.597212352121446], [54, 62, 0.5238816682480576], [7, 15, 0.8881717717382985], [15, 23, 0.08748365889244836], [23, 31, 0.21471577074591996], [31, 39, 0.679513908269716], [55, 63, 0.23721847500933635], [56, 57, 0.313865961691535], [62, 63, 0.6646423693844363]], "oriented": false, "discover": false, "dist": true, "mode": "map"}