{"pos": [[0, 0], [0, 1], [0, 2], [0, 3], [0, 4], [0, 5], [0, 6], [0, 7], [1, 0], [1, 1], [1, 2], [1, 3], [1, 4], [1, 5], [1, 6], [1, 7], [2, 0], [2, 1], [2, 2], [2, 3], [2, 4], [2, 5], [2, 6], [2, 7], [3, 0], [3, 1], [3, 2], [3, 3], [3, 4], [3, 5], [3, 6], [3, 7], [4, 0], [4, 1], [4, 2], [4, 3], [4, 4], [4, 5], [4, 6], [4, 7], [5, 0], [5, 1], [5, 2], [5, 3], [5, 4], [5, 5], [5, 6], [5, 7], [6, 0], [6, 1], [6, 2], [6, 3], [6, 4], [6, 5], [6, 6], [6, 7], [7, 0], [7, 1], [7, 2], [7, 3], [7, 4], [7, 5], [7, 6], [7, 7]], "edges": [[0, 1, 0.20812967191810494], [0, 8, 0.8426920489899442], [1, 2, 0.505841565943768], [1, 9, 0.42212227873073926], [2, 3, 0.22493987689252382], [2, 10, 0.21794878730932032], [3, 4, 0.22466833892490712], [3, 11, 0.3285931915164322], [4, 5, 0.9428858176453856], [5, 6, 0.3568230681895954], [5, 13, 0.9530932379514004], [6, 7, 0.5643801221218652], [6, 14, 0.853564936914073], [8, 16, 0.9603254793100618], [9, 17, 0.15181741874060428], [10, 18, 0.09823738983836816], [11, 12, 0.2514792810811517], [11, 19, 0.8622848256547428], [12, 13, 0.010298805291052981], [13, 21, 0.33241334349818286], [14, 15, 0.731792496727311], [14, 22, 0.5390662438643661], [16, 17, 0.047665101534421495], [16, 24, 0.8686617374140412], [17, 18, 0.08226965704047962], [17, 25, 0.8846271517654895], [19, 20, 0.8956399609846629], [19, 27, 0.12683529043635244], [20, 21, 0.3964876233741348], [20, 28, 0.590873629532196], [21, 22, 0.024081127907693456], [21, 29, 0.9518251521178352], [22, 23, 0.9845731011121853], [24, 32, 0.1703558205117729], [25, 26, 0.3526331423201745], [25, 33, 0.1565587594968324], [27, 35, 0.5112951865775686], [28, 29, 0.24857064211314728], [28, 36, 0.9998973052949309], [29, 30, 0.8177803010769863], [29, 37, 0.4575668976104299], [30, 31, 0.5805372920245281], [32, 40, 0.48649856224845345], [33, 34, 0.3779031480266649], [33, 41, 0.4259609921821418], [34, 35, 0.730208200656272], [34, 42, 0.8247101058196151], [35, 36, 0.5799921384539064], [35, 43, 0.34949050584562547], [37, 38, 0.7044092719094123], [37, 45, 0.4104627438082066], [38, 46, 0.5295073063022406], [40, 41, 0.6475367070772174], [41, 42, 0.14040107232543786], [42, 43, 0.967989964663631], [42, 50, 0.7787148750960067], [43, 51, 0.9378916757476847], [44, 45, 0.2795393298257852], [44, 52, 0.6259886912641539], [45, 46, 0.3364508240404682], [45, 53, 0.8087587904985816], [46, 47, 0.3914669240135137], [48, 49, 0.18834729828576402], [48, 56, 0.32519556146596096], [49, 50, 0.388058816160606], [49, 57, 0.5484605183689172], [50, 58, 0.9789210808764207], [51, 59, 0.00017667124462439343], [52, 53, 0.7509855627243749], [52, 60, 0.13104541358950572], [53, 54, 0.33501655780083595], [53, 61, 0.9348954061698088], [54, 55, 0.46033148603382146], [54, 62, 0.4979431964845541], [15, 23, 0.6244988455809521], [31, 39, 0.4351242188326385], [47, 55, 0.8781996394059968], [55, 63, 0.6763755161670914], [57, 58, 0.08177597394873093], [60, 61, 0.5909156057946531], [61, 62, 0.7896604397200271]], "oriented": false, "discover": false, "dist": true, "mode": "map"}