{"pos": [[0, 0], [0, 1], [0, 2], [0, 3], [0, 4], [0, 5], [0, 6], [0, 7], [0, 8], [1, 0], [1, 1], [1, 2], [1, 3], [1, 4], [1, 5], [1, 6], [1, 7], [1, 8], [2, 0], [2, 1], [2, 2], [2, 3], [2, 4], [2, 5], [2, 6], [2, 7], [2, 8], [3, 0], [3, 1], [3, 2], [3, 3], [3, 4], [3, 5], [3, 6], [3, 7], [3, 8], [4, 0], [4, 1], [4, 2], [4, 3], [4, 4], [4, 5], [4, 6], [4, 7], [4, 8], [5, 0], [5, 1], [5, 2], [5, 3], [5, 4], [5, 5], [5, 6], [5, 7], [5, 8], [6, 0], [6, 1], [6, 2], [6, 3], [6, 4], [6, 5], [6, 6], [6, 7], [6, 8], [7, 0], [7, 1], [7, 2], [7, 3], [7, 4], [7, 5], [7, 6], [7, 7], [7, 8], [8, 0], [8, 1], [8, 2], [8, 3], [8, 4], [8, 5], [8, 6], [8, 7], [8, 8]], "edges": [[0, 1, 0.453170087678588], [0, 9, 0.07969197354378343], [1, 2, 0.5160853933852371], [1, 10, 0.8467806194966206], [2, 3, 0.17495732735212133], [3, 4, 0.966784712240492], [3, 12, 0.49347172913736115], [4, 5, 0.5320365423789415], [5, 6, 0.8435050385942195], [5, 14, 0.47801233067087956], [6, 7, 0.8720445797333877], [7, 8, 0.42482348804388237], [7, 16, 0.7876728766324833], [9, 10, 0.21837766285243665], [9, 18, 0.7312683085685155], [10, 11, 0.9208981820111767], [10, 19, 0.45204151496076805], [11, 20, 0.2512574614875377], [12, 13, 0.2991591047035188], [12, 21, 0.7836115318793841], [13, 22, 0.09856956775449677], [14, 15, 0.2653324249286423], [15, 16, 0.9533620610215607], [15, 24, 0.13743071150839048], [16, 25, 0.26392903107668897], [18, 19, 0.8228890721072197], [18, 27, 0.5238976259426453], [19, 20, 0.890602721257673], [19, 28, 0.38727003371928104], [20, 21, 0.8675330046645022], [20, 29, 0.12677709256524194], [21, 22, 0.4755400706965144], [22, 23, 0.6333925303143045], [22, 31, 0.26544737903009685], [23, 32, 0.0328920215457732], [27, 36, 0.9041316971207486], [28, 37, 0.6131725732130574], [29, 30, 0.5019824888025347], [31, 40, 0.2295252172593356], [32, 33, 0.5216905521101444], [32, 41, 0.223319623295554], [33, 34, 0.442940147488313], [33, 42, 0.640156962653001], [34, 35, 0.8392151141856306], [34, 43, 0.34568244936834913], [36, 37, 0.13720262157393015], [37, 38, 0.11060961115302426], [37, 46, 0.6131678203129868], [38, 39, 0.9931250917398773], [38, 47, 0.8720839604605923], [39, 48, 0.7881691824832786], [40, 41, 0.885710233044813], [41, 42, 0.08550048739028815], [42, 51, 0.3061547118716409], [43, 44, 0.07721040083433928], [45, 46, 0.568915119524675], [45, 54, 0.5676747331483354], [46, 55, 0.6807848655559114], [47, 48, 0.7908226552927123], [48, 49, 0.7598917184741731], [49, 50, 0.2208497761146756], [49, 58, 0.7666683423180857], [50, 59, 0.42313646257134274], [51, 52, 0.9763960651308699], [51, 60, 0.38729531666134365], [54, 63, 0.9302592392845246], [55, 56, 0.8035060653489499], [55, 64, 0.991224614942464], [56, 57, 0.8011388882547419], [56, 65, 0.7987951501379118], [57, 58, 0.11675767127769832], [57, 66, 0.546165041933468], [58, 59, 0.9463319921599799], [58, 67, 0.26289284014502945], [59, 60, 0.9689749603740253], [60, 61, 0.023215874664401448], [60, 69, 0.6224278021799777], [61, 62, 0.22888029950253852], [61, 70, 0.5850953600989387], [63, 64, 0.44001113558307425], [63, 72, 0.18287667269433827], [64, 65, 0.26878738400518076], [64, 73, 0.2574763269515037], [65, 66, 0.9812377881149817], [65, 74, 0.0943294620337024], [66, 75, 0.26141461469287885], [67, 68, 0.7529631442569854], [67, 76, 0.6883936288269633], [68, 69, 0.49897825654707384], [68, 77, 0.5857802598878133], [69, 70, 0.8684187049637226], [69, 78, 0.6145023591262717], [70, 71, 0.20769235849133716], [70, 79, 0.2163864384118821], [8, 17, 0.02494176855947494], [17, 26, 0.6261528291166938], [35, 44, 0.6618674289338307], [44, 53, 0.44942952354160537], [71, 80, 0.4906821399033796], [74, 75, 0.12240820919846895], [75, 76, 0.9228576337357418], [76, 77, 0.42709679005989076], [78, 79, 0.6057467863800744], [79, 80, 0.14460828816780313]], "oriented": false, "discover": false, "dist": true, "mode": "map"}