{"pos": [[0, 0], [0, 1], [0, 2], [0, 3], [0, 4], [0, 5], [0, 6], [0, 7], [1, 0], [1, 1], [1, 2], [1, 3], [1, 4], [1, 5], [1, 6], [1, 7], [2, 0], [2, 1], [2, 2], [2, 3], [2, 4], [2, 5], [2, 6], [2, 7], [3, 0], [3, 1], [3, 2], [3, 3], [3, 4], [3, 5], [3, 6], [3, 7], [4, 0], [4, 1], [4, 2], [4, 3], [4, 4], [4, 5], [4, 6], [4, 7], [5, 0], [5, 1], [5, 2], [5, 3], [5, 4], [5, 5], [5, 6], [5, 7], [6, 0], [6, 1], [6, 2], [6, 3], [6, 4], [6, 5], [6, 6], [6, 7], [7, 0], [7, 1], [7, 2], [7, 3], [7, 4], [7, 5], [7, 6], [7, 7]], "edges": [[0, 1, 0.16727246947489782], [0, 8, 0.6043152556400551], [1, 2, 0.44595240621605237], [1, 9, 0.012958567913378238], [2, 3, 0.3921116087447568], [2, 10, 0.9267799598765603], [3, 4, 0.12784912661081516], [3, 11, 0.46166708619256835], [4, 5, 0.11862448966878181], [4, 12, 0.6210060636378604], [5, 6, 0.16230817025082078], [5, 13, 0.16505046901993226], [6, 7, 0.3647011401888127], [6, 14, 0.8198062516370102], [8, 9, 0.6591591998551197], [8, 16, 0.2167736488813582], [9, 10, 0.06866137922484583], [11, 12, 0.39629395853517124], [11, 19, 0.12383271243923266], [12, 13, 0.842973615165795], [12, 20, 0.05042658956685642], [13, 14, 0.45923045234034665], [13, 21, 0.5328255108544822], [14, 15, 0.7176286143118472], [14, 22, 0.9289073637199553], [16, 17, 0.2744177243820807], [16, 24, 0.14328303250560404], [17, 18, 0.11256201611013184], [17, 25, 0.4547271446348937], [19, 20, 0.6751335885550058], [19, 27, 0.47942034587098925], [21, 29, 0.5097974297739062], [22, 23, 0.15444286905749216], [24, 25, 0.08888565672139093], [24, 32, 0.8159901637439139], [25, 26, 0.7435524630028876], [25, 33, 0.6038250706685092], [26, 34, 0.06461025527107889], [27, 28, 0.5580153203974916], [29, 30, 0.6084879962915086], [29, 37, 0.5006661601392205], [30, 31, 0.8603305126046977], [30, 38, 0.5282318632966643], [32, 33, 0.4781883364757906], [32, 40, 0.004080212335696998], [33, 34, 0.8176691998456456], [33, 41, 0.6966036842208605], [34, 35, 0.6981560080383209], [34, 42, 0.8436980596388229], [35, 36, 0.15392804512243707], [37, 45, 0.7884386150481126], [38, 39, 0.7077720573279656], [38, 46, 0.9042053022739224], [40, 48, 0.49329398875667185], [41, 42, 0.3363584755906822], [41, 49, 0.1528846075379393], [42, 43, 0.06651734492745276], [43, 44, 0.08331671261483897], [43, 51, 0.6446780561581815], [44, 45, 0.5585436804521178], [44, 52, 0.18816924061027573], [45, 46, 0.3449862848431152], [45, 53, 0.537518259877663], [48, 56, 0.8395056561611326], [49, 50, 0.41781730409102313], [49, 57, 0.09447992158755403], [50, 58, 0.982062568736706], [51, 52, 0.2709382205794465], [51, 59, 0.7616534126724931], [52, 53, 0.5461134050410441], [53, 54, 0.12532562604315856], [53, 61, 0.9726072061107095], [54, 55, 0.01697277314036305], [7, 15, 0.1628544623945235], [23, 31, 0.54856397669616], [39, 47, 0.9265353128257454], [55, 63, 0.11468166172346883], [57, 58, 0.926023080032905], [60, 61, 0.010978099894146554], [61, 62, 0.6494697667736197], [62, 63, 0.8474450053023548]], "oriented": false, "discover": false, "dist": true, "mode": "map"}