{"pos": [[0, 0], [0, 1], [0, 2], [0, 3], [0, 4], [0, 5], [0, 6], [0, 7], [1, 0], [1, 1], [1, 2], [1, 3], [1, 4], [1, 5], [1, 6], [1, 7], [2, 0], [2, 1], [2, 2], [2, 3], [2, 4], [2, 5], [2, 6], [2, 7], [3, 0], [3, 1], [3, 2], [3, 3], [3, 4], [3, 5], [3, 6], [3, 7], [4, 0], [4, 1], [4, 2], [4, 3], [4, 4], [4, 5], [4, 6], [4, 7], [5, 0], [5, 1], [5, 2], [5, 3], [5, 4], [5, 5], [5, 6], [5, 7], [6, 0], [6, 1], [6, 2], [6, 3], [6, 4], [6, 5], [6, 6], [6, 7], [7, 0], [7, 1], [7, 2], [7, 3], [7, 4], [7, 5], [7, 6], [7, 7]], "edges": [[0, 1, 0.7973381089988225], [0, 8, 0.424792610306972], [2, 3, 0.10152670904197725], [2, 10, 0.3770075996643588], [3, 4, 0.8484043915502347], [4, 5, 0.839594534304105], [5, 6, 0.5358714997718786], [6, 7, 0.7969267487781225], [8, 9, 0.861363265772285], [8, 16, 0.4899117344123126], [9, 10, 0.8493287963426337], [9, 17, 0.4442547009473987], [10, 11, 0.5926816379427572], [10, 18, 0.19362954849622294], [11, 12, 0.08605893029776535], [11, 19, 0.2367752444172514], [12, 13, 0.9956347768902584], [12, 20, 0.00340610286865195], [13, 14, 0.08610191583304971], [13, 21, 0.6374781673397664], [16, 17, 0.954049342825455], [17, 18, 0.8295056393107841], [17, 25, 0.6697397350930524], [18, 26, 0.6278185178428147], [19, 20, 0.31080144975295154], [19, 27, 0.6742413108487466], [20, 21, 0.36226390772406614], [20, 28, 0.2134522949402462], [21, 22, 0.8873412257539054], [21, 29, 0.6273767959444775], [24, 25, 0.46645449449005083], [24, 32, 0.6106257677253805], [25, 33, 0.5303557831979222], [26, 34, 0.24881956087928647], [28, 29, 0.3346175006432701], [28, 36, 0.5123913014681644], [29, 30, 0.07239923405571069], [29, 37, 0.5572805849792808], [30, 31, 0.8928610215579182], [32, 33, 0.7454031910090403], [32, 40, 0.1173203434803457], [33, 34, 0.1768428690020254], [33, 41, 0.8573857267443984], [34, 35, 0.10770204440066078], [34, 42, 0.37576928607051663], [35, 36, 0.7365416159956134], [35, 43, 0.49955555310372723], [36, 37, 0.7622480653806131], [37, 38, 0.15593991676978036], [37, 45, 0.8810707792509311], [38, 39, 0.17072919898563854], [40, 48, 0.7651510963832886], [41, 49, 0.7225419614163425], [42, 50, 0.29782118435165716], [43, 44, 0.5638578760768012], [44, 45, 0.6575073395383911], [44, 52, 0.8930152334935497], [45, 46, 0.7066812618582754], [46, 47, 0.9254704437670426], [48, 49, 0.6934003058907858], [48, 56, 0.7480908941557142], [49, 50, 0.30339404758237776], [49, 57, 0.572598678406768], [50, 51, 0.45755010088006187], [50, 58, 0.21312731762815795], [52, 53, 0.0329628670542913], [52, 60, 0.229034450720341], [53, 54, 0.1983825967843449], [54, 62, 0.7111952668272343], [7, 15, 0.47005205157062835], [15, 23, 0.374997599168972], [23, 31, 0.5503505993855655], [31, 39, 0.7029083108124677], [47, 55, 0.9463862304909018], [55, 63, 0.4712208401379725], [56, 57, 0.7975548422230214], [57, 58, 0.693077098127845], [58, 59, 0.8780690750249951], [59, 60, 0.39257146237235263], [60, 61, 0.4124351561875923], [61, 62, 0.32265131861494]], "oriented": false, "discover": false, "dist": true, "mode": "map"}