{"pos": [[0, 0], [0, 1], [0, 2], [0, 3], [0, 4], [0, 5], [0, 6], [0, 7], [0, 8], [1, 0], [1, 1], [1, 2], [1, 3], [1, 4], [1, 5], [1, 6], [1, 7], [1, 8], [2, 0], [2, 1], [2, 2], [2, 3], [2, 4], [2, 5], [2, 6], [2, 7], [2, 8], [3, 0], [3, 1], [3, 2], [3, 3], [3, 4], [3, 5], [3, 6], [3, 7], [3, 8], [4, 0], [4, 1], [4, 2], [4, 3], [4, 4], [4, 5], [4, 6], [4, 7], [4, 8], [5, 0], [5, 1], [5, 2], [5, 3], [5, 4], [5, 5], [5, 6], [5, 7], [5, 8], [6, 0], [6, 1], [6, 2], [6, 3], [6, 4], [6, 5], [6, 6], [6, 7], [6, 8], [7, 0], [7, 1], [7, 2], [7, 3], [7, 4], [7, 5], [7, 6], [7, 7], [7, 8], [8, 0], [8, 1], [8, 2], [8, 3], [8, 4], [8, 5], [8, 6], [8, 7], [8, 8]], "edges": [[0, 1, 0.8108938049650363], [0, 9, 0.12938075716552766], [1, 2, 0.14785011818406768], [1, 10, 0.9128876095558225], [2, 3, 0.7025052796010286], [2, 11, 0.852023979548242], [3, 4, 0.7293689407680326], [3, 12, 0.9014646719252194], [4, 5, 0.1839090215961855], [4, 13, 0.6490899198168214], [5, 6, 0.8110553675769228], [6, 7, 0.501847546148959], [6, 15, 0.26458063311959634], [7, 8, 0.6859518026038984], [9, 10, 0.9484954716058989], [9, 18, 0.950083206669534], [10, 11, 0.9993038820539933], [11, 20, 0.5357298548503756], [12, 21, 0.8104252248283813], [13, 14, 0.8483096476160431], [13, 22, 0.10541514575263289], [14, 23, 0.7300097453228639], [15, 16, 0.8075776354230544], [15, 24, 0.8889658718522357], [16, 25, 0.4251161135751107], [18, 19, 0.7396229776793687], [18, 27, 0.7220752440779588], [19, 28, 0.8143453696699525], [20, 21, 0.8995663380387462], [20, 29, 0.5013779055520445], [21, 22, 0.8418445716891589], [21, 30, 0.014208875159853918], [22, 23, 0.7560974169564316], [23, 32, 0.522377848443809], [24, 33, 0.10929220141814278], [25, 26, 0.6328358642742431], [25, 34, 0.18811802110225573], [27, 36, 0.6766701792079143], [28, 29, 0.4310822007464661], [28, 37, 0.2498565194885648], [29, 30, 0.129318039462889], [29, 38, 0.00535909709142679], [30, 31, 0.5805630012908], [30, 39, 0.406782130958492], [31, 32, 0.7860661765652336], [32, 41, 0.699444858405677], [33, 34, 0.40168748976330915], [33, 42, 0.5133298911373353], [36, 45, 0.6717223307325807], [37, 38, 0.9273499789885454], [37, 46, 0.06933619989136375], [38, 39, 0.06991565872203187], [38, 47, 0.5312295953068712], [39, 40, 0.8239469215885754], [39, 48, 0.263595886827408], [40, 41, 0.9528819649074283], [40, 49, 0.09059876860919258], [41, 50, 0.7315883660060998], [42, 43, 0.16314022735905653], [42, 51, 0.6149005414289243], [45, 46, 0.7453130137475199], [45, 54, 0.6040437481249689], [46, 55, 0.9829877232135459], [47, 48, 0.9685624236756377], [48, 57, 0.961573066307179], [49, 58, 0.35332785491249863], [50, 51, 0.14840289887932068], [50, 59, 0.2790635216742684], [51, 52, 0.6444106420591156], [51, 60, 0.03872898872786157], [52, 61, 0.10126181599034323], [54, 55, 0.14050299543671296], [54, 63, 0.6176931580163718], [55, 56, 0.4244989118990379], [55, 64, 0.07455409787330125], [56, 57, 0.04358404678210914], [56, 65, 0.9368188176714868], [57, 66, 0.34975291922520235], [58, 59, 0.80946862643414], [60, 61, 0.2856830289058151], [60, 69, 0.19256748494612297], [61, 62, 0.5847793354605713], [63, 72, 0.8645136159091885], [65, 66, 0.7094571901309948], [65, 74, 0.7749714354001139], [66, 67, 0.23482276381468292], [66, 75, 0.9925361593036885], [67, 68, 0.48811788299065295], [68, 77, 0.02704135809959063], [69, 70, 0.957920206941574], [69, 78, 0.0977109579154739], [70, 71, 0.5642392131941839], [70, 79, 0.8826219381741467], [8, 17, 0.2630504228711531], [26, 35, 0.7697920075760375], [35, 44, 0.024975201007516712], [44, 53, 0.13019652714967533], [53, 62, 0.0927798318364833], [71, 80, 0.1813451839744208], [72, 73, 0.07874443629569394], [74, 75, 0.39751496932074193], [75, 76, 0.9402233166367827], [76, 77, 0.058309999218756126], [79, 80, 0.819489038672485]], "oriented": false, "discover": false, "dist": true, "mode": "map"}