{"pos": [[0, 0], [0, 1], [0, 2], [0, 3], [0, 4], [0, 5], [0, 6], [0, 7], [0, 8], [1, 0], [1, 1], [1, 2], [1, 3], [1, 4], [1, 5], [1, 6], [1, 7], [1, 8], [2, 0], [2, 1], [2, 2], [2, 3], [2, 4], [2, 5], [2, 6], [2, 7], [2, 8], [3, 0], [3, 1], [3, 2], [3, 3], [3, 4], [3, 5], [3, 6], [3, 7], [3, 8], [4, 0], [4, 1], [4, 2], [4, 3], [4, 4], [4, 5], [4, 6], [4, 7], [4, 8], [5, 0], [5, 1], [5, 2], [5, 3], [5, 4], [5, 5], [5, 6], [5, 7], [5, 8], [6, 0], [6, 1], [6, 2], [6, 3], [6, 4], [6, 5], [6, 6], [6, 7], [6, 8], [7, 0], [7, 1], [7, 2], [7, 3], [7, 4], [7, 5], [7, 6], [7, 7], [7, 8], [8, 0], [8, 1], [8, 2], [8, 3], [8, 4], [8, 5], [8, 6], [8, 7], [8, 8]], "edges": [[0, 1, 0.8946698406914435], [0, 9, 0.21391832628244134], [1, 2, 0.7672884868359312], [2, 3, 0.09021749801294221], [2, 11, 0.4389014298355802], [3, 4, 0.5798735621303381], [3, 12, 0.0304392959254165], [4, 5, 0.7944381913794553], [4, 13, 0.3356492458996764], [5, 6, 0.5604931822538841], [5, 14, 0.8513218075147335], [6, 7, 0.8391221293485079], [6, 15, 0.8726876868091826], [7, 8, 0.11217352202395292], [7, 16, 0.4476616185009249], [9, 10, 0.7142481317598539], [9, 18, 0.2606409360205114], [10, 11, 0.09983018142445532], [10, 19, 0.9648135041824604], [12, 21, 0.04931119779616444], [13, 14, 0.9000002015593235], [13, 22, 0.24499028346630436], [15, 16, 0.0035680446810149036], [16, 17, 0.2852916028666236], [16, 25, 0.006381528069909659], [18, 27, 0.918367547557798], [19, 20, 0.7626090226470268], [19, 28, 0.2560707056927535], [21, 30, 0.4471000761695334], [22, 23, 0.27166761502337233], [22, 31, 0.2895038117158707], [23, 24, 0.5814503014126081], [23, 32, 0.9395710145239458], [24, 25, 0.57184776081029], [24, 33, 0.8808186410102992], [25, 34, 0.8304500856381021], [27, 36, 0.46034316991728785], [28, 29, 0.7487419536167806], [28, 37, 0.8067050405955924], [29, 30, 0.8273813450648032], [29, 38, 0.6562105675544894], [30, 31, 0.9173371021704748], [30, 39, 0.5697213356193123], [31, 40, 0.02391429339567197], [32, 41, 0.8018322411924785], [34, 35, 0.7246106838947717], [36, 45, 0.33052900302416766], [37, 38, 0.6862393447761203], [37, 46, 0.1066037274884325], [38, 39, 0.28099648343846517], [38, 47, 0.9089033064831578], [39, 48, 0.8201757282301709], [40, 49, 0.7152105141332563], [41, 42, 0.8207916256311474], [41, 50, 0.3676420258329931], [42, 43, 0.7489110816019641], [42, 51, 0.43063926462901814], [43, 44, 0.6344108690998363], [43, 52, 0.07600767515900464], [45, 54, 0.7795613424818858], [46, 47, 0.56010237169368], [47, 56, 0.44722688274634326], [48, 57, 0.12463765786222103], [49, 50, 0.9988815496656291], [49, 58, 0.947190887253144], [51, 60, 0.7441722536648255], [52, 53, 0.8917341662964622], [52, 61, 0.21788100611298167], [54, 55, 0.19044811709308673], [54, 63, 0.1441370896813523], [55, 64, 0.2772219212030238], [56, 65, 0.013849708093945479], [57, 58, 0.39074131692363867], [57, 66, 0.7878843698283254], [58, 59, 0.7603722743822356], [58, 67, 0.2609822784609923], [59, 68, 0.9482636076131392], [60, 69, 0.33462533431085906], [61, 70, 0.5420618187900884], [63, 64, 0.34025169081868867], [63, 72, 0.8104872540851183], [64, 65, 0.22582900702234598], [65, 74, 0.32510943303297946], [66, 67, 0.2486676282501512], [66, 75, 0.5590541180300705], [67, 68, 0.6548451806622401], [67, 76, 0.13643358329109345], [68, 77, 0.16616130734121037], [70, 79, 0.806298210178708], [8, 17, 0.22123320319202078], [17, 26, 0.7502499696690722], [26, 35, 0.719656255618665], [35, 44, 0.9442636394703332], [44, 53, 0.7735300329714112], [53, 62, 0.16966184238698867], [62, 71, 0.07180246149738301], [71, 80, 0.11953975658535698], [72, 73, 0.7809168261307824], [73, 74, 0.6639311480165159], [74, 75, 0.5695425395312392], [76, 77, 0.7243364760455041], [77, 78, 0.015510858326541421], [78, 79, 0.9957689879626306], [79, 80, 0.8209554339725429]], "oriented": false, "discover": false, "dist": true, "mode": "map"}