{"pos": [[0, 0], [0, 1], [0, 2], [0, 3], [0, 4], [0, 5], [0, 6], [0, 7], [1, 0], [1, 1], [1, 2], [1, 3], [1, 4], [1, 5], [1, 6], [1, 7], [2, 0], [2, 1], [2, 2], [2, 3], [2, 4], [2, 5], [2, 6], [2, 7], [3, 0], [3, 1], [3, 2], [3, 3], [3, 4], [3, 5], [3, 6], [3, 7], [4, 0], [4, 1], [4, 2], [4, 3], [4, 4], [4, 5], [4, 6], [4, 7], [5, 0], [5, 1], [5, 2], [5, 3], [5, 4], [5, 5], [5, 6], [5, 7], [6, 0], [6, 1], [6, 2], [6, 3], [6, 4], [6, 5], [6, 6], [6, 7], [7, 0], [7, 1], [7, 2], [7, 3], [7, 4], [7, 5], [7, 6], [7, 7]], "edges": [[0, 1, 0.4757464419305535], [0, 8, 0.21386945672575963], [1, 2, 0.4439817599387975], [2, 3, 0.10763268729129383], [2, 10, 0.38862437651958504], [3, 4, 0.5812823817518643], [4, 5, 0.2732821400433545], [4, 12, 0.5582693736335895], [5, 6, 0.13651522897351276], [5, 13, 0.694966648712326], [6, 7, 0.8926050004472774], [6, 14, 0.58576495710223], [8, 9, 0.5344951872706476], [8, 16, 0.5127637149460849], [10, 11, 0.5852897380529543], [10, 18, 0.558099756650483], [11, 19, 0.9457858498449082], [12, 13, 0.13016611897634756], [14, 15, 0.5055357899167302], [14, 22, 0.2232957002222158], [16, 17, 0.5143002075906632], [16, 24, 0.8441014468809098], [17, 18, 0.7543957389539454], [17, 25, 0.7618029106659108], [18, 26, 0.5736334639081646], [19, 20, 0.9117948382968324], [19, 27, 0.9105360474437093], [21, 22, 0.5340984781192023], [22, 23, 0.7241496200869733], [22, 30, 0.8110203173086238], [24, 25, 0.24323071360752535], [24, 32, 0.7380801161947822], [25, 33, 0.10551175733930829], [26, 34, 0.4990918541698204], [27, 28, 0.7945292901594343], [28, 36, 0.8710870633671383], [29, 30, 0.25177503982845006], [30, 31, 0.8666461212295015], [30, 38, 0.43841045920260757], [32, 40, 0.5699194131062012], [33, 34, 0.6671323434404014], [33, 41, 0.8132737473330038], [34, 35, 0.6099303792626586], [34, 42, 0.9291558990044115], [35, 43, 0.005440216217174054], [36, 37, 0.6789272758538806], [37, 38, 0.7572627044082891], [38, 39, 0.14147155037185566], [38, 46, 0.2756098994624857], [40, 41, 0.446776203741972], [40, 48, 0.9286353101310982], [41, 42, 0.10221914745767802], [41, 49, 0.9876884645670024], [42, 43, 0.7469936583477306], [42, 50, 0.9113268452724409], [43, 44, 0.39454056578799557], [44, 45, 0.4628057830053589], [44, 52, 0.38941278484143727], [45, 46, 0.1992886173701528], [46, 47, 0.9883885853890364], [46, 54, 0.49059235979915317], [48, 49, 0.5827544905696299], [48, 56, 0.1855224513390692], [49, 57, 0.8010449058539677], [50, 51, 0.9188541001416307], [50, 58, 0.9623713331315757], [52, 53, 0.8130241154931057], [52, 60, 0.9982577510947663], [53, 54, 0.43470722536069906], [54, 55, 0.5173414833962473], [54, 62, 0.8358424578057791], [23, 31, 0.4784865772736596], [31, 39, 0.06424998939598803], [39, 47, 0.7286133528967943], [55, 63, 0.5468205208024471], [57, 58, 0.7566144400116865], [58, 59, 0.9893496980484636], [59, 60, 0.33323213076119595], [60, 61, 0.6706106643120101], [61, 62, 0.594988627924783], [62, 63, 0.8077578760502306]], "oriented": false, "discover": false, "dist": true, "mode": "map"}