{"pos": [[0, 0], [0, 1], [0, 2], [0, 3], [0, 4], [0, 5], [0, 6], [0, 7], [1, 0], [1, 1], [1, 2], [1, 3], [1, 4], [1, 5], [1, 6], [1, 7], [2, 0], [2, 1], [2, 2], [2, 3], [2, 4], [2, 5], [2, 6], [2, 7], [3, 0], [3, 1], [3, 2], [3, 3], [3, 4], [3, 5], [3, 6], [3, 7], [4, 0], [4, 1], [4, 2], [4, 3], [4, 4], [4, 5], [4, 6], [4, 7], [5, 0], [5, 1], [5, 2], [5, 3], [5, 4], [5, 5], [5, 6], [5, 7], [6, 0], [6, 1], [6, 2], [6, 3], [6, 4], [6, 5], [6, 6], [6, 7], [7, 0], [7, 1], [7, 2], [7, 3], [7, 4], [7, 5], [7, 6], [7, 7]], "edges": [[0, 1, 0.9964367419136265], [0, 8, 0.28507284762588425], [1, 2, 0.7787116743608333], [2, 3, 0.34976807782129493], [2, 10, 0.33575836845838747], [3, 4, 0.6184941815115801], [3, 11, 0.5331228239318605], [4, 5, 0.2564179110165865], [4, 12, 0.23467841046935256], [5, 6, 0.12058129871007661], [5, 13, 0.7922065964938951], [6, 7, 0.5143726840811055], [6, 14, 0.6087273150753902], [8, 16, 0.9718826530211067], [9, 10, 0.06900787651723173], [10, 11, 0.8547551489767188], [10, 18, 0.9143208366082307], [11, 19, 0.17932094016217603], [12, 13, 0.327651700078624], [14, 15, 0.11459600131790548], [14, 22, 0.7186958348817736], [16, 17, 0.984325045828573], [17, 18, 0.5240848965703777], [18, 26, 0.0043307026440293495], [19, 20, 0.8718291040308044], [20, 21, 0.817951537623554], [21, 29, 0.8583116760508062], [22, 23, 0.5663976080553681], [22, 30, 0.7709954494754451], [24, 25, 0.5569693078632263], [25, 26, 0.309384999396491], [25, 33, 0.20717379937335167], [26, 27, 0.10038663751945343], [26, 34, 0.7860769804852784], [27, 28, 0.37164962321570205], [27, 35, 0.8375435485007602], [28, 29, 0.978524465928316], [28, 36, 0.31014947881585164], [29, 30, 0.4600086534528003], [29, 37, 0.444013786899218], [30, 31, 0.2906627934811449], [32, 33, 0.5967526840800474], [33, 34, 0.9485968163853892], [34, 35, 0.3604620436866153], [34, 42, 0.32124773627984826], [35, 36, 0.10034427850007266], [36, 37, 0.4634342741843759], [36, 44, 0.11641779845528044], [37, 38, 0.94118513150245], [37, 45, 0.01302742810781965], [38, 39, 0.5744288005407937], [38, 46, 0.7169297933611833], [40, 41, 0.10717859471005287], [40, 48, 0.7230926434785953], [41, 42, 0.697087784858438], [41, 49, 0.7009445258078575], [42, 43, 0.6348782006424093], [42, 50, 0.2683521199209604], [43, 51, 0.5619477430052627], [44, 52, 0.8041771809822231], [45, 53, 0.024955629279313718], [46, 54, 0.3134237831683738], [48, 56, 0.8760031587871081], [49, 50, 0.9907126177804245], [49, 57, 0.10369147654374555], [50, 58, 0.8521528600265558], [51, 52, 0.42699406174151966], [52, 60, 0.29621234065956925], [53, 54, 0.49107680003045984], [53, 61, 0.6126172625566214], [54, 55, 0.6632475214444423], [54, 62, 0.6037647005273405], [7, 15, 0.4744134518004972], [23, 31, 0.15252589358987267], [31, 39, 0.08520204515019958], [39, 47, 0.47669974460502784], [57, 58, 0.18820986924826266], [58, 59, 0.5852621107301708], [59, 60, 0.6200719718195582], [60, 61, 0.9238163192485093], [62, 63, 0.3273946343251677]], "oriented": false, "discover": false, "dist": true, "mode": "map"}