{"pos": [[0, 0], [0, 1], [0, 2], [0, 3], [0, 4], [0, 5], [0, 6], [0, 7], [1, 0], [1, 1], [1, 2], [1, 3], [1, 4], [1, 5], [1, 6], [1, 7], [2, 0], [2, 1], [2, 2], [2, 3], [2, 4], [2, 5], [2, 6], [2, 7], [3, 0], [3, 1], [3, 2], [3, 3], [3, 4], [3, 5], [3, 6], [3, 7], [4, 0], [4, 1], [4, 2], [4, 3], [4, 4], [4, 5], [4, 6], [4, 7], [5, 0], [5, 1], [5, 2], [5, 3], [5, 4], [5, 5], [5, 6], [5, 7], [6, 0], [6, 1], [6, 2], [6, 3], [6, 4], [6, 5], [6, 6], [6, 7], [7, 0], [7, 1], [7, 2], [7, 3], [7, 4], [7, 5], [7, 6], [7, 7]], "edges": [[0, 1, 0.192076318672608], [0, 8, 0.30781219586269293], [1, 2, 0.41651902276647035], [1, 9, 0.48904048216762774], [2, 3, 0.36376502610174577], [2, 10, 0.18860558270136019], [3, 4, 0.46865200609290847], [4, 5, 0.7611255014583997], [4, 12, 0.1425262595815724], [5, 6, 0.6624117265008511], [5, 13, 0.3496765960688851], [6, 7, 0.9890413575652018], [6, 14, 0.15347702726490442], [8, 9, 0.8385177397483358], [8, 16, 0.6518095752382113], [9, 10, 0.1684922890991749], [9, 17, 0.1821581337704522], [10, 11, 0.5920621375691264], [10, 18, 0.12319604434713816], [11, 19, 0.05356350228118112], [12, 20, 0.7938222571242041], [13, 21, 0.09834273806846916], [14, 15, 0.518630529909339], [14, 22, 0.5470863672963122], [16, 17, 0.5756166056833834], [16, 24, 0.9694552184565912], [17, 25, 0.19454278605808362], [18, 26, 0.26344478544486594], [19, 20, 0.4628972507786062], [19, 27, 0.28857906385539034], [20, 21, 0.4583288804657806], [20, 28, 0.7810480575507149], [21, 22, 0.3129573871091704], [22, 30, 0.747978364936108], [24, 25, 0.034259994466767196], [24, 32, 0.7093082400600254], [26, 27, 0.07580916058330367], [26, 34, 0.7888827195464807], [28, 29, 0.022187744505870133], [28, 36, 0.32784022654635325], [29, 37, 0.9274278303470348], [30, 31, 0.8610132569179505], [30, 38, 0.8272334135894], [32, 33, 0.38435254560648435], [32, 40, 0.9862702697520916], [33, 34, 0.42496353169132706], [33, 41, 0.23974854410333146], [34, 35, 0.528949302130778], [34, 42, 0.9781827636632289], [36, 37, 0.9239760594364279], [36, 44, 0.10269577927302853], [37, 38, 0.17078764445601624], [38, 39, 0.2646324667822205], [38, 46, 0.9414301786550504], [40, 48, 0.9850889007715072], [42, 43, 0.06514116036703044], [42, 50, 0.7511598242371559], [43, 44, 0.8321743547872981], [44, 45, 0.0474639629779795], [44, 52, 0.0035136506491124653], [45, 53, 0.45516384519817865], [46, 47, 0.49788787580404914], [48, 49, 0.07379143082366002], [48, 56, 0.3673885630583158], [50, 51, 0.8570133001997986], [50, 58, 0.5594386493395769], [51, 52, 0.9702549922130131], [51, 59, 0.5724042821360363], [52, 53, 0.4874988362763729], [52, 60, 0.19365116878795996], [53, 54, 0.3075940817522983], [53, 61, 0.21503166081038538], [54, 55, 0.4994315541398908], [7, 15, 0.07930317242714202], [15, 23, 0.8455844759043827], [47, 55, 0.8510130375125522], [55, 63, 0.09298179794772155], [57, 58, 0.9922609194200595], [60, 61, 0.07060726421049524], [61, 62, 0.6731828528190636], [62, 63, 0.69712668247592]], "oriented": false, "discover": false, "dist": true, "mode": "map"}