{"pos": [[0, 0], [0, 1], [0, 2], [0, 3], [0, 4], [0, 5], [0, 6], [0, 7], [1, 0], [1, 1], [1, 2], [1, 3], [1, 4], [1, 5], [1, 6], [1, 7], [2, 0], [2, 1], [2, 2], [2, 3], [2, 4], [2, 5], [2, 6], [2, 7], [3, 0], [3, 1], [3, 2], [3, 3], [3, 4], [3, 5], [3, 6], [3, 7], [4, 0], [4, 1], [4, 2], [4, 3], [4, 4], [4, 5], [4, 6], [4, 7], [5, 0], [5, 1], [5, 2], [5, 3], [5, 4], [5, 5], [5, 6], [5, 7], [6, 0], [6, 1], [6, 2], [6, 3], [6, 4], [6, 5], [6, 6], [6, 7], [7, 0], [7, 1], [7, 2], [7, 3], [7, 4], [7, 5], [7, 6], [7, 7]], "edges": [[0, 1, 0.703417393155189], [0, 8, 0.6899691795642227], [1, 2, 0.15184868508861482], [2, 3, 0.26720360847258495], [2, 10, 0.5656892107556026], [3, 4, 0.9848650236544579], [3, 11, 0.5741347693173761], [4, 5, 0.9985269035228044], [4, 12, 0.6367994892534621], [5, 6, 0.43931073796035447], [6, 7, 0.020829544490736596], [8, 9, 0.6205342379987174], [8, 16, 0.423691088425153], [9, 17, 0.08940449997928523], [10, 18, 0.6441540006568393], [11, 19, 0.12795889174463004], [12, 13, 0.12253785336387901], [12, 20, 0.2351612760786591], [13, 14, 0.8954197842031874], [13, 21, 0.6739433390106634], [14, 22, 0.008408124627832914], [16, 17, 0.5172199839947825], [16, 24, 0.16782901256817673], [17, 18, 0.2691370859147326], [17, 25, 0.4986931969927343], [18, 19, 0.21308837046826934], [19, 20, 0.21496949077082383], [20, 21, 0.6167494217968139], [20, 28, 0.7956274635301002], [21, 22, 0.08208098823666732], [22, 23, 0.45465933088711874], [22, 30, 0.13538723382486018], [24, 32, 0.4986078246012222], [25, 26, 0.6724066997956878], [25, 33, 0.6186185461681042], [26, 27, 0.09513416787431161], [28, 29, 0.37531466065027097], [29, 37, 0.6055421342962186], [30, 31, 0.8440362378302432], [32, 40, 0.9430513315378618], [33, 34, 0.06661459483878984], [34, 35, 0.6039459704356478], [34, 42, 0.25308415433999887], [35, 36, 0.8906947469625837], [35, 43, 0.7455029345953115], [37, 38, 0.9230861662878221], [37, 45, 0.9672589123064272], [40, 41, 0.4804993299906348], [40, 48, 0.6476522406594823], [41, 42, 0.5809069015622149], [41, 49, 0.5200277195797242], [42, 43, 0.2548792073256455], [42, 50, 0.13142718790461927], [43, 44, 0.7779794801028185], [43, 51, 0.6326718918454848], [44, 45, 0.962206824388984], [45, 46, 0.6270204914240036], [45, 53, 0.7977994651583044], [46, 47, 0.9905349327613194], [48, 56, 0.8584554473959973], [49, 50, 0.21653794811315075], [49, 57, 0.3164966904700791], [50, 58, 0.47659399906612054], [51, 52, 0.7462096532327723], [51, 59, 0.7138926852861458], [52, 53, 0.09235880523217221], [53, 54, 0.5390406780760599], [53, 61, 0.08427062744965119], [54, 55, 0.3461395511072811], [54, 62, 0.23885456275204586], [7, 15, 0.9565740564591998], [15, 23, 0.14457000198179604], [23, 31, 0.2942018179108281], [31, 39, 0.5249008440014135], [39, 47, 0.9348698342253862], [47, 55, 0.5734577570947346], [56, 57, 0.24972493535006812], [58, 59, 0.08212079711913745], [60, 61, 0.956327581342602], [61, 62, 0.493352590111963], [62, 63, 0.18636054451216255]], "oriented": false, "discover": false, "dist": true, "mode": "map"}