{"pos": [[0, 0], [0, 1], [0, 2], [0, 3], [0, 4], [0, 5], [0, 6], [0, 7], [1, 0], [1, 1], [1, 2], [1, 3], [1, 4], [1, 5], [1, 6], [1, 7], [2, 0], [2, 1], [2, 2], [2, 3], [2, 4], [2, 5], [2, 6], [2, 7], [3, 0], [3, 1], [3, 2], [3, 3], [3, 4], [3, 5], [3, 6], [3, 7], [4, 0], [4, 1], [4, 2], [4, 3], [4, 4], [4, 5], [4, 6], [4, 7], [5, 0], [5, 1], [5, 2], [5, 3], [5, 4], [5, 5], [5, 6], [5, 7], [6, 0], [6, 1], [6, 2], [6, 3], [6, 4], [6, 5], [6, 6], [6, 7], [7, 0], [7, 1], [7, 2], [7, 3], [7, 4], [7, 5], [7, 6], [7, 7]], "edges": [[0, 1, 0.5188807125927687], [0, 8, 0.2980313866608567], [1, 2, 0.29388232047437846], [1, 9, 0.6353535332792362], [2, 3, 0.7448608781594148], [3, 4, 0.787600495075298], [4, 5, 0.24686580873942043], [4, 12, 0.7287287430856096], [5, 6, 0.28594791618506854], [5, 13, 0.5427641476507853], [6, 7, 0.036800139676098964], [6, 14, 0.05342622779471862], [8, 16, 0.18517749735847777], [9, 10, 0.8945224185962461], [9, 17, 0.9994951742490954], [10, 18, 0.4613415725015926], [11, 12, 0.7550890565696469], [12, 20, 0.7587074912963127], [13, 14, 0.9077660274043277], [13, 21, 0.8973950314624051], [14, 15, 0.6257442170708144], [16, 24, 0.1356490878507267], [17, 25, 0.4712001174061844], [18, 19, 0.9252176608424894], [18, 26, 0.22825953880715621], [19, 20, 0.8653231514542783], [19, 27, 0.9957924989413628], [20, 28, 0.05701024691998491], [21, 22, 0.6132228594515876], [21, 29, 0.3808333635461544], [24, 25, 0.7636864939539267], [24, 32, 0.7297165621455838], [27, 28, 0.13060087009844001], [27, 35, 0.022765799510187312], [28, 36, 0.9256180523241375], [29, 30, 0.7993541001287986], [29, 37, 0.45616630526045465], [30, 31, 0.02786838657355928], [32, 33, 0.8911007664274159], [32, 40, 0.7883138652637109], [33, 34, 0.9143526509429083], [33, 41, 0.023672018418896656], [34, 35, 0.802062340767353], [35, 43, 0.17427517829359174], [36, 44, 0.4363834177195556], [37, 38, 0.002012652215630517], [38, 39, 0.10339887770508471], [38, 46, 0.8225525930350962], [40, 41, 0.11698892104991476], [40, 48, 0.1584142989474847], [41, 42, 0.853749367362251], [42, 43, 0.6846224505497203], [43, 51, 0.1474681568903331], [44, 45, 0.6135747046240045], [44, 52, 0.2777313202990772], [45, 53, 0.7353185598171109], [46, 54, 0.16428258386112415], [48, 49, 0.25389277645943065], [48, 56, 0.3729388400460466], [49, 50, 0.5432917443768485], [49, 57, 0.6470547853494567], [50, 51, 0.09833821234544782], [50, 58, 0.22380882254248102], [51, 52, 0.23023360492900868], [51, 59, 0.6433736783286872], [52, 53, 0.6107007954252582], [53, 54, 0.6858045615208189], [53, 61, 0.055877906232963515], [54, 62, 0.6217082007219451], [7, 15, 0.67391042773912], [15, 23, 0.3639826799200562], [23, 31, 0.7813869848751228], [31, 39, 0.48858234552456925], [39, 47, 0.6087676603336815], [47, 55, 0.3103875994542208], [55, 63, 0.6864430199598197], [56, 57, 0.8734838934290118], [58, 59, 0.766542561980168], [59, 60, 0.4446089319337927], [60, 61, 0.7977985032969444], [62, 63, 0.8150055382232868]], "oriented": false, "discover": false, "dist": true, "mode": "map"}