{"pos": [[0, 0], [0, 1], [0, 2], [0, 3], [0, 4], [0, 5], [0, 6], [0, 7], [1, 0], [1, 1], [1, 2], [1, 3], [1, 4], [1, 5], [1, 6], [1, 7], [2, 0], [2, 1], [2, 2], [2, 3], [2, 4], [2, 5], [2, 6], [2, 7], [3, 0], [3, 1], [3, 2], [3, 3], [3, 4], [3, 5], [3, 6], [3, 7], [4, 0], [4, 1], [4, 2], [4, 3], [4, 4], [4, 5], [4, 6], [4, 7], [5, 0], [5, 1], [5, 2], [5, 3], [5, 4], [5, 5], [5, 6], [5, 7], [6, 0], [6, 1], [6, 2], [6, 3], [6, 4], [6, 5], [6, 6], [6, 7], [7, 0], [7, 1], [7, 2], [7, 3], [7, 4], [7, 5], [7, 6], [7, 7]], "edges": [[0, 1, 0.47834561961959887], [0, 8, 0.4905320214141349], [1, 2, 0.41820818359209866], [1, 9, 0.43767397724037493], [2, 3, 0.03807292448383137], [3, 4, 0.7810968322600912], [3, 11, 0.2540771830912666], [4, 5, 0.057849186181303636], [4, 12, 0.006155940335501597], [5, 6, 0.2927392950153953], [6, 7, 0.5691046629598998], [6, 14, 0.06233082315944538], [9, 10, 0.8554726462534995], [9, 17, 0.5863484251544889], [10, 11, 0.671907849683773], [10, 18, 0.821163643544434], [11, 12, 0.28910154327532467], [12, 13, 0.18534050759002396], [12, 20, 0.0550390276031697], [13, 21, 0.956410526051082], [14, 15, 0.35135979365132997], [16, 17, 0.5977773821456143], [16, 24, 0.37150906091526525], [17, 25, 0.43128657554176664], [18, 19, 0.007286765887884905], [18, 26, 0.7333933817762355], [19, 27, 0.28093047339388], [20, 28, 0.2695282642411744], [21, 22, 0.6714826652188007], [21, 29, 0.8863193122877284], [22, 23, 0.622730604697822], [22, 30, 0.07966206723129132], [24, 25, 0.5339617758274027], [24, 32, 0.5962652785123443], [25, 33, 0.48345587225016273], [26, 34, 0.9264022381511563], [27, 28, 0.4503476570105307], [27, 35, 0.6586474712033145], [28, 29, 0.8883765456447346], [28, 36, 0.24025016438732727], [29, 30, 0.42930117839992876], [29, 37, 0.9882648187088805], [30, 38, 0.1793511451050711], [32, 40, 0.8802762118260615], [33, 34, 0.86867819053249], [33, 41, 0.4956268901513676], [34, 35, 0.3236755565551709], [34, 42, 0.12833232427325814], [35, 36, 0.6922509080035034], [35, 43, 0.13813066148573971], [37, 45, 0.3692453612878852], [38, 39, 0.803726028297378], [40, 41, 0.1800057532880427], [40, 48, 0.4392099962040731], [41, 49, 0.7463429101864659], [42, 50, 0.7173831095680598], [43, 44, 0.8394903665891511], [43, 51, 0.4917420620923657], [44, 52, 0.551783451872066], [45, 53, 0.942709149769442], [46, 47, 0.9635046069533012], [46, 54, 0.9252889878485363], [48, 56, 0.6442921714053106], [49, 50, 0.26633581078350177], [49, 57, 0.9273693955761132], [50, 58, 0.02967590389508501], [52, 53, 0.6351422634673606], [53, 54, 0.4533305520119063], [53, 61, 0.8041406369405089], [7, 15, 0.5868181780061007], [15, 23, 0.45804832563730025], [23, 31, 0.32879784887871955], [31, 39, 0.595091186816291], [39, 47, 0.3729126777402163], [47, 55, 0.024637623943934095], [55, 63, 0.9883584632359553], [57, 58, 0.04565354472790317], [58, 59, 0.452089206699941], [59, 60, 0.24258900924381976], [61, 62, 0.15602036059288638], [62, 63, 0.9774672948529342]], "oriented": false, "discover": false, "dist": true, "mode": "map"}