{"pos": [[0, 0], [0, 1], [0, 2], [0, 3], [0, 4], [0, 5], [0, 6], [0, 7], [1, 0], [1, 1], [1, 2], [1, 3], [1, 4], [1, 5], [1, 6], [1, 7], [2, 0], [2, 1], [2, 2], [2, 3], [2, 4], [2, 5], [2, 6], [2, 7], [3, 0], [3, 1], [3, 2], [3, 3], [3, 4], [3, 5], [3, 6], [3, 7], [4, 0], [4, 1], [4, 2], [4, 3], [4, 4], [4, 5], [4, 6], [4, 7], [5, 0], [5, 1], [5, 2], [5, 3], [5, 4], [5, 5], [5, 6], [5, 7], [6, 0], [6, 1], [6, 2], [6, 3], [6, 4], [6, 5], [6, 6], [6, 7], [7, 0], [7, 1], [7, 2], [7, 3], [7, 4], [7, 5], [7, 6], [7, 7]], "edges": [[0, 1, 0.7171712133509308], [0, 8, 0.8826846256144395], [1, 2, 0.9986398127156383], [1, 9, 0.14793369111788268], [2, 3, 0.4419844484892953], [2, 10, 0.9593888654886771], [3, 4, 0.09644220572382778], [3, 11, 0.0013781374470471786], [4, 12, 0.10336880870064136], [5, 6, 0.1080946909812297], [5, 13, 0.6641476877816653], [6, 7, 0.9385463252287812], [6, 14, 0.6020548625880646], [8, 9, 0.031758158196223185], [8, 16, 0.4957810871903432], [9, 10, 0.3427801740090777], [9, 17, 0.8630746884032001], [10, 18, 0.03522529616512793], [11, 12, 0.3515744853155309], [11, 19, 0.5122216958868121], [12, 13, 0.00022784199991210397], [12, 20, 0.7554780937057434], [13, 21, 0.778797300206098], [14, 15, 0.8078451071990544], [16, 24, 0.7193955445141273], [18, 19, 0.3575436241854101], [18, 26, 0.002418413490081095], [21, 22, 0.42595041754178875], [21, 29, 0.1409330271521544], [22, 23, 0.9357744877820946], [24, 32, 0.5318278520390524], [25, 26, 0.26239818687426386], [25, 33, 0.187267267421365], [26, 27, 0.32277946315733175], [26, 34, 0.48633957697175145], [27, 28, 0.23190849423086402], [27, 35, 0.9752150985066256], [28, 36, 0.35442347242407246], [29, 30, 0.6827724791441768], [29, 37, 0.8606124558934327], [30, 31, 0.31941984144023283], [30, 38, 0.22129546929663324], [32, 33, 0.9092731175758355], [32, 40, 0.9518991811619348], [33, 41, 0.14927044688386137], [34, 42, 0.21715099388995573], [35, 43, 0.06816091450735784], [36, 37, 0.7031068935599177], [36, 44, 0.2793503538204608], [37, 45, 0.23022993698900562], [38, 39, 0.92635683193663], [38, 46, 0.06663743678086154], [40, 41, 0.2632681151397934], [40, 48, 0.6780554619997284], [41, 42, 0.41581212952141755], [42, 43, 0.000916349464547106], [42, 50, 0.2597084346444386], [44, 52, 0.8941545129361387], [45, 46, 0.8388269512201838], [45, 53, 0.07925127690517453], [46, 47, 0.7076559488570611], [46, 54, 0.7485797220808178], [48, 56, 0.07102760577153877], [49, 50, 0.5794843625665637], [50, 51, 0.5142368919215717], [50, 58, 0.41313546776131127], [51, 52, 0.6131811141071907], [52, 53, 0.785702858935199], [54, 55, 0.04718015014013033], [54, 62, 0.02546676783789037], [7, 15, 0.5748769454966972], [15, 23, 0.21660648474615707], [23, 31, 0.7220569119103019], [39, 47, 0.9353671809382736], [55, 63, 0.3878005667640252], [57, 58, 0.004416041375866153], [58, 59, 0.1599551893994332], [59, 60, 0.7522094452613364], [60, 61, 0.3445453029776111], [61, 62, 0.8638076588592088], [62, 63, 0.015786022221128126]], "oriented": false, "discover": false, "dist": true, "mode": "map"}