{"pos": [[0, 0], [0, 1], [0, 2], [0, 3], [0, 4], [0, 5], [0, 6], [0, 7], [0, 8], [1, 0], [1, 1], [1, 2], [1, 3], [1, 4], [1, 5], [1, 6], [1, 7], [1, 8], [2, 0], [2, 1], [2, 2], [2, 3], [2, 4], [2, 5], [2, 6], [2, 7], [2, 8], [3, 0], [3, 1], [3, 2], [3, 3], [3, 4], [3, 5], [3, 6], [3, 7], [3, 8], [4, 0], [4, 1], [4, 2], [4, 3], [4, 4], [4, 5], [4, 6], [4, 7], [4, 8], [5, 0], [5, 1], [5, 2], [5, 3], [5, 4], [5, 5], [5, 6], [5, 7], [5, 8], [6, 0], [6, 1], [6, 2], [6, 3], [6, 4], [6, 5], [6, 6], [6, 7], [6, 8], [7, 0], [7, 1], [7, 2], [7, 3], [7, 4], [7, 5], [7, 6], [7, 7], [7, 8], [8, 0], [8, 1], [8, 2], [8, 3], [8, 4], [8, 5], [8, 6], [8, 7], [8, 8]], "edges": [[0, 1, 0.8973001547616896], [0, 9, 0.38576934498844195], [1, 2, 0.022638517112533285], [2, 3, 0.33246411507485707], [2, 11, 0.7249951511219487], [3, 4, 0.2225329779515749], [3, 12, 0.11091491012726062], [4, 5, 0.8801500437437239], [4, 13, 0.32632106431975794], [5, 6, 0.4462401031873686], [5, 14, 0.3509742722546818], [6, 7, 0.5965046923677347], [6, 15, 0.9781267423888215], [7, 8, 0.5786164072274548], [7, 16, 0.9353142062467887], [9, 18, 0.7129516132760833], [10, 11, 0.8917134287568643], [10, 19, 0.7013698338975114], [11, 12, 0.7496718144031925], [11, 20, 0.006482041359325175], [13, 14, 0.8902094688273448], [13, 22, 0.6105832777926045], [14, 23, 0.4091490624924419], [15, 24, 0.10280498084471656], [16, 17, 0.6627035374928357], [16, 25, 0.5254917602483118], [18, 19, 0.4238265557402804], [18, 27, 0.6916773190304262], [19, 20, 0.2597664367087813], [20, 21, 0.0747912224340419], [20, 29, 0.863883823461557], [21, 22, 0.9853027008661873], [21, 30, 0.7604364124798154], [22, 31, 0.17743249893892954], [24, 25, 0.8360972979321953], [24, 33, 0.18643455230704586], [27, 28, 0.2977103417355843], [27, 36, 0.7003430558567588], [28, 37, 0.902721841152328], [29, 38, 0.542178666101961], [31, 40, 0.2572384330253856], [32, 33, 0.31522506601549916], [33, 34, 0.5376312406657668], [33, 42, 0.19117323012444998], [34, 35, 0.6340239037093581], [34, 43, 0.28067767452806136], [36, 37, 0.15220039614355008], [36, 45, 0.7456106784630852], [37, 46, 0.7072744287773474], [39, 40, 0.5548143366647684], [39, 48, 0.5982298243876494], [40, 49, 0.5249614507457993], [41, 42, 0.15630153582401007], [41, 50, 0.8280717154710299], [42, 43, 0.5647653128615026], [42, 51, 0.4747469968934084], [45, 46, 0.580174518967025], [45, 54, 0.09566098219857277], [46, 47, 0.9472548753328016], [47, 48, 0.621011584181183], [47, 56, 0.8961518903828856], [48, 49, 0.29503541918330045], [48, 57, 0.8474908387677418], [49, 58, 0.6198710369998816], [51, 52, 0.5508712215876699], [51, 60, 0.5839290879682701], [52, 53, 0.00436727282476701], [52, 61, 0.07737801711927883], [54, 55, 0.9644887052643174], [54, 63, 0.5875537769006877], [56, 57, 0.08745863927373432], [56, 65, 0.6337608277229584], [57, 58, 0.3496055626672139], [57, 66, 0.27917112422172363], [58, 67, 0.9235067882925294], [59, 60, 0.19796508456900197], [60, 69, 0.1997444982361185], [61, 62, 0.9241363145090424], [63, 64, 0.4915323536146996], [63, 72, 0.8908286372393981], [65, 66, 0.22514897303729087], [65, 74, 0.37894937633673775], [66, 67, 0.6155509606409474], [66, 75, 0.3228841945725236], [67, 68, 0.9000069170406794], [67, 76, 0.9983160586791608], [69, 70, 0.7981475166160742], [69, 78, 0.6085970980217507], [70, 71, 0.5292722245943272], [8, 17, 0.45683001259803113], [17, 26, 0.5978230152310855], [26, 35, 0.5117034959557076], [35, 44, 0.06158632277870302], [44, 53, 0.47140223232987977], [53, 62, 0.3075188153013737], [62, 71, 0.9294737314728714], [71, 80, 0.5965175110014855], [72, 73, 0.774563895454619], [73, 74, 0.2237228955865208], [74, 75, 0.34143947311299694], [76, 77, 0.8422845612635717], [77, 78, 0.25268765870414434], [78, 79, 0.12636888132630175], [79, 80, 0.34038746070741166]], "oriented": false, "discover": false, "dist": true, "mode": "map"}