{"pos": [[0, 0], [0, 1], [0, 2], [0, 3], [0, 4], [0, 5], [0, 6], [0, 7], [1, 0], [1, 1], [1, 2], [1, 3], [1, 4], [1, 5], [1, 6], [1, 7], [2, 0], [2, 1], [2, 2], [2, 3], [2, 4], [2, 5], [2, 6], [2, 7], [3, 0], [3, 1], [3, 2], [3, 3], [3, 4], [3, 5], [3, 6], [3, 7], [4, 0], [4, 1], [4, 2], [4, 3], [4, 4], [4, 5], [4, 6], [4, 7], [5, 0], [5, 1], [5, 2], [5, 3], [5, 4], [5, 5], [5, 6], [5, 7], [6, 0], [6, 1], [6, 2], [6, 3], [6, 4], [6, 5], [6, 6], [6, 7], [7, 0], [7, 1], [7, 2], [7, 3], [7, 4], [7, 5], [7, 6], [7, 7]], "edges": [[0, 1, 0.06244591081860318], [0, 8, 0.14424999582690623], [1, 2, 0.9912932291756773], [1, 9, 0.27342433454567816], [2, 3, 0.3258756061716578], [2, 10, 0.23625913084332817], [3, 4, 0.09103350754772155], [4, 5, 0.0843024130865182], [4, 12, 0.9834775389019028], [5, 6, 0.5641097863514378], [5, 13, 0.4494435309355743], [6, 7, 0.5773427925861189], [6, 14, 0.6968271186416639], [8, 9, 0.9404542532507747], [9, 17, 0.20765188468596962], [10, 11, 0.4643660401741261], [10, 18, 0.748307212744506], [13, 14, 0.286890753841345], [13, 21, 0.5527459068174426], [14, 15, 0.09366046238348169], [14, 22, 0.31872719534367244], [16, 17, 0.8615992537900405], [16, 24, 0.4204986764535259], [17, 18, 0.3635701872485223], [18, 19, 0.46138965531788956], [18, 26, 0.5024989094412615], [19, 20, 0.13129965586691306], [20, 28, 0.7461143159938554], [21, 22, 0.024137062225187855], [21, 29, 0.7509268289235869], [22, 23, 0.05644764501692123], [22, 30, 0.9292036191191071], [24, 25, 0.36538048608255724], [25, 26, 0.8526289848878877], [26, 27, 0.7323766774320705], [26, 34, 0.9848286559123947], [27, 28, 0.7902091835289081], [27, 35, 0.19660794036197804], [29, 30, 0.058996718337073095], [29, 37, 0.5697102174083293], [30, 31, 0.2509462065359771], [30, 38, 0.4563991728362393], [32, 33, 0.8042953501015546], [32, 40, 0.9496071080277797], [33, 34, 0.3979474641807702], [34, 35, 0.06961513953009024], [34, 42, 0.6996956696098315], [35, 36, 0.32747959522201486], [35, 43, 0.8322243214146481], [36, 37, 0.3416144900622904], [36, 44, 0.3698596201212926], [37, 38, 0.2399453036109387], [38, 39, 0.15432347421133075], [38, 46, 0.35138659074355094], [40, 41, 0.1180088144679452], [40, 48, 0.2252738990013372], [41, 42, 0.9959370868474033], [41, 49, 0.27187537005607665], [42, 50, 0.3969445799145044], [43, 51, 0.5456397767721667], [44, 45, 0.7246009055526718], [45, 46, 0.2510083170324491], [45, 53, 0.511432504000576], [46, 54, 0.8420958882824844], [48, 56, 0.38525288121454937], [49, 50, 0.3051103401098173], [49, 57, 0.5661102791783499], [50, 58, 0.06559392071506576], [51, 52, 0.07962107529281892], [51, 59, 0.18397516968726524], [52, 53, 0.1221325553528011], [53, 54, 0.5862601630988363], [53, 61, 0.738856914139995], [54, 55, 0.879217639108921], [54, 62, 0.16183428317308213], [31, 39, 0.4345130435280743], [39, 47, 0.0883886680295124], [55, 63, 0.3959879226999442], [59, 60, 0.1601817836301782], [61, 62, 0.38883546195840524], [62, 63, 0.17170075805454477]], "oriented": false, "discover": false, "dist": true, "mode": "map"}