{"pos": [[0, 0], [0, 1], [0, 2], [0, 3], [0, 4], [0, 5], [0, 6], [0, 7], [0, 8], [1, 0], [1, 1], [1, 2], [1, 3], [1, 4], [1, 5], [1, 6], [1, 7], [1, 8], [2, 0], [2, 1], [2, 2], [2, 3], [2, 4], [2, 5], [2, 6], [2, 7], [2, 8], [3, 0], [3, 1], [3, 2], [3, 3], [3, 4], [3, 5], [3, 6], [3, 7], [3, 8], [4, 0], [4, 1], [4, 2], [4, 3], [4, 4], [4, 5], [4, 6], [4, 7], [4, 8], [5, 0], [5, 1], [5, 2], [5, 3], [5, 4], [5, 5], [5, 6], [5, 7], [5, 8], [6, 0], [6, 1], [6, 2], [6, 3], [6, 4], [6, 5], [6, 6], [6, 7], [6, 8], [7, 0], [7, 1], [7, 2], [7, 3], [7, 4], [7, 5], [7, 6], [7, 7], [7, 8], [8, 0], [8, 1], [8, 2], [8, 3], [8, 4], [8, 5], [8, 6], [8, 7], [8, 8]], "edges": [[0, 1, 0.41396654124400367], [0, 9, 0.3032814695230609], [1, 2, 0.8534664269056328], [2, 3, 0.9971756705587885], [2, 11, 0.8023847992432733], [3, 4, 0.9080713046981905], [4, 5, 0.1947657682791477], [5, 6, 0.149847212574166], [5, 14, 0.7821443074693936], [6, 7, 0.09947485214624696], [6, 15, 0.038452574489489244], [7, 8, 0.35215948491296933], [7, 16, 0.4332848865235994], [9, 10, 0.46499069440555807], [9, 18, 0.7585793323329383], [10, 11, 0.42483216715820526], [10, 19, 0.6271967996410611], [11, 12, 0.28351765424361564], [11, 20, 0.6253898012369187], [12, 13, 0.002846803576293855], [12, 21, 0.251557057738669], [13, 14, 0.5019095532578746], [14, 23, 0.08098957457451139], [15, 16, 0.8264838922088515], [15, 24, 0.18553774658402733], [16, 17, 0.3884362217065317], [16, 25, 0.726809319407522], [18, 27, 0.8361901232836779], [20, 21, 0.7020185181163704], [20, 29, 0.4405023593290631], [21, 22, 0.24014072758864058], [21, 30, 0.5986515706813152], [23, 24, 0.8188090784775031], [24, 33, 0.4499782357620111], [25, 34, 0.9368271722561653], [27, 28, 0.48543826732809614], [27, 36, 0.08154038081160786], [28, 37, 0.6276662607999207], [29, 30, 0.5135619344263671], [29, 38, 0.5496298387499171], [30, 31, 0.9536230825215375], [30, 39, 0.2682497986813698], [31, 32, 0.5546852030598838], [31, 40, 0.4202061076927591], [32, 33, 0.7602249400786742], [33, 34, 0.04733492696238151], [33, 42, 0.025795294891315268], [34, 35, 0.6083268865779137], [34, 43, 0.9593800972459249], [36, 37, 0.6263279388897267], [36, 45, 0.8174016349098309], [38, 39, 0.071753361376662], [38, 47, 0.04723762183253977], [39, 40, 0.42644953467900915], [40, 41, 0.6558027723242641], [40, 49, 0.20006075631460307], [41, 42, 0.9336415440331758], [42, 51, 0.013876963060122871], [43, 44, 0.5519620936677152], [43, 52, 0.35221770385604256], [45, 46, 0.35894270575030107], [45, 54, 0.6354492042253465], [46, 55, 0.5057812311218454], [47, 48, 0.842545380561057], [47, 56, 0.6074855619982292], [49, 58, 0.12916420965221298], [50, 51, 0.999197203397762], [51, 60, 0.2681871609578127], [52, 61, 0.9279676621758859], [54, 63, 0.1046119438920341], [55, 56, 0.3526033398098184], [55, 64, 0.20190468175333598], [56, 57, 0.8269504929358399], [56, 65, 0.008377011918836552], [57, 58, 0.6285263478376665], [58, 59, 0.5533580398865672], [58, 67, 0.25341714004480675], [59, 68, 0.9380696190178784], [60, 69, 0.5945020049249832], [61, 62, 0.8875685513320648], [61, 70, 0.3272393656986511], [63, 64, 0.864647454462675], [63, 72, 0.024472144252995376], [64, 65, 0.5454897058263749], [64, 73, 0.12432252331874316], [65, 66, 0.23469225470547217], [65, 74, 0.7970213012311523], [66, 67, 0.010188736760389339], [66, 75, 0.2618913369935124], [67, 68, 0.3215789198615582], [67, 76, 0.15209668579840308], [69, 70, 0.4644204492166317], [70, 71, 0.48974710539493727], [70, 79, 0.9149897304150693], [17, 26, 0.6587284714212257], [35, 44, 0.35556243197469906], [44, 53, 0.5231282109736093], [62, 71, 0.44688670190609336], [71, 80, 0.021532877900459213], [75, 76, 0.15971611660743745], [76, 77, 0.18642899326424778], [77, 78, 0.4656481124906092], [79, 80, 0.6956991355611318]], "oriented": false, "discover": false, "dist": true, "mode": "map"}