{"pos": [[0, 0], [0, 1], [0, 2], [0, 3], [0, 4], [0, 5], [0, 6], [0, 7], [0, 8], [1, 0], [1, 1], [1, 2], [1, 3], [1, 4], [1, 5], [1, 6], [1, 7], [1, 8], [2, 0], [2, 1], [2, 2], [2, 3], [2, 4], [2, 5], [2, 6], [2, 7], [2, 8], [3, 0], [3, 1], [3, 2], [3, 3], [3, 4], [3, 5], [3, 6], [3, 7], [3, 8], [4, 0], [4, 1], [4, 2], [4, 3], [4, 4], [4, 5], [4, 6], [4, 7], [4, 8], [5, 0], [5, 1], [5, 2], [5, 3], [5, 4], [5, 5], [5, 6], [5, 7], [5, 8], [6, 0], [6, 1], [6, 2], [6, 3], [6, 4], [6, 5], [6, 6], [6, 7], [6, 8], [7, 0], [7, 1], [7, 2], [7, 3], [7, 4], [7, 5], [7, 6], [7, 7], [7, 8], [8, 0], [8, 1], [8, 2], [8, 3], [8, 4], [8, 5], [8, 6], [8, 7], [8, 8]], "edges": [[0, 1, 0.8460995618417502], [0, 9, 0.37573510896985585], [1, 2, 0.09414474036000309], [1, 10, 0.5604512313099617], [2, 3, 0.24590867375468084], [3, 4, 0.5511950685185266], [3, 12, 0.2964685404492563], [4, 5, 0.06442400946060212], [4, 13, 0.6375930488596081], [5, 6, 0.02325103751460711], [5, 14, 0.7356619264875088], [6, 7, 0.8180361473354043], [6, 15, 0.5996746234818646], [7, 8, 0.6881573689586176], [7, 16, 0.13358524142329342], [9, 18, 0.3723441203700243], [10, 19, 0.16593361153062292], [11, 12, 0.6472197522331118], [11, 20, 0.348826892183945], [12, 13, 0.1217996308354442], [13, 14, 0.05243289651516503], [13, 22, 0.2502685550611644], [14, 15, 0.759310189416997], [15, 16, 0.9974523803617235], [15, 24, 0.35269383919016006], [16, 17, 0.9012077849215746], [16, 25, 0.3858582558717141], [18, 19, 0.6949109945542289], [18, 27, 0.5229199890214401], [19, 28, 0.8976242088552477], [20, 21, 0.624711721165432], [20, 29, 0.8542638780288444], [21, 22, 0.46794739187191126], [21, 30, 0.02608361634128853], [22, 23, 0.7306892142457443], [22, 31, 0.5495232339327517], [23, 24, 0.9536474015910248], [24, 25, 0.40048659616583615], [24, 33, 0.05592296655816553], [25, 26, 0.20488424870653132], [25, 34, 0.34436982942151917], [27, 28, 0.6727744471028263], [27, 36, 0.043447659079774326], [28, 29, 0.07011936445798772], [28, 37, 0.2614505063289577], [29, 30, 0.060891177074221314], [30, 31, 0.840152142432864], [30, 39, 0.4621668519385661], [31, 32, 0.32301924698870377], [32, 33, 0.4661993205601377], [34, 35, 0.07829747417057376], [34, 43, 0.7185393333765844], [36, 37, 0.2753105267643867], [36, 45, 0.8810566102629787], [37, 38, 0.7573336226999833], [37, 46, 0.39025564866836016], [38, 39, 0.8811536092644617], [39, 40, 0.8042834921328897], [40, 41, 0.7767839232624572], [40, 49, 0.4097045298945797], [41, 42, 0.7902451022603192], [42, 43, 0.8443653392697571], [43, 44, 0.702914657078916], [43, 52, 0.12113167734036323], [45, 46, 0.1157251561075544], [45, 54, 0.9767984172347433], [46, 47, 0.7657893051924116], [46, 55, 0.4759168436797986], [47, 56, 0.21405447741483596], [48, 49, 0.8729621855750832], [49, 50, 0.5524348331203011], [49, 58, 0.11074542479372196], [50, 51, 0.8438600244533158], [50, 59, 0.7501616503371347], [51, 60, 0.4351368100919629], [52, 53, 0.6386124621798289], [52, 61, 0.5699348147499292], [54, 63, 0.506163570442122], [55, 56, 0.6814023487464556], [55, 64, 0.7160676240428963], [56, 57, 0.03804013242018023], [56, 65, 0.7506177736856563], [58, 67, 0.21253906120116106], [60, 69, 0.39906905890117694], [61, 62, 0.9152923959127303], [61, 70, 0.7284889831824504], [64, 73, 0.2750268718429071], [65, 74, 0.47347575610813697], [66, 67, 0.821573790195513], [66, 75, 0.473743241503074], [67, 68, 0.8062690044609349], [67, 76, 0.47935578377451327], [68, 77, 0.8759763308406879], [69, 78, 0.12200837732582859], [70, 71, 0.2553743451476247], [70, 79, 0.29033243777384565], [17, 26, 0.3349308797755065], [44, 53, 0.3946914654157653], [72, 73, 0.8856611695915612], [73, 74, 0.34099908997177275], [75, 76, 0.6453597558743535], [76, 77, 0.16244168387775826], [77, 78, 0.5969141919888444], [79, 80, 0.7901489486211525]], "oriented": false, "discover": false, "dist": true, "mode": "map"}