{"pos": [[0, 0], [0, 1], [0, 2], [0, 3], [0, 4], [0, 5], [0, 6], [0, 7], [0, 8], [1, 0], [1, 1], [1, 2], [1, 3], [1, 4], [1, 5], [1, 6], [1, 7], [1, 8], [2, 0], [2, 1], [2, 2], [2, 3], [2, 4], [2, 5], [2, 6], [2, 7], [2, 8], [3, 0], [3, 1], [3, 2], [3, 3], [3, 4], [3, 5], [3, 6], [3, 7], [3, 8], [4, 0], [4, 1], [4, 2], [4, 3], [4, 4], [4, 5], [4, 6], [4, 7], [4, 8], [5, 0], [5, 1], [5, 2], [5, 3], [5, 4], [5, 5], [5, 6], [5, 7], [5, 8], [6, 0], [6, 1], [6, 2], [6, 3], [6, 4], [6, 5], [6, 6], [6, 7], [6, 8], [7, 0], [7, 1], [7, 2], [7, 3], [7, 4], [7, 5], [7, 6], [7, 7], [7, 8], [8, 0], [8, 1], [8, 2], [8, 3], [8, 4], [8, 5], [8, 6], [8, 7], [8, 8]], "edges": [[0, 1, 0.6275081590141506], [0, 9, 0.9755371603278423], [1, 2, 0.05362530495971951], [1, 10, 0.4145699564851201], [2, 3, 0.2839002403174581], [3, 4, 0.9720688894871766], [3, 12, 0.6334680972139488], [4, 5, 0.6975591351116235], [4, 13, 0.4080575367080441], [5, 6, 0.8158913120283428], [5, 14, 0.11187354176671849], [6, 7, 0.08376428960255367], [6, 15, 0.9852031025594278], [7, 8, 0.45005558432200443], [7, 16, 0.5224344891720526], [9, 10, 0.76384900158323], [10, 11, 0.2989041401907596], [10, 19, 0.17767241371662268], [11, 12, 0.6806464162383794], [12, 21, 0.4306985962577565], [13, 22, 0.7788014112779927], [14, 23, 0.3932198377873145], [16, 17, 0.6934187395577414], [18, 19, 0.033809549626391155], [18, 27, 0.2573206894828546], [19, 20, 0.9713260548043811], [19, 28, 0.7388355865272483], [20, 21, 0.18603456308013278], [20, 29, 0.9661044850397564], [21, 22, 0.7828084833927988], [21, 30, 0.17611285225042395], [22, 23, 0.019666226926066788], [23, 24, 0.09962020298632246], [23, 32, 0.2070474120380631], [24, 25, 0.955252325230545], [25, 26, 0.21432589188479412], [25, 34, 0.0013792020357531465], [27, 28, 0.3368784921978586], [27, 36, 0.19632164466902213], [28, 37, 0.7467293301472927], [29, 38, 0.8985324845831371], [30, 31, 0.6312480529118752], [31, 40, 0.5168936575212615], [32, 33, 0.08144892994589159], [33, 34, 0.8750112746642346], [33, 42, 0.7376896240132957], [34, 35, 0.253537288355396], [34, 43, 0.3424170531461559], [36, 37, 0.5854654262424155], [36, 45, 0.8058338045518083], [37, 38, 0.6077784002883991], [37, 46, 0.43644435520619285], [38, 39, 0.5993921356308574], [38, 47, 0.532909944705927], [39, 48, 0.1637478497914412], [40, 41, 0.4976803773952645], [40, 49, 0.9429269289937581], [41, 42, 0.16827697555711596], [41, 50, 0.18323376442839967], [42, 51, 0.26570761537928456], [45, 46, 0.1678883029990187], [45, 54, 0.9472250333183209], [46, 55, 0.11357993488243978], [47, 48, 0.12364746301444396], [47, 56, 0.6918542706667643], [49, 50, 0.29338180970051586], [49, 58, 0.05977210861455373], [51, 52, 0.823308899104296], [54, 63, 0.25841644067131186], [55, 64, 0.024650299217582772], [56, 57, 0.40030175458087036], [56, 65, 0.433458831166013], [57, 66, 0.4955245832450763], [58, 59, 0.10606819781250099], [58, 67, 0.947997972610939], [59, 60, 0.7980301673903994], [60, 61, 0.42637293024015843], [60, 69, 0.7784057886804767], [61, 62, 0.45819207550842933], [61, 70, 0.26775183727468765], [63, 64, 0.11226513202039423], [63, 72, 0.8041660050318743], [64, 65, 0.5230379356853101], [64, 73, 0.4055660176887257], [65, 74, 0.35396521687440186], [66, 67, 0.5375628015855767], [66, 75, 0.9275489202781676], [67, 68, 0.10098120682890155], [67, 76, 0.7297315667893831], [68, 69, 0.1811751985969683], [68, 77, 0.0855185086830833], [8, 17, 0.40095462837899687], [17, 26, 0.9580730256684096], [26, 35, 0.23171733481486556], [35, 44, 0.7798006824000118], [44, 53, 0.9517469091479446], [53, 62, 0.2550281640558564], [62, 71, 0.2640036842811344], [71, 80, 0.7989655410085742], [73, 74, 0.7440993065126181], [74, 75, 0.4950073744392055], [77, 78, 0.5926793593429672], [78, 79, 0.19491701950618856], [79, 80, 0.7136499418328018]], "oriented": false, "discover": false, "dist": true, "mode": "map"}