{"pos": [[0, 0], [0, 1], [0, 2], [0, 3], [0, 4], [0, 5], [0, 6], [0, 7], [1, 0], [1, 1], [1, 2], [1, 3], [1, 4], [1, 5], [1, 6], [1, 7], [2, 0], [2, 1], [2, 2], [2, 3], [2, 4], [2, 5], [2, 6], [2, 7], [3, 0], [3, 1], [3, 2], [3, 3], [3, 4], [3, 5], [3, 6], [3, 7], [4, 0], [4, 1], [4, 2], [4, 3], [4, 4], [4, 5], [4, 6], [4, 7], [5, 0], [5, 1], [5, 2], [5, 3], [5, 4], [5, 5], [5, 6], [5, 7], [6, 0], [6, 1], [6, 2], [6, 3], [6, 4], [6, 5], [6, 6], [6, 7], [7, 0], [7, 1], [7, 2], [7, 3], [7, 4], [7, 5], [7, 6], [7, 7]], "edges": [[0, 1, 0.47681173512891906], [0, 8, 0.8471258502243376], [1, 2, 0.18828289262960995], [2, 3, 0.3294754674074921], [2, 10, 0.1839166999013615], [3, 4, 0.04724734239807293], [3, 11, 0.5683104629015084], [4, 5, 0.8528577049086445], [5, 6, 0.2737855657945536], [5, 13, 0.4208678441088294], [6, 7, 0.7950950393236483], [8, 9, 0.7996981666021433], [8, 16, 0.4565520982783592], [9, 10, 0.8765990142325095], [10, 18, 0.4145767731304927], [11, 12, 0.34020240468394625], [11, 19, 0.5485266563014243], [12, 13, 0.991561579085911], [12, 20, 0.03779977588644756], [13, 14, 0.5503747584095807], [14, 22, 0.7561652673411814], [16, 17, 0.8786577701451307], [16, 24, 0.15986203728994797], [17, 18, 0.9017504177929058], [17, 25, 0.8780960820474453], [19, 20, 0.35272206982909593], [19, 27, 0.49688018600861783], [20, 21, 0.35608435914608816], [20, 28, 0.8048944852558599], [21, 22, 0.9054012223011668], [21, 29, 0.9615219520414473], [22, 30, 0.2059886645433553], [24, 25, 0.5132171801887593], [24, 32, 0.6895837517300549], [25, 26, 0.510046837555119], [25, 33, 0.31870634516647844], [26, 27, 0.40458579457002375], [26, 34, 0.27800632785457624], [27, 35, 0.5665552785284497], [28, 36, 0.3315480175846819], [30, 38, 0.39283736520619394], [32, 33, 0.6307088217750256], [33, 34, 0.6541916654784229], [33, 41, 0.453809080607111], [34, 42, 0.022606019595765692], [35, 36, 0.6810929900123], [35, 43, 0.1031780514340711], [36, 37, 0.977795072911539], [36, 44, 0.3735670365494872], [37, 45, 0.5074387642186177], [38, 46, 0.24864338892607052], [40, 41, 0.8408887667955656], [40, 48, 0.032131240406562456], [41, 49, 0.18364922942115058], [42, 43, 0.9190644347085628], [42, 50, 0.9417588711110553], [44, 45, 0.9721295523450869], [46, 47, 0.8690697041271405], [46, 54, 0.691002877307718], [49, 57, 0.8234505844624315], [50, 51, 0.3938535132138087], [50, 58, 0.05321694637209928], [51, 52, 0.43260504873198047], [51, 59, 0.758436597398618], [52, 53, 0.031318504848963036], [52, 60, 0.6515272918237082], [53, 54, 0.07126078670120051], [53, 61, 0.35033460022894536], [54, 62, 0.2943669956777034], [7, 15, 0.9821916428223164], [15, 23, 0.29266429754600853], [23, 31, 0.8210751298253988], [31, 39, 0.21478682737210486], [39, 47, 0.4820842197770776], [47, 55, 0.13609714068884116], [55, 63, 0.7660228043341671], [56, 57, 0.1715746376665993], [58, 59, 0.40957717044181885], [60, 61, 0.9519513878402797], [61, 62, 0.4368024228623739], [62, 63, 0.9182794621160519]], "oriented": false, "discover": false, "dist": true, "mode": "map"}