{"pos": [[0, 0], [0, 1], [0, 2], [0, 3], [0, 4], [0, 5], [0, 6], [0, 7], [1, 0], [1, 1], [1, 2], [1, 3], [1, 4], [1, 5], [1, 6], [1, 7], [2, 0], [2, 1], [2, 2], [2, 3], [2, 4], [2, 5], [2, 6], [2, 7], [3, 0], [3, 1], [3, 2], [3, 3], [3, 4], [3, 5], [3, 6], [3, 7], [4, 0], [4, 1], [4, 2], [4, 3], [4, 4], [4, 5], [4, 6], [4, 7], [5, 0], [5, 1], [5, 2], [5, 3], [5, 4], [5, 5], [5, 6], [5, 7], [6, 0], [6, 1], [6, 2], [6, 3], [6, 4], [6, 5], [6, 6], [6, 7], [7, 0], [7, 1], [7, 2], [7, 3], [7, 4], [7, 5], [7, 6], [7, 7]], "edges": [[0, 1, 0.46125908226920587], [0, 8, 0.47400198376529357], [1, 2, 0.08145264493458249], [1, 9, 0.4339395643492071], [2, 3, 0.8898736113502597], [3, 4, 0.5626466227588015], [3, 11, 0.3198242307953808], [4, 5, 0.5493545971792051], [5, 6, 0.37019724962854783], [6, 7, 0.49875426619951524], [6, 14, 0.9984875429570973], [9, 10, 0.6053183379515964], [9, 17, 0.1406378575110958], [10, 18, 0.07094813742103379], [11, 12, 0.925028482882767], [11, 19, 0.3978463722479789], [12, 13, 0.9296810126965485], [12, 20, 0.6933896114522209], [13, 14, 0.6868470657672612], [13, 21, 0.04464327555237779], [14, 15, 0.6301745412702114], [14, 22, 0.41312389352626033], [16, 17, 0.49418366951502], [17, 18, 0.5418352686387553], [17, 25, 0.9524805457414885], [18, 26, 0.8758334775008907], [19, 20, 0.859550916113989], [19, 27, 0.7801430239447557], [20, 28, 0.9830605478990694], [22, 23, 0.7757619167959943], [22, 30, 0.4895406201781357], [24, 25, 0.3182332475744144], [24, 32, 0.6163187472537508], [25, 33, 0.7445932344284828], [26, 27, 0.9272277724335484], [26, 34, 0.5460974157938477], [27, 28, 0.19689297797570715], [27, 35, 0.9887938491124106], [28, 29, 0.8295377174604118], [28, 36, 0.1382743291852746], [29, 30, 0.5330499224250465], [29, 37, 0.7923175069754075], [30, 31, 0.6053771749649703], [30, 38, 0.8152673699299575], [32, 33, 0.16928205091757575], [32, 40, 0.19888491189383273], [33, 41, 0.11274908905467851], [34, 42, 0.6508059275919662], [35, 36, 0.2914225846178029], [35, 43, 0.9361539271378947], [36, 37, 0.0198317223540726], [37, 38, 0.9969475191931222], [37, 45, 0.15356148957982707], [40, 41, 0.28020878589844633], [40, 48, 0.22481364166687412], [41, 49, 0.4485965808079907], [42, 50, 0.6465915641610341], [43, 44, 0.34720904430623845], [43, 51, 0.2525447893597419], [44, 45, 0.28470084119572325], [45, 53, 0.6169232314680345], [46, 47, 0.15735318698782574], [46, 54, 0.19409658352065695], [48, 49, 0.935979167614826], [48, 56, 0.7248722247060855], [49, 57, 0.770394327820848], [51, 52, 0.3750681349993412], [51, 59, 0.9425111235324689], [52, 60, 0.5432984806912474], [53, 54, 0.6888041845814503], [53, 61, 0.816204927183193], [7, 15, 0.4058712885617476], [15, 23, 0.598784967525683], [31, 39, 0.32923066114806276], [39, 47, 0.38246331842309444], [47, 55, 0.32016367850976934], [55, 63, 0.7652430167614436], [57, 58, 0.8122418772896715], [60, 61, 0.1851438494312475], [61, 62, 0.7787799648380749], [62, 63, 0.49964540276131786]], "oriented": false, "discover": false, "dist": true, "mode": "map"}