{"pos": [[0, 0], [0, 1], [0, 2], [0, 3], [0, 4], [0, 5], [0, 6], [0, 7], [1, 0], [1, 1], [1, 2], [1, 3], [1, 4], [1, 5], [1, 6], [1, 7], [2, 0], [2, 1], [2, 2], [2, 3], [2, 4], [2, 5], [2, 6], [2, 7], [3, 0], [3, 1], [3, 2], [3, 3], [3, 4], [3, 5], [3, 6], [3, 7], [4, 0], [4, 1], [4, 2], [4, 3], [4, 4], [4, 5], [4, 6], [4, 7], [5, 0], [5, 1], [5, 2], [5, 3], [5, 4], [5, 5], [5, 6], [5, 7], [6, 0], [6, 1], [6, 2], [6, 3], [6, 4], [6, 5], [6, 6], [6, 7], [7, 0], [7, 1], [7, 2], [7, 3], [7, 4], [7, 5], [7, 6], [7, 7]], "edges": [[0, 1, 0.4074313691982], [0, 8, 0.6084512225126648], [1, 2, 0.8893752259519543], [2, 3, 0.8442167744528787], [2, 10, 0.5139323643023607], [3, 4, 0.9702830174522222], [3, 11, 0.5112524247926408], [4, 5, 0.6410808921915325], [5, 6, 0.6647450462641388], [5, 13, 0.09907449894148546], [6, 7, 0.1168346591563948], [8, 16, 0.8414728704727827], [9, 10, 0.027671244590309674], [9, 17, 0.51625044043582], [10, 18, 0.23762915044662214], [11, 12, 0.3413445908489522], [11, 19, 0.5069549398886226], [13, 14, 0.5283119260024833], [14, 15, 0.57824375792045], [14, 22, 0.2845405085173103], [16, 24, 0.19096914161672263], [17, 18, 0.3305692734507918], [17, 25, 0.9901870548750273], [18, 19, 0.2534447327423528], [19, 27, 0.23339717449580855], [20, 21, 0.7482972252265051], [20, 28, 0.3396693109729757], [22, 23, 0.8762232405994337], [22, 30, 0.2957205639711201], [24, 25, 0.35037521755000867], [24, 32, 0.5818986237215314], [26, 27, 0.1600046407507727], [27, 35, 0.7048010769424058], [29, 30, 0.721837021887995], [29, 37, 0.3087122084178934], [30, 31, 0.22420094045413508], [30, 38, 0.39433815342761747], [32, 33, 0.5262813031203583], [32, 40, 0.9918453673151856], [33, 34, 0.6387322076990366], [33, 41, 0.5847422514593046], [34, 35, 0.5491401469606277], [34, 42, 0.8820157496465569], [35, 36, 0.5457372791310486], [35, 43, 0.5277252294199342], [36, 37, 0.6911452293510826], [36, 44, 0.007803616273672986], [37, 45, 0.18983945415594072], [38, 46, 0.42780780834710264], [40, 48, 0.7723951205342534], [41, 42, 0.2531451911401399], [41, 49, 0.8102393037398541], [42, 50, 0.8235946277812266], [43, 51, 0.15439322174352754], [44, 45, 0.8924996374816407], [44, 52, 0.810663541315319], [46, 47, 0.928849142562379], [46, 54, 0.7872921013627188], [48, 56, 0.7925092193507882], [49, 50, 0.3793213529140437], [49, 57, 0.8078337946420802], [50, 51, 0.1285241220844493], [50, 58, 0.9294684351247138], [51, 52, 0.2396281686791082], [51, 59, 0.29844640208411244], [52, 53, 0.1951313530588229], [54, 55, 0.5455612645493031], [54, 62, 0.23710889293437987], [7, 15, 0.011270119163640291], [15, 23, 0.9023668700240496], [23, 31, 0.6034218649421241], [31, 39, 0.5460590362987511], [47, 55, 0.42182959685764987], [55, 63, 0.54696725927579], [57, 58, 0.11753414464339162], [58, 59, 0.16077141438765175], [59, 60, 0.3908108709905054], [60, 61, 0.16759600017695953], [62, 63, 0.12224170129965573]], "oriented": false, "discover": false, "dist": true, "mode": "map"}