{"pos": [[0, 0], [0, 1], [0, 2], [0, 3], [0, 4], [0, 5], [0, 6], [0, 7], [1, 0], [1, 1], [1, 2], [1, 3], [1, 4], [1, 5], [1, 6], [1, 7], [2, 0], [2, 1], [2, 2], [2, 3], [2, 4], [2, 5], [2, 6], [2, 7], [3, 0], [3, 1], [3, 2], [3, 3], [3, 4], [3, 5], [3, 6], [3, 7], [4, 0], [4, 1], [4, 2], [4, 3], [4, 4], [4, 5], [4, 6], [4, 7], [5, 0], [5, 1], [5, 2], [5, 3], [5, 4], [5, 5], [5, 6], [5, 7], [6, 0], [6, 1], [6, 2], [6, 3], [6, 4], [6, 5], [6, 6], [6, 7], [7, 0], [7, 1], [7, 2], [7, 3], [7, 4], [7, 5], [7, 6], [7, 7]], "edges": [[0, 1, 0.4156685241953927], [0, 8, 0.8264079560960499], [1, 2, 0.1627167445739458], [2, 3, 0.011428737594794569], [2, 10, 0.5637603440809358], [3, 4, 0.36094263516294767], [3, 11, 0.10812592010671007], [4, 5, 0.19356906655875028], [4, 12, 0.21301491503101622], [5, 6, 0.4572184988515662], [5, 13, 0.36166808275285545], [6, 7, 0.7085960243818624], [6, 14, 0.6965497273105667], [8, 9, 0.7142227491105263], [8, 16, 0.9002936500941187], [10, 11, 0.11542947002359616], [10, 18, 0.33624053789946085], [11, 19, 0.47735641956567887], [12, 20, 0.47415449010397726], [13, 14, 0.23854140020148096], [13, 21, 0.9048163638630922], [14, 15, 0.13084419565294902], [16, 17, 0.40484272261859156], [16, 24, 0.9243608754200963], [17, 25, 0.1487746539862208], [18, 19, 0.020982632083611397], [18, 26, 0.8883482251752212], [19, 20, 0.7537157167322739], [19, 27, 0.7164644198753428], [21, 22, 0.9367493915568517], [21, 29, 0.5632639676354043], [22, 23, 0.4125061300452234], [24, 25, 0.9353679322333371], [24, 32, 0.3386200514101537], [25, 26, 0.4433513444756173], [25, 33, 0.5646322866735819], [26, 27, 0.500758786123406], [26, 34, 0.5789225743138252], [27, 28, 0.5643691124039157], [28, 29, 0.7617072936125434], [28, 36, 0.7841514633143583], [29, 30, 0.09986650823536025], [29, 37, 0.14891478355759158], [30, 31, 0.8295636638278564], [33, 34, 0.46911234736604146], [33, 41, 0.9967224201075767], [34, 35, 0.1290974508932825], [34, 42, 0.9842675803818658], [35, 36, 0.3452114948553108], [35, 43, 0.2725422881024915], [37, 38, 0.2979110774565227], [37, 45, 0.1888611584562282], [40, 41, 0.8166949768184533], [40, 48, 0.011760497271465886], [41, 42, 0.8624722403946405], [41, 49, 0.5813720042026899], [42, 43, 0.013425894844852904], [42, 50, 0.24834440632867016], [43, 44, 0.8182421068489512], [44, 45, 0.06691146855637031], [44, 52, 0.36369868091601487], [45, 46, 0.08650453971701055], [48, 49, 0.6072788588441647], [48, 56, 0.35391669072370313], [49, 50, 0.11461486826278999], [50, 51, 0.7192005321005592], [51, 52, 0.8666917018556564], [51, 59, 0.5304351727698767], [52, 53, 0.3611234763070704], [53, 61, 0.03703507854885868], [54, 55, 0.9275931129777661], [54, 62, 0.18497769110617546], [31, 39, 0.6738573148814335], [39, 47, 0.37351239588454577], [47, 55, 0.08175667716581392], [55, 63, 0.6885289957105514], [56, 57, 0.8249397242960232], [57, 58, 0.05014480796289922], [58, 59, 0.2802994822178303], [59, 60, 0.44175414008886416], [62, 63, 0.8192290598477776]], "oriented": false, "discover": false, "dist": true, "mode": "map"}