{"pos": [[0, 0], [0, 1], [0, 2], [0, 3], [0, 4], [0, 5], [0, 6], [0, 7], [1, 0], [1, 1], [1, 2], [1, 3], [1, 4], [1, 5], [1, 6], [1, 7], [2, 0], [2, 1], [2, 2], [2, 3], [2, 4], [2, 5], [2, 6], [2, 7], [3, 0], [3, 1], [3, 2], [3, 3], [3, 4], [3, 5], [3, 6], [3, 7], [4, 0], [4, 1], [4, 2], [4, 3], [4, 4], [4, 5], [4, 6], [4, 7], [5, 0], [5, 1], [5, 2], [5, 3], [5, 4], [5, 5], [5, 6], [5, 7], [6, 0], [6, 1], [6, 2], [6, 3], [6, 4], [6, 5], [6, 6], [6, 7], [7, 0], [7, 1], [7, 2], [7, 3], [7, 4], [7, 5], [7, 6], [7, 7]], "edges": [[0, 1, 0.6761702322817534], [0, 8, 0.697659740178964], [1, 2, 0.07461550074430845], [1, 9, 0.7921827297991636], [2, 3, 0.3688523097479204], [2, 10, 0.54016408337344], [3, 4, 0.1968865105814428], [3, 11, 0.5755726482061807], [4, 5, 0.7898179520660404], [5, 6, 0.720523057335113], [6, 7, 0.7613870462631779], [8, 9, 0.2645466678157167], [8, 16, 0.3605172486244157], [9, 10, 0.9976324641115799], [9, 17, 0.7509806689463904], [10, 11, 0.424073096481842], [10, 18, 0.17942826155101133], [11, 12, 0.40032058250100966], [12, 13, 0.060109449817457694], [12, 20, 0.979759529964325], [13, 14, 0.8496015418827998], [13, 21, 0.4194220138375293], [14, 22, 0.1382449059630022], [16, 24, 0.32274744421598356], [17, 18, 0.9736638251650672], [17, 25, 0.12380036596825195], [18, 19, 0.18579096782480453], [20, 21, 0.8125914782482141], [20, 28, 0.18849683208618628], [22, 23, 0.8029156042959199], [22, 30, 0.7498285580564689], [24, 25, 0.6098983283993593], [25, 26, 0.15878829158337515], [25, 33, 0.7093055631162101], [26, 27, 0.014605291904167816], [26, 34, 0.7017775779994457], [27, 28, 0.3374094833881095], [28, 29, 0.0662541014191993], [28, 36, 0.17702720848861853], [29, 37, 0.9741402491312589], [30, 31, 0.02773063605460957], [30, 38, 0.39318145783227865], [32, 33, 0.6949463063721714], [32, 40, 0.02600883461238257], [33, 34, 0.6821827132194102], [33, 41, 0.7268581187075198], [34, 35, 0.07940261976598462], [34, 42, 0.7412006091912571], [35, 36, 0.21036235569672346], [36, 44, 0.5168157858143242], [37, 38, 0.8609400677674546], [37, 45, 0.8574221320139054], [40, 41, 0.16469989240270133], [41, 49, 0.5938869602594214], [42, 43, 0.3390102221539699], [42, 50, 0.16597977059824154], [43, 44, 0.8992439380578204], [44, 45, 0.5349591066111544], [44, 52, 0.9297741881488614], [45, 46, 0.9275834702464338], [46, 47, 0.4554878717208437], [46, 54, 0.09938727089613497], [48, 49, 0.9314666805671397], [48, 56, 0.9097919164264531], [49, 50, 0.9386681569333161], [50, 51, 0.8736022447226865], [50, 58, 0.19252059035067381], [51, 59, 0.42520043042451916], [52, 53, 0.6245748602359598], [52, 60, 0.35718641572164445], [53, 54, 0.8835254681971978], [53, 61, 0.500206802429611], [54, 62, 0.20239591830688008], [7, 15, 0.569992505462773], [31, 39, 0.4328234487194009], [39, 47, 0.9332626528432922], [47, 55, 0.1191313543493343], [55, 63, 0.9745167602448466], [56, 57, 0.5644552596380282], [57, 58, 0.35679659968076416], [61, 62, 0.3573768347944426]], "oriented": false, "discover": false, "dist": true, "mode": "map"}