{"pos": [[0, 0], [0, 1], [0, 2], [0, 3], [0, 4], [0, 5], [0, 6], [0, 7], [0, 8], [1, 0], [1, 1], [1, 2], [1, 3], [1, 4], [1, 5], [1, 6], [1, 7], [1, 8], [2, 0], [2, 1], [2, 2], [2, 3], [2, 4], [2, 5], [2, 6], [2, 7], [2, 8], [3, 0], [3, 1], [3, 2], [3, 3], [3, 4], [3, 5], [3, 6], [3, 7], [3, 8], [4, 0], [4, 1], [4, 2], [4, 3], [4, 4], [4, 5], [4, 6], [4, 7], [4, 8], [5, 0], [5, 1], [5, 2], [5, 3], [5, 4], [5, 5], [5, 6], [5, 7], [5, 8], [6, 0], [6, 1], [6, 2], [6, 3], [6, 4], [6, 5], [6, 6], [6, 7], [6, 8], [7, 0], [7, 1], [7, 2], [7, 3], [7, 4], [7, 5], [7, 6], [7, 7], [7, 8], [8, 0], [8, 1], [8, 2], [8, 3], [8, 4], [8, 5], [8, 6], [8, 7], [8, 8]], "edges": [[0, 9, 0.5211081802558521], [1, 10, 0.13692962346220272], [2, 11, 0.6854427122123922], [3, 4, 0.09994059693887458], [3, 12, 0.545384671405989], [4, 5, 0.6939488225569088], [5, 6, 0.13440787838130597], [5, 14, 0.2560547285236582], [6, 7, 0.009063053233926421], [6, 15, 0.15284918707377337], [7, 8, 0.7735113907870714], [7, 16, 0.897127442783265], [9, 10, 0.693005761965412], [9, 18, 0.5929764958064204], [10, 11, 0.8469240204544882], [10, 19, 0.9732350782886963], [11, 12, 0.6844808975792798], [11, 20, 0.9718732362982871], [12, 13, 0.05989384698708333], [12, 21, 0.6019717719474356], [13, 14, 0.30084947604798074], [13, 22, 0.6232525381374749], [14, 23, 0.1663130206986312], [15, 16, 0.6135463817907831], [15, 24, 0.3502443106618286], [16, 25, 0.4343208753129334], [18, 27, 0.07248584011834547], [20, 21, 0.7446622642458186], [20, 29, 0.602236435928797], [22, 31, 0.4713329349619235], [23, 24, 0.10405068889239055], [23, 32, 0.5248859877515063], [24, 25, 0.949494790300854], [24, 33, 0.5597936179020485], [25, 26, 0.7142196804933563], [25, 34, 0.2437523242131936], [27, 36, 0.8109664585838433], [28, 29, 0.0019860146930806843], [28, 37, 0.1554847864622625], [29, 30, 0.6163579900757338], [29, 38, 0.26029276302695625], [30, 31, 0.8701388881060023], [30, 39, 0.09803146557791242], [31, 32, 0.137863362501095], [31, 40, 0.2991857487456243], [32, 33, 0.5282970650920832], [32, 41, 0.5763586091114132], [33, 34, 0.6992394078874071], [33, 42, 0.2315378287567582], [34, 43, 0.06866136763506314], [36, 45, 0.5577681052432502], [38, 47, 0.0017052491333456876], [39, 40, 0.2948074161026406], [39, 48, 0.6365344475646503], [41, 42, 0.9639224628209184], [41, 50, 0.11791907144095404], [42, 51, 0.2064929739819542], [43, 44, 0.33592098339794696], [43, 52, 0.3857526655241792], [45, 46, 0.5554809034507574], [45, 54, 0.318515300375783], [46, 55, 0.45465265376209296], [47, 56, 0.74525282656641], [48, 57, 0.7249604934635765], [49, 50, 0.056136093421884525], [50, 51, 0.4553548155110083], [50, 59, 0.0234922313113457], [51, 52, 0.23172551815993103], [52, 61, 0.8703368568854464], [54, 63, 0.4438331753565664], [55, 64, 0.136512133020548], [56, 65, 0.901542475524843], [57, 66, 0.8901114676348928], [58, 59, 0.45627666239754505], [58, 67, 0.32236378600152493], [59, 60, 0.9226308044420957], [59, 68, 0.9288896316609466], [60, 61, 0.8234082336483441], [61, 62, 0.03322592375470279], [61, 70, 0.6738668265308636], [63, 64, 0.018156123398696433], [63, 72, 0.3819429096216478], [64, 73, 0.5074167486327787], [65, 66, 0.84602235170836], [65, 74, 0.814877281706723], [67, 68, 0.8060840728748822], [68, 77, 0.27131106880595135], [69, 70, 0.39535190812251864], [69, 78, 0.36501574754495814], [70, 71, 0.9359491160073409], [70, 79, 0.3298023892003924], [8, 17, 0.7508181956994948], [26, 35, 0.6694834770990821], [35, 44, 0.9187654016498824], [44, 53, 0.6011345008381191], [53, 62, 0.38538650389998874], [62, 71, 0.42506086424019296], [71, 80, 0.38747474256021286], [72, 73, 0.21356857162797338], [74, 75, 0.8736431511599243], [75, 76, 0.21396286244461526], [76, 77, 0.6969041062188034], [78, 79, 0.08673402258332086], [79, 80, 0.9017584045590048]], "oriented": false, "discover": false, "dist": true, "mode": "map"}