{"pos": [[0, 0], [0, 1], [0, 2], [0, 3], [0, 4], [0, 5], [0, 6], [0, 7], [0, 8], [1, 0], [1, 1], [1, 2], [1, 3], [1, 4], [1, 5], [1, 6], [1, 7], [1, 8], [2, 0], [2, 1], [2, 2], [2, 3], [2, 4], [2, 5], [2, 6], [2, 7], [2, 8], [3, 0], [3, 1], [3, 2], [3, 3], [3, 4], [3, 5], [3, 6], [3, 7], [3, 8], [4, 0], [4, 1], [4, 2], [4, 3], [4, 4], [4, 5], [4, 6], [4, 7], [4, 8], [5, 0], [5, 1], [5, 2], [5, 3], [5, 4], [5, 5], [5, 6], [5, 7], [5, 8], [6, 0], [6, 1], [6, 2], [6, 3], [6, 4], [6, 5], [6, 6], [6, 7], [6, 8], [7, 0], [7, 1], [7, 2], [7, 3], [7, 4], [7, 5], [7, 6], [7, 7], [7, 8], [8, 0], [8, 1], [8, 2], [8, 3], [8, 4], [8, 5], [8, 6], [8, 7], [8, 8]], "edges": [[0, 1, 0.6651853720625467], [0, 9, 0.7183777183955707], [1, 2, 0.8739799208417582], [1, 10, 0.2599473026230097], [2, 3, 0.20126611535122663], [2, 11, 0.2562311782838621], [3, 4, 0.770319236251592], [3, 12, 0.9142647183453426], [4, 5, 0.15421149370648302], [4, 13, 0.5559895650379876], [5, 6, 0.424542258235306], [5, 14, 0.8368623903591355], [6, 7, 0.32449722304378936], [6, 15, 0.26313546556028955], [7, 8, 0.6424850012559953], [7, 16, 0.436123094486603], [9, 18, 0.6260916718095002], [10, 11, 0.6049156385797648], [10, 19, 0.8024843655803243], [12, 21, 0.9155031316775417], [13, 22, 0.2950958140403881], [14, 23, 0.6575801192996956], [15, 16, 0.6576514983683789], [16, 25, 0.8505967131721046], [18, 27, 0.3731396876445743], [19, 20, 0.029116239786152853], [19, 28, 0.011537283036673118], [20, 21, 0.96473291352674], [21, 30, 0.3052679859566645], [22, 31, 0.5596005872352715], [24, 25, 0.6213022661746839], [25, 26, 0.03735998444791466], [25, 34, 0.14132686747612233], [27, 28, 0.9787231612842718], [28, 29, 0.5268139503769578], [28, 37, 0.328304300570447], [29, 30, 0.981625588075532], [30, 39, 0.9477151751820329], [31, 32, 0.8293567240976126], [31, 40, 0.7798137656580719], [32, 33, 0.44833189210286206], [33, 34, 0.278755169698123], [34, 35, 0.41814935066434067], [34, 43, 0.8946779203703555], [36, 37, 0.07985623474867143], [36, 45, 0.6432118224083316], [37, 38, 0.8748705300338518], [37, 46, 0.980571391318348], [38, 39, 0.7488715241033443], [38, 47, 0.09569416867244507], [39, 40, 0.1779871583874305], [39, 48, 0.8393553359425068], [40, 41, 0.6215133902820755], [40, 49, 0.3481983592891512], [41, 42, 0.20821103601708046], [41, 50, 0.7911560033110608], [42, 43, 0.15335853787566034], [42, 51, 0.1759855010683662], [43, 44, 0.6716435729231662], [43, 52, 0.38585926253511893], [45, 54, 0.5930651274103181], [46, 55, 0.9922175138026571], [47, 56, 0.8823932588584117], [48, 49, 0.8284208112469278], [48, 57, 0.2159573896017285], [49, 50, 0.5109121724523903], [49, 58, 0.18174072146824582], [50, 51, 0.9770522170530225], [50, 59, 0.21356458106278942], [51, 60, 0.3071410880016531], [52, 53, 0.6709500093749788], [52, 61, 0.9203947591688652], [54, 55, 0.8908397519112333], [54, 63, 0.954436447843605], [55, 56, 0.2643640321844486], [55, 64, 0.10379143242913791], [56, 57, 0.9181392415652133], [56, 65, 0.127058842240086], [57, 58, 0.41189225401985463], [57, 66, 0.3269069366510148], [58, 59, 0.2437459964892057], [58, 67, 0.5516357408198008], [59, 68, 0.9058908460375117], [60, 69, 0.3235112421062739], [61, 62, 0.4673174501991927], [61, 70, 0.0366792244493358], [63, 64, 0.5984452986507045], [63, 72, 0.8318531966027021], [64, 73, 0.6754444894483362], [65, 66, 0.7079135713336961], [65, 74, 0.318476129124069], [66, 67, 0.7786195811608636], [67, 76, 0.976914851345288], [68, 69, 0.49699863069379335], [68, 77, 0.01147469754881536], [70, 71, 0.7308163512343377], [70, 79, 0.07640735699750656], [8, 17, 0.22371632831119437], [44, 53, 0.4518917350931243], [74, 75, 0.8685754220086158], [75, 76, 0.9108968871026173], [76, 77, 0.3463971782862645], [77, 78, 0.7416189325919741], [79, 80, 0.5405741707759959]], "oriented": false, "discover": false, "dist": true, "mode": "map"}