{"pos": [[0, 0], [0, 1], [0, 2], [0, 3], [0, 4], [0, 5], [0, 6], [0, 7], [1, 0], [1, 1], [1, 2], [1, 3], [1, 4], [1, 5], [1, 6], [1, 7], [2, 0], [2, 1], [2, 2], [2, 3], [2, 4], [2, 5], [2, 6], [2, 7], [3, 0], [3, 1], [3, 2], [3, 3], [3, 4], [3, 5], [3, 6], [3, 7], [4, 0], [4, 1], [4, 2], [4, 3], [4, 4], [4, 5], [4, 6], [4, 7], [5, 0], [5, 1], [5, 2], [5, 3], [5, 4], [5, 5], [5, 6], [5, 7], [6, 0], [6, 1], [6, 2], [6, 3], [6, 4], [6, 5], [6, 6], [6, 7], [7, 0], [7, 1], [7, 2], [7, 3], [7, 4], [7, 5], [7, 6], [7, 7]], "edges": [[0, 1, 0.6435853080640791], [0, 8, 0.3298709217675657], [1, 2, 0.3078843070755397], [2, 3, 0.70693462692706], [2, 10, 0.41392080862799263], [3, 4, 0.01785911718869393], [3, 11, 0.7254881132303702], [4, 5, 0.26554674421214286], [4, 12, 0.5286677438943681], [5, 6, 0.2767025459522299], [6, 7, 0.09896857840723527], [8, 16, 0.5875144094000849], [9, 10, 0.7901334309698309], [9, 17, 0.37855503098110443], [10, 11, 0.08398535693578402], [10, 18, 0.7434466997951975], [12, 13, 0.2060364434052233], [12, 20, 0.3394472728839696], [13, 14, 0.957459782626345], [13, 21, 0.32643478148126925], [14, 22, 0.1682863606885011], [16, 17, 0.8568950949664164], [16, 24, 0.06531677380584022], [17, 18, 0.2970735707250286], [18, 19, 0.08908087561472011], [18, 26, 0.5937841344513006], [19, 27, 0.016794782091149707], [20, 28, 0.4941739511933425], [21, 22, 0.7023096366656022], [21, 29, 0.9741955292869924], [22, 23, 0.7975733351535818], [24, 25, 0.6139613105799824], [24, 32, 0.06575089039953275], [25, 26, 0.47592717350113034], [25, 33, 0.606254507851292], [26, 34, 0.989627276281117], [27, 28, 0.4140761812389182], [27, 35, 0.5870304734396501], [29, 30, 0.09780042871104888], [29, 37, 0.6999335734884773], [30, 31, 0.6454225623851836], [30, 38, 0.5522697112734836], [32, 33, 0.01536664991894976], [32, 40, 0.1610308486879921], [34, 35, 0.5195075748683735], [34, 42, 0.7286218464239113], [35, 36, 0.3633275743870793], [35, 43, 0.5220948041264519], [36, 37, 0.7575582435691295], [37, 38, 0.6324121906334055], [37, 45, 0.4299321850639741], [38, 39, 0.456660954109664], [38, 46, 0.16987093280033094], [40, 48, 0.12814910393195877], [41, 42, 0.10790703403440416], [42, 50, 0.1799338052769559], [43, 44, 0.813273292449468], [43, 51, 0.46215465356715113], [44, 52, 0.4062320945005353], [45, 46, 0.5389811351363115], [45, 53, 0.4550505774656789], [46, 47, 0.9561312887069301], [46, 54, 0.8676635762524739], [48, 49, 0.2753950123900891], [48, 56, 0.23189504011216444], [50, 51, 0.7877796240026655], [50, 58, 0.50674077599025], [51, 59, 0.11240908897810631], [52, 53, 0.1323177472857855], [52, 60, 0.046995530702236166], [53, 54, 0.21588392953627533], [54, 55, 0.6072861445057101], [54, 62, 0.30423120289845085], [7, 15, 0.5955083872866477], [15, 23, 0.5089095668370247], [23, 31, 0.7910118043689296], [31, 39, 0.6366779195948089], [39, 47, 0.8541800424151953], [57, 58, 0.5205534070296624], [61, 62, 0.6906672523556033], [62, 63, 0.7617278543348319]], "oriented": false, "discover": false, "dist": true, "mode": "map"}