{"pos": [[0, 0], [0, 1], [0, 2], [0, 3], [0, 4], [0, 5], [0, 6], [0, 7], [0, 8], [1, 0], [1, 1], [1, 2], [1, 3], [1, 4], [1, 5], [1, 6], [1, 7], [1, 8], [2, 0], [2, 1], [2, 2], [2, 3], [2, 4], [2, 5], [2, 6], [2, 7], [2, 8], [3, 0], [3, 1], [3, 2], [3, 3], [3, 4], [3, 5], [3, 6], [3, 7], [3, 8], [4, 0], [4, 1], [4, 2], [4, 3], [4, 4], [4, 5], [4, 6], [4, 7], [4, 8], [5, 0], [5, 1], [5, 2], [5, 3], [5, 4], [5, 5], [5, 6], [5, 7], [5, 8], [6, 0], [6, 1], [6, 2], [6, 3], [6, 4], [6, 5], [6, 6], [6, 7], [6, 8], [7, 0], [7, 1], [7, 2], [7, 3], [7, 4], [7, 5], [7, 6], [7, 7], [7, 8], [8, 0], [8, 1], [8, 2], [8, 3], [8, 4], [8, 5], [8, 6], [8, 7], [8, 8]], "edges": [[0, 1, 0.8013602300001803], [0, 9, 0.09059253301990966], [1, 2, 0.96658174122097], [1, 10, 0.3504829242789085], [2, 3, 0.4646777094304483], [2, 11, 0.6397218210670907], [3, 4, 0.3265459997882679], [3, 12, 0.11788619125461863], [4, 5, 0.7308218450952234], [5, 6, 0.5944766064170477], [6, 7, 0.40689343940732914], [6, 15, 0.7907756036584823], [7, 8, 0.10755925422680057], [7, 16, 0.9687668741739024], [9, 10, 0.42614095414168396], [9, 18, 0.4719170552115879], [10, 19, 0.864758760087739], [12, 13, 0.33676073462210354], [12, 21, 0.4577378467376695], [13, 14, 0.6378983280168682], [13, 22, 0.07920488874462339], [14, 15, 0.5210607744218655], [14, 23, 0.4828080763407335], [15, 24, 0.2234021952902916], [16, 17, 0.9425916627654453], [16, 25, 0.4439751402355251], [18, 19, 0.21523031746395338], [18, 27, 0.20087437543429187], [19, 28, 0.014891389768595942], [20, 21, 0.930897791104772], [20, 29, 0.7026812109392768], [21, 22, 0.6258870891427768], [21, 30, 0.1425953559421168], [22, 31, 0.15461882460958787], [23, 32, 0.30791347458819207], [25, 34, 0.12587902027165299], [27, 36, 0.3140659642297834], [28, 29, 0.8392982615269141], [28, 37, 0.554144857318195], [29, 30, 0.5649207689398187], [29, 38, 0.8952168484320611], [30, 39, 0.6986994516365783], [32, 41, 0.5403291962537184], [33, 34, 0.15420318827853208], [33, 42, 0.20678167553827076], [34, 43, 0.3197452703347411], [36, 45, 0.9493436973317736], [37, 38, 0.6093598704098064], [37, 46, 0.5468443871507033], [38, 39, 0.08061333638483303], [39, 40, 0.27421111470618376], [39, 48, 0.7774036540607192], [40, 41, 0.8279463336515644], [40, 49, 0.6808917625060669], [41, 42, 0.728647677751299], [41, 50, 0.4030472587406049], [42, 43, 0.3168476445052827], [43, 44, 0.41085668283093], [43, 52, 0.6344968846933954], [45, 54, 0.9042480788400555], [46, 47, 0.6228669722116672], [46, 55, 0.7678057379781984], [47, 48, 0.18961453296457864], [48, 49, 0.029346900711036072], [48, 57, 0.378929650734642], [49, 50, 0.5547055719400736], [50, 51, 0.6381790027348904], [51, 60, 0.32792724994414], [52, 61, 0.672457818406221], [54, 63, 0.8260823616201544], [55, 64, 0.5409237951124395], [56, 57, 0.3020661911117093], [56, 65, 0.2471693106678563], [57, 58, 0.8563995645615009], [57, 66, 0.5895120327280661], [58, 59, 0.6762917683540943], [58, 67, 0.5114828244135154], [59, 60, 0.07516783004939187], [59, 68, 0.730699389673601], [60, 61, 0.3859003292070762], [61, 70, 0.40969441555821084], [63, 72, 0.44128888259335874], [64, 73, 0.35061830802430016], [66, 75, 0.7808003903990887], [67, 68, 0.026360501927130686], [67, 76, 0.6846230083788469], [68, 69, 0.9490358238255976], [68, 77, 0.567295863056506], [69, 70, 0.8277184581988192], [69, 78, 0.2409635260610291], [70, 79, 0.8317055594648854], [17, 26, 0.3141839591765575], [26, 35, 0.10873096943012384], [35, 44, 0.5007168153851507], [44, 53, 0.28737545654707564], [53, 62, 0.05875926766408668], [62, 71, 0.6096866693903322], [71, 80, 0.8910741014076748], [72, 73, 0.5264597424301529], [73, 74, 0.4702355721324367], [74, 75, 0.4982268353079533], [75, 76, 0.9474514111762702], [77, 78, 0.23513807375783569], [79, 80, 0.9478704796237003]], "oriented": false, "discover": false, "dist": true, "mode": "map"}