{"pos": [[0, 0], [0, 1], [0, 2], [0, 3], [0, 4], [0, 5], [0, 6], [0, 7], [1, 0], [1, 1], [1, 2], [1, 3], [1, 4], [1, 5], [1, 6], [1, 7], [2, 0], [2, 1], [2, 2], [2, 3], [2, 4], [2, 5], [2, 6], [2, 7], [3, 0], [3, 1], [3, 2], [3, 3], [3, 4], [3, 5], [3, 6], [3, 7], [4, 0], [4, 1], [4, 2], [4, 3], [4, 4], [4, 5], [4, 6], [4, 7], [5, 0], [5, 1], [5, 2], [5, 3], [5, 4], [5, 5], [5, 6], [5, 7], [6, 0], [6, 1], [6, 2], [6, 3], [6, 4], [6, 5], [6, 6], [6, 7], [7, 0], [7, 1], [7, 2], [7, 3], [7, 4], [7, 5], [7, 6], [7, 7]], "edges": [[0, 1, 0.8206660729150397], [0, 8, 0.7867554784324308], [1, 2, 0.7794374860301664], [2, 3, 0.9667574199300575], [2, 10, 0.5596660266762237], [3, 4, 0.847189550872843], [3, 11, 0.6256841280010392], [4, 5, 0.06222195755809801], [5, 6, 0.4582069707323281], [5, 13, 0.48714225236161746], [6, 7, 0.4891436709874528], [6, 14, 0.4998844139570755], [8, 9, 0.30021306545726845], [8, 16, 0.3747837487229214], [10, 18, 0.5090116427620373], [11, 12, 0.2527638150958851], [11, 19, 0.4929443187281629], [13, 21, 0.08969309177741203], [14, 15, 0.07194836371162228], [14, 22, 0.4821037517156068], [16, 17, 0.2259622007137123], [16, 24, 0.987362205623735], [18, 19, 0.2076671141772285], [18, 26, 0.561292057753049], [19, 20, 0.786330770872294], [19, 27, 0.6355613504012461], [20, 21, 0.8678307285663975], [20, 28, 0.11082388151064082], [21, 29, 0.8322682090588205], [22, 30, 0.6800778773770468], [24, 25, 0.8929088210063293], [24, 32, 0.5500551724015572], [25, 26, 0.32406455988400285], [25, 33, 0.7740104484621247], [26, 27, 0.03463249561290915], [26, 34, 0.8434369527475729], [27, 28, 0.1278080614415248], [28, 29, 0.3566751103529917], [28, 36, 0.10659317273851865], [32, 40, 0.5749282065794543], [33, 34, 0.6011719991043664], [34, 35, 0.1865447648032984], [36, 37, 0.6256487687514236], [36, 44, 0.49307682429249966], [37, 38, 0.9007633153893451], [37, 45, 0.9963421214339032], [38, 39, 0.8843300384214193], [38, 46, 0.8552233133250009], [40, 41, 0.8639614846856625], [40, 48, 0.7526347820892141], [41, 42, 0.3245517583984979], [41, 49, 0.04485869529657649], [42, 43, 0.1505655285989429], [42, 50, 0.7607119342593149], [43, 44, 0.7680674192793321], [43, 51, 0.9439485666178368], [44, 45, 0.7742389888032694], [45, 46, 0.6559140845998673], [45, 53, 0.4160460049000487], [46, 47, 0.029419394348088823], [46, 54, 0.24809346184868408], [48, 49, 0.86478727391266], [48, 56, 0.9498397849676481], [49, 57, 0.45227942359212703], [50, 58, 0.7035645105640844], [51, 52, 0.911760480291608], [51, 59, 0.4432207361391063], [52, 53, 0.44900980166568827], [52, 60, 0.5643647126085487], [53, 54, 0.4888157638552091], [53, 61, 0.489877686812058], [54, 62, 0.8579682024233181], [7, 15, 0.6727931593001608], [15, 23, 0.9239902605352064], [23, 31, 0.18613860785068126], [31, 39, 0.07658664122664582], [39, 47, 0.39323890976329734], [47, 55, 0.0813317039083673], [55, 63, 0.7616274065292542], [57, 58, 0.17279607011042997], [59, 60, 0.6039117994676964]], "oriented": false, "discover": false, "dist": true, "mode": "map"}