{"pos": [[0, 0], [0, 1], [0, 2], [0, 3], [0, 4], [0, 5], [0, 6], [0, 7], [0, 8], [1, 0], [1, 1], [1, 2], [1, 3], [1, 4], [1, 5], [1, 6], [1, 7], [1, 8], [2, 0], [2, 1], [2, 2], [2, 3], [2, 4], [2, 5], [2, 6], [2, 7], [2, 8], [3, 0], [3, 1], [3, 2], [3, 3], [3, 4], [3, 5], [3, 6], [3, 7], [3, 8], [4, 0], [4, 1], [4, 2], [4, 3], [4, 4], [4, 5], [4, 6], [4, 7], [4, 8], [5, 0], [5, 1], [5, 2], [5, 3], [5, 4], [5, 5], [5, 6], [5, 7], [5, 8], [6, 0], [6, 1], [6, 2], [6, 3], [6, 4], [6, 5], [6, 6], [6, 7], [6, 8], [7, 0], [7, 1], [7, 2], [7, 3], [7, 4], [7, 5], [7, 6], [7, 7], [7, 8], [8, 0], [8, 1], [8, 2], [8, 3], [8, 4], [8, 5], [8, 6], [8, 7], [8, 8]], "edges": [[0, 1, 0.6047096036215867], [0, 9, 0.1370360711488926], [1, 2, 0.8873057326725307], [2, 11, 0.04334761046077107], [3, 4, 0.9395950131435208], [3, 12, 0.3900082064590866], [4, 5, 0.932240664525794], [4, 13, 0.47337009914236816], [5, 6, 0.18568481095845468], [6, 7, 0.33951502218354235], [6, 15, 0.6032856427399963], [7, 8, 0.15363190299023977], [7, 16, 0.5732104618937146], [9, 10, 0.7077552568588112], [9, 18, 0.8434720882985238], [10, 11, 0.48086011062742573], [10, 19, 0.6018803087382071], [11, 12, 0.9230822339721393], [12, 13, 0.2812852177627523], [12, 21, 0.3178656186155562], [13, 14, 0.9530150773190614], [13, 22, 0.3067305415362769], [14, 15, 0.04826974945795848], [16, 25, 0.3792633014355524], [18, 19, 0.30857310369495583], [18, 27, 0.7213520823079421], [19, 20, 0.6679663820872442], [19, 28, 0.49151786135844155], [20, 21, 0.6716896985844797], [20, 29, 0.7829885559575901], [21, 30, 0.6247688764122137], [22, 23, 0.3906711440186238], [22, 31, 0.12317532232853268], [23, 24, 0.4915839110809026], [23, 32, 0.7408885258045813], [24, 25, 0.9621284972433654], [25, 26, 0.5674418257752372], [27, 36, 0.6514117828457489], [28, 29, 0.6246834677285665], [28, 37, 0.4568928951009511], [29, 30, 0.030016579354065653], [29, 38, 0.5918747355815221], [30, 39, 0.1444390463607168], [31, 40, 0.3838410501126539], [32, 33, 0.055698899632464105], [32, 41, 0.712113026102459], [33, 34, 0.14307994608796726], [33, 42, 0.9622109473363335], [34, 43, 0.3990112769312595], [36, 37, 0.14785224068524294], [36, 45, 0.31069368163250166], [37, 38, 0.12502132946992084], [37, 46, 8.265696208742401e-05], [39, 48, 0.0977267878633249], [40, 41, 0.7761215994249899], [41, 50, 0.3605578842811067], [42, 43, 0.7177385013397166], [43, 44, 0.620158168709764], [43, 52, 0.6145226067433215], [45, 54, 0.9714524653613732], [46, 47, 0.569036425104127], [46, 55, 0.4150585045568218], [47, 48, 0.8741654239226345], [47, 56, 0.7816202435241477], [48, 57, 0.6050751601298118], [49, 50, 0.14649979301739235], [50, 51, 0.40284816435201753], [50, 59, 0.045637903355619125], [52, 53, 0.01806049112402386], [54, 55, 0.560097648459902], [54, 63, 0.19086049223002988], [55, 64, 0.7527972710224081], [57, 58, 0.670140749871397], [57, 66, 0.1532740110300007], [58, 59, 0.42487391795810037], [59, 60, 0.7602691098969071], [59, 68, 0.896836626674189], [60, 61, 0.7439355468273369], [60, 69, 0.8472098434268369], [61, 62, 0.3160851040455819], [61, 70, 0.2662549533479881], [63, 72, 0.4749570637527415], [64, 65, 0.4133356391341172], [64, 73, 0.3026566961255097], [65, 66, 0.6287096583845606], [65, 74, 0.16417960117983843], [66, 67, 0.9189605770895298], [66, 75, 0.5833868474013657], [67, 68, 0.4262398861708486], [67, 76, 0.585205654016397], [68, 77, 0.03701331537621977], [69, 78, 0.7341611441364152], [8, 17, 0.9917525415250622], [26, 35, 0.9231530453863093], [44, 53, 0.8134144987670995], [53, 62, 0.2960187314849787], [62, 71, 0.23305816044274763], [71, 80, 0.14128375038070595], [72, 73, 0.7714060239694936], [73, 74, 0.6096863586589194], [74, 75, 0.9535786412933288], [75, 76, 0.6765631761033962], [76, 77, 0.4241643896975824], [78, 79, 0.058685761121505475]], "oriented": false, "discover": false, "dist": true, "mode": "map"}