{"pos": [[0, 0], [0, 1], [0, 2], [0, 3], [0, 4], [0, 5], [0, 6], [0, 7], [1, 0], [1, 1], [1, 2], [1, 3], [1, 4], [1, 5], [1, 6], [1, 7], [2, 0], [2, 1], [2, 2], [2, 3], [2, 4], [2, 5], [2, 6], [2, 7], [3, 0], [3, 1], [3, 2], [3, 3], [3, 4], [3, 5], [3, 6], [3, 7], [4, 0], [4, 1], [4, 2], [4, 3], [4, 4], [4, 5], [4, 6], [4, 7], [5, 0], [5, 1], [5, 2], [5, 3], [5, 4], [5, 5], [5, 6], [5, 7], [6, 0], [6, 1], [6, 2], [6, 3], [6, 4], [6, 5], [6, 6], [6, 7], [7, 0], [7, 1], [7, 2], [7, 3], [7, 4], [7, 5], [7, 6], [7, 7]], "edges": [[0, 1, 0.39517358405105973], [0, 8, 0.8116305015806513], [1, 2, 0.6102583251451477], [2, 3, 0.09458259654653034], [3, 4, 0.1073863864553567], [3, 11, 0.8567837779326202], [4, 5, 0.6080462952010316], [4, 12, 0.9970454670406602], [5, 6, 0.4767168341813405], [5, 13, 0.2786624800356158], [6, 7, 0.4514928536698193], [6, 14, 0.0605717620186782], [8, 9, 0.9712759911013183], [8, 16, 0.6388434781652387], [9, 10, 0.45645168515787204], [9, 17, 0.5855879673260086], [10, 18, 0.9798948044936476], [12, 20, 0.8458187691764124], [13, 14, 0.5901698786294516], [13, 21, 0.3942973235239944], [14, 22, 0.9882610449904377], [16, 17, 0.31419772338989793], [16, 24, 0.8769756314436266], [17, 18, 0.25426122531001727], [17, 25, 0.4755096954086968], [18, 19, 0.3206394529921677], [18, 26, 0.724298722661196], [19, 27, 0.4098666876350582], [20, 28, 0.8623618603096028], [22, 30, 0.16056826960038895], [24, 25, 0.7874438037555733], [24, 32, 0.2906244295739663], [26, 27, 0.5556329070690749], [27, 28, 0.7051929588828943], [27, 35, 0.546222335636141], [28, 29, 0.5396818091717308], [28, 36, 0.8762834334956214], [29, 37, 0.16888897918666512], [30, 38, 0.3446529515784783], [32, 33, 0.6471660032594738], [32, 40, 0.2829209474438208], [33, 34, 0.9599645911605641], [33, 41, 0.8594806034145502], [35, 36, 0.4397379238255176], [35, 43, 0.8247548699682895], [36, 37, 0.6705949547962325], [36, 44, 0.2369936905759643], [37, 38, 0.9066165340338944], [38, 39, 0.9616142287561854], [38, 46, 0.574462854327077], [40, 48, 0.23637653680784732], [41, 49, 0.2401327818459149], [42, 43, 0.05504916240544899], [42, 50, 0.15531467359337547], [43, 44, 0.5875103034707213], [43, 51, 0.862603676344447], [44, 45, 0.8235337790302707], [44, 52, 0.4528530937070906], [45, 46, 0.8639821438480696], [45, 53, 0.2894095233076761], [46, 47, 0.6387191038814097], [46, 54, 0.8332050950493962], [48, 56, 0.427526449167297], [49, 50, 0.5729291064046222], [49, 57, 0.7652613828474965], [50, 58, 0.45066394664763854], [51, 52, 0.3150996372364748], [51, 59, 0.8556209477437833], [53, 54, 0.8439495333498017], [53, 61, 0.8427192262871677], [54, 55, 0.40915191213958], [54, 62, 0.3541748864844685], [7, 15, 0.7127360747257505], [15, 23, 0.12762130681519668], [23, 31, 0.14268124526561632], [39, 47, 0.7020833959319142], [57, 58, 0.34712390292694795], [58, 59, 0.6404627296350267], [59, 60, 0.18713283250678536], [60, 61, 0.7757125059242188], [62, 63, 0.5524030087535728]], "oriented": false, "discover": false, "dist": true, "mode": "map"}