{"pos": [[0, 0], [0, 1], [0, 2], [0, 3], [0, 4], [0, 5], [0, 6], [0, 7], [1, 0], [1, 1], [1, 2], [1, 3], [1, 4], [1, 5], [1, 6], [1, 7], [2, 0], [2, 1], [2, 2], [2, 3], [2, 4], [2, 5], [2, 6], [2, 7], [3, 0], [3, 1], [3, 2], [3, 3], [3, 4], [3, 5], [3, 6], [3, 7], [4, 0], [4, 1], [4, 2], [4, 3], [4, 4], [4, 5], [4, 6], [4, 7], [5, 0], [5, 1], [5, 2], [5, 3], [5, 4], [5, 5], [5, 6], [5, 7], [6, 0], [6, 1], [6, 2], [6, 3], [6, 4], [6, 5], [6, 6], [6, 7], [7, 0], [7, 1], [7, 2], [7, 3], [7, 4], [7, 5], [7, 6], [7, 7]], "edges": [[0, 8, 0.770388827883056], [1, 2, 0.4996156549280266], [2, 3, 0.9756874494361663], [2, 10, 0.14860134934415992], [3, 4, 0.8394603228521422], [4, 5, 0.7796566924116032], [5, 6, 0.4344354779274374], [5, 13, 0.9811071648444547], [6, 7, 0.17647503161068123], [6, 14, 0.4623828583880579], [8, 9, 0.5410296827501824], [8, 16, 0.04750309469252523], [9, 10, 0.8379643151086583], [9, 17, 0.722141141848438], [10, 11, 0.4402088548737193], [10, 18, 0.6746943874086209], [11, 12, 0.790213048188604], [11, 19, 0.29216867084066744], [13, 21, 0.3344801517646607], [14, 22, 0.3700979131907991], [16, 24, 0.7770012392714006], [17, 25, 0.24993082491050322], [19, 20, 0.038292911752382364], [19, 27, 0.06796007620235356], [20, 28, 0.7964381495087094], [21, 29, 0.4435240195004083], [24, 32, 0.8372637630083827], [25, 26, 0.26709114608173024], [25, 33, 0.8035539357029495], [26, 27, 0.4463742703734619], [26, 34, 0.5512171234435465], [27, 28, 0.6626623549315129], [28, 36, 0.670195650696792], [29, 30, 0.875724058991387], [29, 37, 0.24554575362827824], [30, 38, 0.47366608972594404], [32, 33, 0.7130445167952376], [32, 40, 0.48303319858080085], [33, 41, 0.34923191781735596], [34, 35, 0.4910611755632669], [34, 42, 0.47175510503566886], [35, 36, 0.09372905961920786], [35, 43, 0.047773071010684065], [36, 44, 0.838211880119317], [37, 45, 0.3108873274246602], [38, 46, 0.11191405992989556], [40, 48, 0.2929544475817204], [41, 42, 0.36276214867468526], [41, 49, 0.4658417641480076], [42, 43, 0.9053222420968996], [42, 50, 0.5132888586985588], [43, 44, 0.9552964458801284], [43, 51, 0.06674090716519043], [44, 45, 0.09842394993319614], [45, 53, 0.33612521143640106], [46, 47, 0.27246067057118606], [46, 54, 0.9013464420182613], [48, 56, 0.42269964009122507], [49, 50, 0.17155743326760897], [49, 57, 0.19911725125310342], [50, 51, 0.9642824185292147], [50, 58, 0.8383457369104154], [51, 52, 0.478919431787066], [51, 59, 0.7143212362910968], [52, 53, 0.8497692924061675], [52, 60, 0.23392194050660609], [53, 54, 0.21728426814687385], [54, 55, 0.1312485712752105], [54, 62, 0.5379135123471227], [7, 15, 0.5265423125178198], [15, 23, 0.19969298700391003], [23, 31, 0.21085586240360543], [31, 39, 0.9637816368324437], [39, 47, 0.5953401385678496], [47, 55, 0.28245266999473617], [55, 63, 0.3818618513869154], [57, 58, 0.11457900967280332], [59, 60, 0.22909102679581217], [60, 61, 0.34297387945546975], [62, 63, 0.08583897492833203]], "oriented": false, "discover": false, "dist": true, "mode": "map"}