{"pos": [[0, 0], [0, 1], [0, 2], [0, 3], [0, 4], [0, 5], [0, 6], [0, 7], [1, 0], [1, 1], [1, 2], [1, 3], [1, 4], [1, 5], [1, 6], [1, 7], [2, 0], [2, 1], [2, 2], [2, 3], [2, 4], [2, 5], [2, 6], [2, 7], [3, 0], [3, 1], [3, 2], [3, 3], [3, 4], [3, 5], [3, 6], [3, 7], [4, 0], [4, 1], [4, 2], [4, 3], [4, 4], [4, 5], [4, 6], [4, 7], [5, 0], [5, 1], [5, 2], [5, 3], [5, 4], [5, 5], [5, 6], [5, 7], [6, 0], [6, 1], [6, 2], [6, 3], [6, 4], [6, 5], [6, 6], [6, 7], [7, 0], [7, 1], [7, 2], [7, 3], [7, 4], [7, 5], [7, 6], [7, 7]], "edges": [[0, 1, 0.17619366017973592], [0, 8, 0.4140425106072412], [1, 9, 0.1597637714711212], [2, 10, 0.285764422550257], [3, 4, 0.8279290945622013], [3, 11, 0.5306876743808823], [4, 12, 0.6149391927317345], [5, 6, 0.005454137961907413], [5, 13, 0.45506988051359276], [6, 7, 0.2097105452313751], [6, 14, 0.013549175196573504], [8, 9, 0.8662467528481971], [8, 16, 0.20430298728942697], [9, 10, 0.5987143852749157], [9, 17, 0.9629978006001055], [10, 11, 0.4360311515907481], [11, 12, 0.8656821806451663], [11, 19, 0.42951851254834095], [12, 13, 0.7406868529831553], [12, 20, 0.08476035764561052], [13, 14, 0.9769245658090737], [13, 21, 0.8170947082867662], [14, 15, 0.1829730185850894], [14, 22, 0.5599613353228421], [16, 24, 0.8419783067259535], [17, 18, 0.21677029060883746], [17, 25, 0.04412472588440042], [18, 26, 0.6246294224036458], [20, 21, 0.9367303473741595], [20, 28, 0.7082599525491602], [21, 22, 0.5178384935125283], [21, 29, 0.7172959590577749], [22, 23, 0.4547662432680756], [22, 30, 0.21862054980645185], [24, 32, 0.9407153407741567], [25, 33, 0.643361727606325], [26, 27, 0.6790228464118917], [27, 35, 0.458842551782883], [28, 36, 0.4432080450953765], [29, 37, 0.8000328023644822], [30, 31, 0.7038911030450287], [30, 38, 0.6614744739543027], [32, 33, 0.553410150020313], [32, 40, 0.5987065771300993], [33, 34, 0.8322006488083088], [34, 35, 0.9973104295465504], [35, 43, 0.18341978219475197], [36, 37, 0.20377781862302313], [36, 44, 0.8423216930005964], [37, 38, 0.13548869108952555], [38, 39, 0.32775288419327575], [40, 41, 0.06510172462763497], [40, 48, 0.7097043018263778], [41, 42, 0.48325672534655817], [42, 43, 0.2452311779870452], [42, 50, 0.12724594767351372], [43, 44, 0.633027458916233], [44, 45, 0.924634161966505], [44, 52, 0.0954021253370394], [45, 46, 0.2169685326620261], [45, 53, 0.21587542102611246], [46, 54, 0.17002140856541892], [48, 49, 0.9798315324151498], [48, 56, 0.7616355138094397], [49, 50, 0.4241707666062141], [50, 51, 0.4179916945177906], [51, 52, 0.8801588954307928], [52, 53, 0.19254617580329247], [53, 54, 0.9412958330308714], [54, 55, 0.3847114608040746], [7, 15, 0.9626560384117012], [31, 39, 0.0999455982993881], [39, 47, 0.7613363915778036], [47, 55, 0.6535325797183166], [55, 63, 0.41543123334212473], [56, 57, 0.41225475174630566], [57, 58, 0.48890532261554176], [58, 59, 0.11814777425200174], [59, 60, 0.753456199465906], [60, 61, 0.18308727866957597], [61, 62, 0.8160403907362889]], "oriented": false, "discover": false, "dist": true, "mode": "map"}