{"pos": [[0, 0], [0, 1], [0, 2], [0, 3], [0, 4], [0, 5], [0, 6], [0, 7], [1, 0], [1, 1], [1, 2], [1, 3], [1, 4], [1, 5], [1, 6], [1, 7], [2, 0], [2, 1], [2, 2], [2, 3], [2, 4], [2, 5], [2, 6], [2, 7], [3, 0], [3, 1], [3, 2], [3, 3], [3, 4], [3, 5], [3, 6], [3, 7], [4, 0], [4, 1], [4, 2], [4, 3], [4, 4], [4, 5], [4, 6], [4, 7], [5, 0], [5, 1], [5, 2], [5, 3], [5, 4], [5, 5], [5, 6], [5, 7], [6, 0], [6, 1], [6, 2], [6, 3], [6, 4], [6, 5], [6, 6], [6, 7], [7, 0], [7, 1], [7, 2], [7, 3], [7, 4], [7, 5], [7, 6], [7, 7]], "edges": [[0, 1, 0.9338071025071919], [0, 8, 0.9011928427344855], [1, 2, 0.15839392322967594], [1, 9, 0.6992069201997342], [2, 3, 0.0050681423378999835], [2, 10, 0.3047961369507294], [3, 4, 0.5221007293285523], [3, 11, 0.351627444819946], [4, 5, 0.5968775310014173], [4, 12, 0.24731526853446284], [5, 6, 0.9605204488574791], [5, 13, 0.5284286002216633], [6, 7, 0.05901482531695701], [6, 14, 0.3944468006345082], [9, 10, 0.59242640488956], [9, 17, 0.116067423452208], [10, 18, 0.262262840492124], [11, 19, 0.21458556207491453], [13, 21, 0.47713306335707706], [14, 15, 0.6947309616868175], [16, 17, 0.06282049927471478], [17, 25, 0.2214147147671166], [18, 26, 0.6347020808867858], [19, 27, 0.9534456673214641], [20, 21, 0.6146885499038189], [20, 28, 0.45535804619326337], [21, 22, 0.14602686638767504], [21, 29, 0.14731337569266567], [22, 30, 0.4569152490411671], [24, 25, 0.7192686812090098], [25, 33, 0.21597308393809733], [26, 34, 0.752212857511393], [27, 28, 0.609285177027321], [27, 35, 0.25793297815686167], [28, 29, 0.15493539985802685], [29, 37, 0.16528151840280558], [30, 31, 0.09136587417316155], [32, 33, 0.395287530284821], [32, 40, 0.21143250322347396], [33, 41, 0.2345266574935616], [34, 35, 0.283794830478295], [34, 42, 0.46151076015007864], [36, 37, 0.3826296676969526], [36, 44, 0.5052770094279156], [37, 38, 0.43423862175641237], [37, 45, 0.1995458497428776], [38, 39, 0.20610453612577295], [38, 46, 0.15564548515721677], [40, 48, 0.22142960621538577], [41, 49, 0.5550147502736799], [42, 43, 0.5640124573425123], [42, 50, 0.41807249035869576], [43, 44, 0.3680269687973269], [43, 51, 0.8023555439648143], [44, 45, 0.7185321308730105], [45, 46, 0.5933246422501618], [45, 53, 0.1807092226985758], [46, 47, 0.6869777841634532], [46, 54, 0.49198365410029254], [48, 49, 0.4665408127958304], [49, 50, 0.41277829982563075], [49, 57, 0.49538436885542303], [50, 51, 0.4348854460210836], [50, 58, 0.8362667861901573], [51, 52, 0.9004649400913096], [51, 59, 0.5077395077458146], [52, 53, 0.4043812276994815], [53, 54, 0.5894801683701729], [53, 61, 0.764385263896679], [54, 55, 0.6871107913561431], [54, 62, 0.14595353104719488], [7, 15, 0.05778063358761998], [15, 23, 0.5224966299679683], [39, 47, 0.5622006242427773], [55, 63, 0.011601956409518221], [56, 57, 0.47413530466298515], [57, 58, 0.10705223160515842], [58, 59, 0.3596825668064325], [59, 60, 0.17500271851249916], [60, 61, 0.9553028624854962], [62, 63, 0.4449960865969772]], "oriented": false, "discover": false, "dist": true, "mode": "map"}