{"pos": [[0, 0], [0, 1], [0, 2], [0, 3], [0, 4], [0, 5], [0, 6], [0, 7], [0, 8], [1, 0], [1, 1], [1, 2], [1, 3], [1, 4], [1, 5], [1, 6], [1, 7], [1, 8], [2, 0], [2, 1], [2, 2], [2, 3], [2, 4], [2, 5], [2, 6], [2, 7], [2, 8], [3, 0], [3, 1], [3, 2], [3, 3], [3, 4], [3, 5], [3, 6], [3, 7], [3, 8], [4, 0], [4, 1], [4, 2], [4, 3], [4, 4], [4, 5], [4, 6], [4, 7], [4, 8], [5, 0], [5, 1], [5, 2], [5, 3], [5, 4], [5, 5], [5, 6], [5, 7], [5, 8], [6, 0], [6, 1], [6, 2], [6, 3], [6, 4], [6, 5], [6, 6], [6, 7], [6, 8], [7, 0], [7, 1], [7, 2], [7, 3], [7, 4], [7, 5], [7, 6], [7, 7], [7, 8], [8, 0], [8, 1], [8, 2], [8, 3], [8, 4], [8, 5], [8, 6], [8, 7], [8, 8]], "edges": [[0, 1, 0.2425507461723776], [0, 9, 0.25870043482372085], [1, 2, 0.7633979942381036], [2, 3, 0.3853437182404702], [3, 4, 0.5008524809946315], [3, 12, 0.2175298141162506], [4, 5, 0.7442192660348467], [4, 13, 0.053658061002402446], [5, 6, 0.43714535179975045], [5, 14, 0.7883776014371802], [6, 7, 0.8231844925660641], [6, 15, 0.4369442844591843], [7, 8, 0.9271406500328156], [7, 16, 0.05009409875551485], [9, 10, 0.9933678269556537], [9, 18, 0.692983174996625], [10, 11, 0.48061151296732696], [10, 19, 0.8254734074560279], [11, 20, 0.4946310175154781], [13, 22, 0.5511107776581693], [14, 15, 0.3411441021285505], [14, 23, 0.3057684346663281], [15, 24, 0.10903292544364973], [16, 17, 0.5747591252859017], [18, 27, 0.1598960682346524], [19, 28, 0.29898833875345066], [20, 29, 0.6527485463214285], [21, 22, 0.9183440654316204], [21, 30, 0.6925728794062104], [22, 23, 0.03156448195977535], [22, 31, 0.7032620664060224], [23, 24, 0.035880444925481925], [23, 32, 0.37542667991020806], [24, 25, 0.7181117640587623], [25, 26, 0.5110746755059883], [25, 34, 0.1327980534783637], [27, 28, 0.27583515540228565], [27, 36, 0.003008877830073753], [28, 29, 0.13953407472120227], [28, 37, 0.4797484827747358], [29, 30, 0.9162949257450829], [31, 32, 0.6612016831198422], [31, 40, 0.017081166312699736], [32, 33, 0.3503653137298727], [32, 41, 0.339268924921703], [33, 34, 0.35099348779467143], [34, 35, 0.8893529895034611], [34, 43, 0.5744172724715891], [36, 45, 0.00882898245856012], [37, 38, 0.8782891621946431], [37, 46, 0.3911808419207764], [38, 39, 0.060299813618238995], [38, 47, 0.3019627945268526], [39, 40, 0.652591697241795], [39, 48, 0.6550555703016486], [40, 49, 0.03133138364299526], [41, 42, 0.7849663766302114], [42, 43, 0.07698891263811503], [42, 51, 0.8987417502664234], [43, 52, 0.857087377742605], [45, 46, 0.6755861359228073], [45, 54, 0.9569740543601066], [46, 47, 0.666786591644543], [46, 55, 0.9617874813600731], [47, 56, 0.3795990316539678], [48, 49, 0.9800569479040322], [49, 50, 0.682885646360269], [49, 58, 0.38422878474318733], [50, 51, 0.28416636512929216], [50, 59, 0.1805278145537581], [51, 52, 0.5377457565404407], [51, 60, 0.6509797386839352], [52, 53, 0.7194351315450042], [54, 55, 0.6402359981515322], [54, 63, 0.971268379055183], [55, 56, 0.3209794042389894], [56, 65, 0.7825310455006877], [57, 58, 0.9824834229562004], [57, 66, 0.34496617618995606], [58, 59, 0.3982377955287659], [58, 67, 0.38868403644845817], [60, 61, 0.2021880947413801], [60, 69, 0.5123808679643761], [61, 62, 0.09455130236668541], [63, 64, 0.09301980533529441], [63, 72, 0.53808027941309], [64, 73, 0.5974964475768951], [65, 74, 0.5013060258268746], [66, 67, 0.7807105153604382], [67, 68, 0.03752398918322508], [67, 76, 0.6326967578362451], [69, 70, 0.2857978223635468], [69, 78, 0.4875986322380167], [70, 71, 0.26470890479972353], [70, 79, 0.7008905864626654], [8, 17, 0.1808545508906375], [26, 35, 0.47314064784044374], [35, 44, 0.28605858324584643], [44, 53, 0.37486843226017064], [62, 71, 0.8461146948266924], [71, 80, 0.24669427096521057], [72, 73, 0.3672698621027426], [74, 75, 0.973250768540411], [77, 78, 0.45664659234012506]], "oriented": false, "discover": false, "dist": true, "mode": "map"}