{"pos": [[0, 0], [0, 1], [0, 2], [0, 3], [0, 4], [0, 5], [0, 6], [0, 7], [1, 0], [1, 1], [1, 2], [1, 3], [1, 4], [1, 5], [1, 6], [1, 7], [2, 0], [2, 1], [2, 2], [2, 3], [2, 4], [2, 5], [2, 6], [2, 7], [3, 0], [3, 1], [3, 2], [3, 3], [3, 4], [3, 5], [3, 6], [3, 7], [4, 0], [4, 1], [4, 2], [4, 3], [4, 4], [4, 5], [4, 6], [4, 7], [5, 0], [5, 1], [5, 2], [5, 3], [5, 4], [5, 5], [5, 6], [5, 7], [6, 0], [6, 1], [6, 2], [6, 3], [6, 4], [6, 5], [6, 6], [6, 7], [7, 0], [7, 1], [7, 2], [7, 3], [7, 4], [7, 5], [7, 6], [7, 7]], "edges": [[0, 1, 0.7949165850835175], [0, 8, 0.45909211745366485], [1, 2, 0.5059773830269987], [1, 9, 0.05608189219863968], [2, 3, 0.22901784635231903], [2, 10, 0.7105136682290862], [3, 4, 0.9247072162851885], [3, 11, 0.727523769065017], [4, 5, 0.14326526472079681], [4, 12, 0.0428575966103647], [5, 6, 0.1295491380546422], [5, 13, 0.7033635881099958], [6, 7, 0.5891616449767784], [8, 9, 0.303655386173882], [8, 16, 0.009300447074059526], [9, 17, 0.22410601948095032], [10, 18, 0.23470807681344907], [11, 19, 0.7648956787679545], [12, 20, 0.30154544230419944], [13, 14, 0.613848817840814], [13, 21, 0.9361121645669803], [14, 22, 0.3859329721776571], [16, 24, 0.6246310566120902], [17, 18, 0.4694566198425967], [17, 25, 0.9484661565779405], [18, 19, 0.6575810219300763], [19, 20, 0.8769425599702727], [19, 27, 0.5358789740979434], [20, 28, 0.6362653340950966], [21, 29, 0.610030877923272], [22, 23, 0.01734349459976048], [24, 32, 0.8169530135559914], [25, 26, 0.5425149606166292], [25, 33, 0.2624172197330591], [26, 27, 0.02107588190363041], [27, 28, 0.14631377842680926], [27, 35, 0.9733879188080474], [28, 29, 0.2688915333254408], [29, 30, 0.03931128190079791], [29, 37, 0.02628621901776762], [30, 38, 0.5901746932418064], [32, 33, 0.45207320806872375], [32, 40, 0.5346893262073674], [33, 41, 0.384018611367552], [34, 35, 0.6651960157490215], [34, 42, 0.8622909324645525], [35, 36, 0.36037464010341236], [35, 43, 0.5989369941163234], [36, 37, 0.9174719147544538], [36, 44, 0.3927109446693381], [37, 38, 0.6553750541508339], [37, 45, 0.7347716748005808], [38, 39, 0.14859286717373865], [41, 42, 0.595593961682922], [41, 49, 0.7462104730931097], [43, 44, 0.6878876003756007], [43, 51, 0.196687669957754], [44, 45, 0.38130289242816884], [44, 52, 0.8208328337450069], [45, 46, 0.7299523153978147], [45, 53, 0.493240500111083], [46, 47, 0.706211886260057], [46, 54, 0.5901724988454136], [48, 49, 0.7648963664402118], [49, 57, 0.47389682279027623], [50, 51, 0.7977031723370751], [51, 59, 0.9764247598765663], [52, 53, 0.18496562581341314], [52, 60, 0.696334461557845], [54, 55, 0.38496933429350166], [7, 15, 0.5727202888678763], [15, 23, 0.6309231827633862], [23, 31, 0.15984088402681196], [55, 63, 0.4250185502381225], [56, 57, 0.051667341584422766], [57, 58, 0.29871249906393715], [58, 59, 0.5234824081204372], [59, 60, 0.26600213286266694], [60, 61, 0.6027454663517005], [61, 62, 0.37740070724738817], [62, 63, 0.17124348148194035]], "oriented": false, "discover": false, "dist": true, "mode": "map"}