{"pos": [[0, 0], [0, 1], [0, 2], [0, 3], [0, 4], [0, 5], [0, 6], [0, 7], [0, 8], [1, 0], [1, 1], [1, 2], [1, 3], [1, 4], [1, 5], [1, 6], [1, 7], [1, 8], [2, 0], [2, 1], [2, 2], [2, 3], [2, 4], [2, 5], [2, 6], [2, 7], [2, 8], [3, 0], [3, 1], [3, 2], [3, 3], [3, 4], [3, 5], [3, 6], [3, 7], [3, 8], [4, 0], [4, 1], [4, 2], [4, 3], [4, 4], [4, 5], [4, 6], [4, 7], [4, 8], [5, 0], [5, 1], [5, 2], [5, 3], [5, 4], [5, 5], [5, 6], [5, 7], [5, 8], [6, 0], [6, 1], [6, 2], [6, 3], [6, 4], [6, 5], [6, 6], [6, 7], [6, 8], [7, 0], [7, 1], [7, 2], [7, 3], [7, 4], [7, 5], [7, 6], [7, 7], [7, 8], [8, 0], [8, 1], [8, 2], [8, 3], [8, 4], [8, 5], [8, 6], [8, 7], [8, 8]], "edges": [[0, 1, 0.07681884310065401], [0, 9, 0.5049760954280232], [1, 10, 0.045178147806997915], [2, 3, 0.7491353284061194], [2, 11, 0.28450738920336016], [3, 4, 0.2349785652879227], [3, 12, 0.1005682436476838], [4, 5, 0.7064034530868684], [5, 14, 0.6006478172630243], [6, 7, 0.645137289242166], [7, 8, 0.09087548736907203], [9, 10, 0.7594863378099691], [9, 18, 0.016887847903738207], [10, 11, 0.9603573404699289], [11, 20, 0.7253742791604781], [13, 14, 0.2881478078989118], [13, 22, 0.7915053652370755], [15, 24, 0.5139880194163157], [16, 25, 0.8093988737836474], [18, 19, 0.7018584896250526], [18, 27, 0.9516356623434984], [19, 20, 0.28028102242336816], [19, 28, 0.040337850061933245], [20, 21, 0.42567381669013005], [21, 22, 0.5540520432565031], [21, 30, 0.9997194330899415], [22, 23, 0.4293722667176495], [22, 31, 0.6449000637093493], [23, 24, 0.7828992204403897], [23, 32, 0.6620283641828796], [24, 25, 0.33981404224019807], [24, 33, 0.8747557279277689], [25, 26, 0.278974017318423], [25, 34, 0.40383306357031734], [28, 29, 0.5222902182114022], [28, 37, 0.7254793246463089], [29, 38, 0.3848406838341949], [30, 31, 0.4627276068132333], [30, 39, 0.03829363696785537], [31, 32, 0.15153865035831837], [31, 40, 0.24636725965779271], [32, 33, 0.25286995393624323], [32, 41, 0.9169619848169304], [34, 35, 0.7920553645244819], [34, 43, 0.7638895274042375], [36, 37, 0.4654791642147217], [36, 45, 0.8653719328660054], [37, 38, 0.3061882506269661], [37, 46, 0.4542874223551512], [38, 39, 0.5944702293483902], [38, 47, 0.17587955508223507], [39, 48, 0.8004985614521731], [40, 41, 0.11006384164921423], [40, 49, 0.25839462630570886], [41, 42, 0.09746954708462907], [42, 43, 0.5523855097456499], [42, 51, 0.6582079384516949], [43, 44, 0.20241406308626397], [43, 52, 0.1530882250342912], [45, 46, 0.9005503114584613], [45, 54, 0.8234649206593985], [46, 55, 0.9294062692655238], [48, 49, 0.9089375800178965], [48, 57, 0.22771069995324222], [49, 50, 0.04887269765908697], [49, 58, 0.44348695255427617], [50, 51, 0.7861208176345886], [51, 52, 0.09716328705904664], [51, 60, 0.4770529714136632], [52, 61, 0.5111526202903878], [54, 63, 0.2083346740482065], [55, 56, 0.012704168006289596], [55, 64, 0.7672505358076429], [56, 65, 0.9797748531981391], [57, 58, 0.5180439898843002], [57, 66, 0.022030425973725398], [58, 59, 0.8351903450407453], [59, 68, 0.17084916585554466], [60, 61, 0.14484078968319614], [60, 69, 0.5777791083261815], [61, 70, 0.7892091934346753], [63, 72, 0.7418708679506943], [64, 73, 0.8195683684311773], [65, 66, 0.3094505933353786], [65, 74, 0.061893213558969484], [66, 67, 0.4676465431647998], [66, 75, 0.29719804056151955], [67, 76, 0.5050705357878484], [68, 69, 0.47025472379997457], [68, 77, 0.4906118841532606], [69, 78, 0.936373733864332], [70, 71, 0.18054801565422773], [70, 79, 0.34017513568071034], [8, 17, 0.5149488704056512], [17, 26, 0.8805442765452526], [44, 53, 0.6533408694868734], [53, 62, 0.32540950252437817], [71, 80, 0.3777229834964122], [72, 73, 0.9880515524968982], [74, 75, 0.4359983776493036], [76, 77, 0.29369104859111894], [77, 78, 0.1032323366724549]], "oriented": false, "discover": false, "dist": true, "mode": "map"}