{"pos": [[0, 0], [0, 1], [0, 2], [0, 3], [0, 4], [0, 5], [0, 6], [0, 7], [1, 0], [1, 1], [1, 2], [1, 3], [1, 4], [1, 5], [1, 6], [1, 7], [2, 0], [2, 1], [2, 2], [2, 3], [2, 4], [2, 5], [2, 6], [2, 7], [3, 0], [3, 1], [3, 2], [3, 3], [3, 4], [3, 5], [3, 6], [3, 7], [4, 0], [4, 1], [4, 2], [4, 3], [4, 4], [4, 5], [4, 6], [4, 7], [5, 0], [5, 1], [5, 2], [5, 3], [5, 4], [5, 5], [5, 6], [5, 7], [6, 0], [6, 1], [6, 2], [6, 3], [6, 4], [6, 5], [6, 6], [6, 7], [7, 0], [7, 1], [7, 2], [7, 3], [7, 4], [7, 5], [7, 6], [7, 7]], "edges": [[0, 1, 0.8103094790282006], [0, 8, 0.5111678432639557], [1, 2, 0.17754562206413016], [1, 9, 0.7538725224216771], [2, 3, 0.2347800246499252], [2, 10, 0.3329566945610236], [3, 4, 0.7467095208400961], [4, 5, 0.77020997257178], [5, 6, 0.4729909036461364], [5, 13, 0.15735564820274917], [6, 7, 0.2772589625231059], [6, 14, 0.0009516620249542251], [8, 16, 0.6326704031877967], [9, 17, 0.4143430120887056], [10, 11, 0.2632681152961863], [10, 18, 0.0149959877243242], [11, 12, 0.3696285049076006], [13, 14, 0.10670113738608544], [13, 21, 0.8826339258166682], [14, 15, 0.3233907476691156], [14, 22, 0.9184262945100452], [16, 24, 0.5347690953993869], [17, 18, 0.2021474892564885], [18, 19, 0.9518355877088037], [18, 26, 0.6279871673317389], [19, 20, 0.007621379448856436], [19, 27, 0.21039365602084492], [20, 21, 0.7313035446369842], [20, 28, 0.032180243297990074], [21, 22, 0.8633041680442068], [22, 30, 0.5499147897987152], [24, 25, 0.7004189683906961], [24, 32, 0.7412634874457122], [25, 26, 0.41189061439208996], [25, 33, 0.10359669821480222], [26, 27, 0.1290392332615976], [26, 34, 0.7918746135488622], [27, 28, 0.3925850662393874], [27, 35, 0.2848694669284194], [28, 29, 0.9104107500760474], [28, 36, 0.25220277737088526], [29, 37, 0.628613008696782], [30, 31, 0.06093744787331312], [30, 38, 0.6161861388212041], [32, 40, 0.9454078374522632], [33, 41, 0.32865442813731205], [34, 35, 0.2520042826660739], [34, 42, 0.013450707327217204], [35, 43, 0.6266147400572609], [36, 44, 0.2633292881117132], [37, 38, 0.617679055697993], [37, 45, 0.13623294010286913], [38, 39, 0.32040511505076186], [38, 46, 0.200050616700452], [40, 48, 0.5228709844408622], [42, 50, 0.5895825624022458], [44, 45, 0.37170979411736815], [44, 52, 0.6446541791643596], [45, 53, 0.13951293490602812], [46, 47, 0.2763972360446043], [48, 49, 0.16044731568466586], [48, 56, 0.07824635792537771], [49, 50, 0.8985836013648083], [49, 57, 0.2576314452644499], [50, 51, 0.06289897773350672], [51, 52, 0.7039194019725744], [52, 53, 0.17401033171737146], [52, 60, 0.11917310361089106], [53, 54, 0.9190123107561183], [54, 55, 0.9316894879725967], [54, 62, 0.9189491654927361], [15, 23, 0.44241134141729965], [23, 31, 0.4339714899148256], [39, 47, 0.19600377960274085], [47, 55, 0.9744252212710585], [55, 63, 0.40760671105940605], [56, 57, 0.9285294227919992], [57, 58, 0.26477131250830455], [59, 60, 0.5536287956976058], [60, 61, 0.939190198270886], [62, 63, 0.9520968649217708]], "oriented": false, "discover": false, "dist": true, "mode": "map"}