{"pos": [[0, 0], [0, 1], [0, 2], [0, 3], [0, 4], [0, 5], [0, 6], [0, 7], [1, 0], [1, 1], [1, 2], [1, 3], [1, 4], [1, 5], [1, 6], [1, 7], [2, 0], [2, 1], [2, 2], [2, 3], [2, 4], [2, 5], [2, 6], [2, 7], [3, 0], [3, 1], [3, 2], [3, 3], [3, 4], [3, 5], [3, 6], [3, 7], [4, 0], [4, 1], [4, 2], [4, 3], [4, 4], [4, 5], [4, 6], [4, 7], [5, 0], [5, 1], [5, 2], [5, 3], [5, 4], [5, 5], [5, 6], [5, 7], [6, 0], [6, 1], [6, 2], [6, 3], [6, 4], [6, 5], [6, 6], [6, 7], [7, 0], [7, 1], [7, 2], [7, 3], [7, 4], [7, 5], [7, 6], [7, 7]], "edges": [[0, 1, 0.7440380048367021], [0, 8, 0.748701268069385], [1, 2, 0.6298905177086203], [2, 3, 0.2722708617752555], [3, 4, 0.4092643063254213], [3, 11, 0.17988123610676598], [4, 5, 0.030781287318673578], [4, 12, 0.8903610057001178], [5, 6, 0.4239494456866273], [6, 7, 0.28539223920725454], [6, 14, 0.7164947008458988], [8, 9, 0.7138941331203956], [8, 16, 0.7744492139284659], [9, 10, 0.836186870272517], [9, 17, 0.4847271633791518], [11, 19, 0.937782782682197], [12, 13, 0.056838469784543544], [13, 21, 0.6811755397503624], [14, 15, 0.2189615245921661], [14, 22, 0.6989166179550822], [16, 17, 0.7007587252859265], [16, 24, 0.5069309965504136], [17, 18, 0.2900368065257156], [17, 25, 0.3458458975289571], [18, 19, 0.3420386917263738], [18, 26, 0.6546121573899594], [19, 20, 0.4470244776980272], [19, 27, 0.7363192457311066], [20, 28, 0.7493480357317855], [21, 29, 0.9981091721485494], [22, 30, 0.20952005919959138], [24, 32, 0.9826693457021349], [25, 33, 0.6908078675557472], [26, 27, 0.3937684748938418], [27, 35, 0.8409980528021533], [28, 29, 0.5955682634871738], [28, 36, 0.08701062652396674], [29, 30, 0.32449838471054104], [29, 37, 0.4423945667024557], [30, 31, 0.3391105565758922], [32, 33, 0.10892800572227423], [32, 40, 0.09834461523143179], [33, 34, 0.5146102500179472], [33, 41, 0.9633580649311051], [34, 35, 0.4214189669027043], [35, 43, 0.5020847720926532], [36, 37, 0.1490888019120319], [36, 44, 0.5144759050697677], [37, 38, 0.9574123482921988], [37, 45, 0.3977741893543828], [38, 39, 0.25805607969031785], [40, 48, 0.5112541022166905], [41, 42, 0.41664201346822316], [41, 49, 0.5022005717812397], [42, 43, 0.40244229738715265], [42, 50, 0.7536637680891922], [43, 51, 0.45341911375153965], [44, 45, 0.5658721054523528], [45, 46, 0.6906464726805864], [45, 53, 0.18796761991112676], [46, 47, 0.08107779920160141], [46, 54, 0.20643099151107636], [48, 49, 0.7869390894825594], [48, 56, 0.9154199677060604], [49, 50, 0.5702685476436884], [50, 51, 0.8924681184894688], [50, 58, 0.4413426773230973], [51, 52, 0.2406068870470195], [51, 59, 0.4064783517796595], [52, 53, 0.6291386823252969], [52, 60, 0.2275064893383114], [53, 54, 0.7596306989503936], [53, 61, 0.4938815672533228], [15, 23, 0.6570214777226724], [31, 39, 0.4271264256393561], [39, 47, 0.6600267900281718], [47, 55, 0.5071987477985973], [55, 63, 0.6477120844104753], [56, 57, 0.20098557994507626], [60, 61, 0.5743319853246702], [61, 62, 0.0650991749577331]], "oriented": false, "discover": false, "dist": true, "mode": "map"}