{"pos": [[0, 0], [0, 1], [0, 2], [0, 3], [0, 4], [0, 5], [0, 6], [0, 7], [1, 0], [1, 1], [1, 2], [1, 3], [1, 4], [1, 5], [1, 6], [1, 7], [2, 0], [2, 1], [2, 2], [2, 3], [2, 4], [2, 5], [2, 6], [2, 7], [3, 0], [3, 1], [3, 2], [3, 3], [3, 4], [3, 5], [3, 6], [3, 7], [4, 0], [4, 1], [4, 2], [4, 3], [4, 4], [4, 5], [4, 6], [4, 7], [5, 0], [5, 1], [5, 2], [5, 3], [5, 4], [5, 5], [5, 6], [5, 7], [6, 0], [6, 1], [6, 2], [6, 3], [6, 4], [6, 5], [6, 6], [6, 7], [7, 0], [7, 1], [7, 2], [7, 3], [7, 4], [7, 5], [7, 6], [7, 7]], "edges": [[0, 1, 0.5098177459524101], [0, 8, 0.8596255077064199], [1, 2, 0.26924380398435543], [1, 9, 0.1494998003778355], [3, 4, 0.6190337686006565], [3, 11, 0.996370736571361], [4, 5, 0.8971702299722176], [4, 12, 0.31382786888403114], [5, 13, 0.9725562115733977], [6, 7, 0.3713061198981863], [6, 14, 0.09266619360821138], [8, 9, 0.9849306098657277], [8, 16, 0.3351095921206686], [9, 10, 0.12891995316397398], [9, 17, 0.2592454434130069], [10, 11, 0.5855188683735053], [10, 18, 0.2003328109335515], [11, 12, 0.6326218394376155], [12, 13, 0.6456960880904011], [13, 14, 0.10225318362304558], [13, 21, 0.40986248239426826], [14, 15, 0.18667368572257026], [14, 22, 0.5282639746465139], [16, 24, 0.729188412494534], [18, 19, 0.0037280856796771955], [19, 20, 0.08038053116149535], [19, 27, 0.9470036277111673], [20, 21, 0.86546138130031], [21, 29, 0.5222757988096673], [22, 23, 0.16357785389137858], [22, 30, 0.7815026257406094], [24, 32, 0.7103638767359248], [25, 26, 0.8272642950541051], [25, 33, 0.73129936932486], [26, 27, 0.43884049370001155], [26, 34, 0.06466073795545535], [27, 28, 0.07889659050357722], [27, 35, 0.8434187525866256], [28, 29, 0.8888842591300504], [28, 36, 0.034951208014361246], [29, 37, 0.44167204178978325], [30, 38, 0.63277272131817], [32, 33, 0.7610033683470251], [32, 40, 0.9090151939974584], [33, 34, 0.32898986897253135], [34, 35, 0.6307098549576331], [34, 42, 0.8506234664314015], [35, 36, 0.7106290917944782], [35, 43, 0.18908825011187702], [36, 37, 0.33612167421461436], [36, 44, 0.5603284576535967], [37, 38, 0.30788591479951166], [37, 45, 0.08924675235140667], [40, 41, 0.163791766208768], [40, 48, 0.6064930886393507], [42, 43, 0.8191805553892189], [42, 50, 0.3129074271176978], [43, 44, 0.3928796431394159], [43, 51, 0.048423391760989865], [44, 45, 0.7016555243334475], [44, 52, 0.11789541763611167], [45, 46, 0.2599518919365119], [45, 53, 0.9021278925153636], [46, 54, 0.8348480197865313], [48, 49, 0.13649721915229085], [48, 56, 0.955362560838351], [49, 50, 0.9759103279429471], [49, 57, 0.6916598401774291], [50, 58, 0.8344165646318152], [51, 52, 0.15762503773079184], [52, 53, 0.8119079456795015], [54, 55, 0.19282429615300833], [54, 62, 0.31537664403481136], [23, 31, 0.32585550768259375], [31, 39, 0.467952311136306], [39, 47, 0.9262403657042327], [47, 55, 0.2767270528806519], [58, 59, 0.13438688342384675], [59, 60, 0.6941785220364975], [61, 62, 0.6074508250109351], [62, 63, 0.40520736846186467]], "oriented": false, "discover": false, "dist": true, "mode": "map"}