{"pos": [[0, 0], [0, 1], [0, 2], [0, 3], [0, 4], [0, 5], [0, 6], [0, 7], [1, 0], [1, 1], [1, 2], [1, 3], [1, 4], [1, 5], [1, 6], [1, 7], [2, 0], [2, 1], [2, 2], [2, 3], [2, 4], [2, 5], [2, 6], [2, 7], [3, 0], [3, 1], [3, 2], [3, 3], [3, 4], [3, 5], [3, 6], [3, 7], [4, 0], [4, 1], [4, 2], [4, 3], [4, 4], [4, 5], [4, 6], [4, 7], [5, 0], [5, 1], [5, 2], [5, 3], [5, 4], [5, 5], [5, 6], [5, 7], [6, 0], [6, 1], [6, 2], [6, 3], [6, 4], [6, 5], [6, 6], [6, 7], [7, 0], [7, 1], [7, 2], [7, 3], [7, 4], [7, 5], [7, 6], [7, 7]], "edges": [[0, 8, 0.2851134390122818], [1, 2, 0.986707189164874], [1, 9, 0.24982099010972203], [2, 3, 0.14650951878211915], [2, 10, 0.0005261687119996195], [3, 4, 0.9604114800123458], [4, 5, 0.6610393767734962], [4, 12, 0.6422641596905381], [5, 6, 0.22595403751299825], [6, 7, 0.15425832303616782], [8, 9, 0.9609339489707166], [8, 16, 0.8264472621208665], [9, 10, 0.4360035205908195], [10, 11, 0.7598596446976372], [10, 18, 0.6382065627637291], [11, 12, 0.3234356192482313], [12, 13, 0.8434935807851998], [12, 20, 0.7979634563963773], [13, 14, 0.7877667923516167], [13, 21, 0.09535776481048641], [14, 15, 0.2869202812762348], [14, 22, 0.9932521783422535], [16, 17, 0.9340908655925234], [16, 24, 0.9307089721323314], [18, 19, 0.2648528339335606], [18, 26, 0.6313617532766533], [19, 27, 0.7116828365471565], [20, 28, 0.721090065547236], [21, 22, 0.16902143814255488], [21, 29, 0.7850275817788064], [22, 23, 0.9026604036758379], [24, 25, 0.05799043633766776], [24, 32, 0.6881986706395083], [27, 35, 0.5252229239230299], [28, 36, 0.18874583403582101], [29, 30, 0.1592936382958493], [29, 37, 0.39480507311196344], [30, 31, 0.7749208123953504], [30, 38, 0.1507297257518332], [32, 33, 0.13895711636108166], [32, 40, 0.21380983651288077], [33, 34, 0.6237701987149222], [33, 41, 0.25167153266312114], [34, 35, 0.80348259516086], [34, 42, 0.28207306882722927], [35, 36, 0.9436896990689269], [36, 37, 0.9650371945215267], [37, 38, 0.20086654961431494], [37, 45, 0.7609616768242834], [38, 39, 0.21476566906989114], [38, 46, 0.2144514332296037], [40, 48, 0.8650051725836362], [41, 42, 0.9170052504210449], [42, 43, 0.14462194529600347], [43, 44, 0.9516223852510671], [43, 51, 0.04417812799087362], [44, 45, 0.3491707206408936], [44, 52, 0.5469828063009845], [45, 46, 0.932293843998571], [45, 53, 0.9266815061328207], [46, 47, 0.47203080972946077], [46, 54, 0.5322123447411641], [48, 49, 0.7152963865734894], [48, 56, 0.9379898107302498], [49, 50, 0.054116491053220694], [49, 57, 0.168031551930112], [50, 58, 0.41545614656274155], [51, 52, 0.22475433645294973], [51, 59, 0.9138554352380984], [52, 60, 0.12019873189860653], [53, 54, 0.6550028010375301], [54, 62, 0.5606694398480618], [7, 15, 0.20004110438223865], [23, 31, 0.2310370531234367], [47, 55, 0.8819725149981441], [55, 63, 0.22286338552150498], [57, 58, 0.18989909760290025], [58, 59, 0.07643204082272148], [60, 61, 0.5804013224529903], [61, 62, 0.2967977098723663], [62, 63, 0.40773421321627956]], "oriented": false, "discover": false, "dist": true, "mode": "map"}