{"pos": [[0, 0], [0, 1], [0, 2], [0, 3], [0, 4], [0, 5], [0, 6], [0, 7], [1, 0], [1, 1], [1, 2], [1, 3], [1, 4], [1, 5], [1, 6], [1, 7], [2, 0], [2, 1], [2, 2], [2, 3], [2, 4], [2, 5], [2, 6], [2, 7], [3, 0], [3, 1], [3, 2], [3, 3], [3, 4], [3, 5], [3, 6], [3, 7], [4, 0], [4, 1], [4, 2], [4, 3], [4, 4], [4, 5], [4, 6], [4, 7], [5, 0], [5, 1], [5, 2], [5, 3], [5, 4], [5, 5], [5, 6], [5, 7], [6, 0], [6, 1], [6, 2], [6, 3], [6, 4], [6, 5], [6, 6], [6, 7], [7, 0], [7, 1], [7, 2], [7, 3], [7, 4], [7, 5], [7, 6], [7, 7]], "edges": [[0, 1, 0.6147607095574225], [0, 8, 0.29750560232716095], [1, 2, 0.2631417936066265], [1, 9, 0.1648979934025817], [2, 3, 0.3370777370909215], [3, 4, 0.6150706413468906], [3, 11, 0.07982010799403716], [4, 5, 0.46290874269856463], [4, 12, 0.7703636715333713], [5, 6, 0.6586361394892862], [5, 13, 0.9622661379870862], [6, 7, 0.3719134838778074], [8, 16, 0.7990810229565855], [9, 10, 0.5847427947201144], [9, 17, 0.1883956406742764], [10, 18, 0.8757409094163552], [12, 20, 0.3987834879744794], [13, 14, 0.11117068604719793], [13, 21, 0.10279414812887855], [14, 15, 0.8082337349095214], [14, 22, 0.26350148987455624], [17, 18, 0.8005727176162379], [17, 25, 0.8394129778537139], [18, 19, 0.2909045483841519], [19, 20, 0.7212723637528381], [20, 21, 0.5664239033534392], [20, 28, 0.15014718696864449], [21, 29, 0.6533777262828586], [22, 23, 0.6229833544102746], [22, 30, 0.6884986064978776], [24, 25, 0.8912822257748635], [24, 32, 0.37168453024465087], [25, 26, 0.8822776008839098], [25, 33, 0.08721977119329849], [26, 27, 0.4039219805663379], [26, 34, 0.9143565697819814], [27, 35, 0.4832021202997492], [28, 36, 0.0111735826943129], [29, 37, 0.7029143121608957], [30, 38, 0.7641096256264555], [32, 33, 0.08068685892801586], [32, 40, 0.051446347086501754], [33, 41, 0.8146338541906228], [34, 35, 0.3032913406268206], [34, 42, 0.42752859917308594], [35, 43, 0.7264299543615751], [36, 37, 0.7924635789927142], [36, 44, 0.508153244136267], [37, 38, 0.6112088996635289], [37, 45, 0.3406229486074075], [38, 39, 0.2799659532077666], [38, 46, 0.09528313647695197], [41, 42, 0.8082343638765422], [41, 49, 0.4492431649323051], [42, 50, 0.9971732212892729], [43, 51, 0.016065638160841833], [44, 45, 0.20164386443131532], [44, 52, 0.5532702537271055], [45, 46, 0.5001110377004657], [45, 53, 0.25485675308717115], [46, 47, 0.9749598107991027], [48, 49, 0.5768590187744859], [48, 56, 0.028717695432270984], [49, 57, 0.8408751815601231], [50, 51, 0.7216464721182418], [50, 58, 0.3247755419800519], [51, 52, 0.9235085895907987], [51, 59, 0.08685662136615568], [52, 53, 0.9317080211605242], [52, 60, 0.8600092802886914], [53, 54, 0.5374330914018804], [53, 61, 0.6149376375831662], [54, 55, 0.022618081656001432], [15, 23, 0.051420414837384354], [23, 31, 0.8784491742502075], [47, 55, 0.569873688715325], [55, 63, 0.46078411801070385], [57, 58, 0.08081035463180797], [58, 59, 0.48637049790117215], [59, 60, 0.6719173430201895], [61, 62, 0.11554894956839423]], "oriented": false, "discover": false, "dist": true, "mode": "map"}