{"pos": [[0, 0], [0, 1], [0, 2], [0, 3], [0, 4], [0, 5], [0, 6], [0, 7], [0, 8], [1, 0], [1, 1], [1, 2], [1, 3], [1, 4], [1, 5], [1, 6], [1, 7], [1, 8], [2, 0], [2, 1], [2, 2], [2, 3], [2, 4], [2, 5], [2, 6], [2, 7], [2, 8], [3, 0], [3, 1], [3, 2], [3, 3], [3, 4], [3, 5], [3, 6], [3, 7], [3, 8], [4, 0], [4, 1], [4, 2], [4, 3], [4, 4], [4, 5], [4, 6], [4, 7], [4, 8], [5, 0], [5, 1], [5, 2], [5, 3], [5, 4], [5, 5], [5, 6], [5, 7], [5, 8], [6, 0], [6, 1], [6, 2], [6, 3], [6, 4], [6, 5], [6, 6], [6, 7], [6, 8], [7, 0], [7, 1], [7, 2], [7, 3], [7, 4], [7, 5], [7, 6], [7, 7], [7, 8], [8, 0], [8, 1], [8, 2], [8, 3], [8, 4], [8, 5], [8, 6], [8, 7], [8, 8]], "edges": [[0, 1, 0.35474018801690943], [0, 9, 0.2782827318855632], [1, 2, 0.15441844953503003], [1, 10, 0.501918436657206], [2, 3, 0.3644984769286823], [2, 11, 0.16431435454108723], [3, 4, 0.5645897391818651], [3, 12, 0.9008943315609789], [4, 5, 0.16321642785776347], [5, 6, 0.3992026822329905], [5, 14, 0.8499748608908974], [6, 7, 0.7986407284888037], [6, 15, 0.25598190074373717], [7, 8, 0.8237550339156678], [7, 16, 0.778640041274245], [9, 10, 0.8041932637351452], [9, 18, 0.3623871187631398], [10, 19, 0.6696739472002902], [12, 13, 0.06753169209561727], [12, 21, 0.21078787810577837], [13, 14, 0.861334634369756], [14, 15, 0.5237630701565565], [14, 23, 0.27279633948110626], [15, 16, 0.16286118990900944], [15, 24, 0.15955718103785355], [16, 17, 0.9443142877452984], [19, 20, 0.08728246484531654], [19, 28, 0.7433135475024208], [20, 29, 0.3872924776186977], [21, 22, 0.8506684133523367], [21, 30, 0.38414907607259574], [22, 23, 0.6907430679409742], [22, 31, 0.6293337236201799], [24, 25, 0.506806625193867], [24, 33, 0.8406710398238758], [25, 26, 0.45660909273710726], [27, 28, 0.46886706294673364], [27, 36, 0.7413317068219789], [28, 37, 0.4275649165719485], [29, 30, 0.19770308520274704], [30, 39, 0.01326719505459606], [31, 32, 0.5061101510248872], [31, 40, 0.6005791389225363], [32, 33, 0.8895585443265314], [33, 34, 0.16644083763052786], [33, 42, 0.6625060068764257], [34, 35, 0.990325189571882], [36, 37, 0.38095106914029786], [37, 38, 0.46212425791951695], [37, 46, 0.9998840580785047], [38, 39, 0.26633396092611505], [38, 47, 0.6026088550694536], [39, 48, 0.4081202522454176], [40, 49, 0.6483656726736072], [41, 42, 0.7525869298869207], [41, 50, 0.7167194737606994], [42, 43, 0.04425223750434126], [42, 51, 0.8815483285910506], [43, 44, 0.3911725766020654], [43, 52, 0.13744809921587486], [45, 46, 0.5592819978988034], [45, 54, 0.39740625748892333], [46, 47, 0.028030892733562518], [46, 55, 0.34881810204089614], [47, 48, 0.7534113129114498], [48, 49, 0.361654407918957], [48, 57, 0.2923844824155618], [50, 51, 0.737601992835992], [51, 52, 0.8308505927694928], [51, 60, 0.39256710644366666], [52, 61, 0.7448922765891082], [54, 63, 0.12696917411025566], [55, 56, 0.09852670248407946], [55, 64, 0.9244196647660573], [56, 65, 0.054670401325852325], [57, 58, 0.39327387476342324], [57, 66, 0.5363265221706788], [58, 59, 0.5512262324563892], [58, 67, 0.46327598505661327], [59, 60, 0.5384983708965619], [60, 69, 0.9630146001656672], [61, 62, 0.9162622660421142], [63, 64, 0.8249267231988857], [64, 73, 0.6498610125690722], [65, 66, 0.15700232427821148], [65, 74, 0.7390994029466252], [66, 75, 0.9819224304469416], [67, 68, 0.34732330330945793], [67, 76, 0.9105875266737211], [68, 69, 0.04596933974072426], [69, 70, 0.6851009786946802], [69, 78, 0.08997980676286677], [70, 71, 0.10252563138052784], [70, 79, 0.8499297742366364], [26, 35, 0.32853545088469205], [44, 53, 0.7014241303381681], [53, 62, 0.6553708789566784], [71, 80, 0.32975684118125714], [72, 73, 0.455038222473481], [73, 74, 0.22865099021034596], [74, 75, 0.9418160203213027], [75, 76, 0.060774379898731135], [76, 77, 0.8390549484200203], [78, 79, 0.7042471432803207]], "oriented": false, "discover": false, "dist": true, "mode": "map"}