{"pos": [[0, 0], [0, 1], [0, 2], [0, 3], [0, 4], [0, 5], [0, 6], [0, 7], [1, 0], [1, 1], [1, 2], [1, 3], [1, 4], [1, 5], [1, 6], [1, 7], [2, 0], [2, 1], [2, 2], [2, 3], [2, 4], [2, 5], [2, 6], [2, 7], [3, 0], [3, 1], [3, 2], [3, 3], [3, 4], [3, 5], [3, 6], [3, 7], [4, 0], [4, 1], [4, 2], [4, 3], [4, 4], [4, 5], [4, 6], [4, 7], [5, 0], [5, 1], [5, 2], [5, 3], [5, 4], [5, 5], [5, 6], [5, 7], [6, 0], [6, 1], [6, 2], [6, 3], [6, 4], [6, 5], [6, 6], [6, 7], [7, 0], [7, 1], [7, 2], [7, 3], [7, 4], [7, 5], [7, 6], [7, 7]], "edges": [[0, 1, 0.5216320721615223], [0, 8, 0.8444591653755233], [1, 2, 0.1722119518548505], [1, 9, 0.5701869105319558], [2, 3, 0.06541009729045988], [2, 10, 0.06283939883766954], [3, 4, 0.27755315167010775], [3, 11, 0.5222504104862172], [4, 5, 0.5174339293094099], [4, 12, 0.18921709694121713], [5, 6, 0.368361088067368], [5, 13, 0.6458552549133282], [6, 7, 0.40087271665371005], [6, 14, 0.7325445123963897], [8, 9, 0.5876694819565341], [8, 16, 0.9049465538375242], [9, 10, 0.4388455049849662], [9, 17, 0.06365559516033903], [11, 12, 0.7796429954117144], [11, 19, 0.1482998350105691], [12, 13, 0.5717589149615907], [12, 20, 0.8906485108341221], [14, 22, 0.33863374039073635], [17, 18, 0.5988725058312223], [17, 25, 0.48333380645215673], [18, 19, 0.07779387106690949], [19, 20, 0.13989731252143345], [20, 28, 0.5703220833249412], [21, 22, 0.8789729356718059], [21, 29, 0.4843403267974289], [22, 30, 0.43685095343581193], [24, 25, 0.5630295407039141], [24, 32, 0.5179560165874764], [25, 26, 0.24512657097465274], [26, 27, 0.3145178894958044], [26, 34, 0.34779350900300765], [27, 28, 0.7585075866639677], [28, 29, 0.2881319187655711], [28, 36, 0.45511254579186167], [30, 31, 0.841773415550496], [30, 38, 0.650646403578979], [32, 40, 0.17395074428150137], [33, 34, 0.670189152046984], [33, 41, 0.33754436061535176], [34, 35, 0.098309460607226], [34, 42, 0.5813100665230014], [35, 36, 0.3076818068921896], [35, 43, 0.3359122621693089], [36, 44, 0.3516028860124446], [37, 38, 0.9524245964869398], [37, 45, 0.5751307444975771], [38, 39, 0.8641657607223335], [38, 46, 0.4038347433835354], [40, 41, 0.27426617738669246], [40, 48, 0.995086347920948], [41, 42, 0.9778998756681135], [41, 49, 0.04280857830298601], [42, 43, 0.9226179123991147], [43, 44, 0.23286053087188585], [43, 51, 0.7499723071887988], [44, 52, 0.018175635419582226], [46, 47, 0.522002233068178], [46, 54, 0.7883496487909738], [48, 49, 0.49372459377483424], [48, 56, 0.4573570642466961], [49, 57, 0.8424106590359131], [50, 51, 0.7805898262718292], [51, 52, 0.13342796263749335], [51, 59, 0.6373755263267268], [52, 53, 0.12286568975143208], [54, 55, 0.7124957262156725], [7, 15, 0.37773154569042966], [15, 23, 0.022908072101761157], [31, 39, 0.8414144615556025], [47, 55, 0.09542014044043223], [56, 57, 0.17424351331693377], [57, 58, 0.05065876028684835], [59, 60, 0.853715248048649], [60, 61, 0.9085779812565618], [61, 62, 0.4413225205415626], [62, 63, 0.6434131352638905]], "oriented": false, "discover": false, "dist": true, "mode": "map"}