{"pos": [[0, 0], [0, 1], [0, 2], [0, 3], [0, 4], [0, 5], [0, 6], [0, 7], [1, 0], [1, 1], [1, 2], [1, 3], [1, 4], [1, 5], [1, 6], [1, 7], [2, 0], [2, 1], [2, 2], [2, 3], [2, 4], [2, 5], [2, 6], [2, 7], [3, 0], [3, 1], [3, 2], [3, 3], [3, 4], [3, 5], [3, 6], [3, 7], [4, 0], [4, 1], [4, 2], [4, 3], [4, 4], [4, 5], [4, 6], [4, 7], [5, 0], [5, 1], [5, 2], [5, 3], [5, 4], [5, 5], [5, 6], [5, 7], [6, 0], [6, 1], [6, 2], [6, 3], [6, 4], [6, 5], [6, 6], [6, 7], [7, 0], [7, 1], [7, 2], [7, 3], [7, 4], [7, 5], [7, 6], [7, 7]], "edges": [[0, 1, 0.6613065415355021], [0, 8, 0.29840761461210663], [1, 9, 0.445401588493876], [2, 3, 0.35985912583151614], [2, 10, 0.429499299104811], [3, 4, 0.562474643554676], [3, 11, 0.3264367518878979], [5, 6, 0.4930578996729895], [5, 13, 0.5437301872444007], [6, 7, 0.5287144790797857], [6, 14, 0.5970208652120841], [8, 16, 0.4977625242249494], [9, 10, 0.8416606698561023], [9, 17, 0.9071923672952782], [10, 11, 0.46421515247802525], [11, 12, 0.503559820494334], [11, 19, 0.8338850994018121], [12, 13, 0.6404485758110136], [12, 20, 0.655601718290736], [13, 21, 0.4955223689747992], [14, 15, 0.61794752462336], [16, 17, 0.11694691846370542], [16, 24, 0.952899840307097], [17, 25, 0.4879545713425997], [18, 19, 0.05722452410573009], [18, 26, 0.9355780291715073], [19, 20, 0.1280813316842757], [19, 27, 0.30347919793938927], [21, 22, 0.5834713421342804], [21, 29, 0.5733926395858356], [22, 23, 0.9524690840191354], [22, 30, 0.5934312888945752], [25, 33, 0.8287817246203655], [26, 27, 0.5814001911835495], [26, 34, 0.035069403488389495], [27, 28, 0.2028773913429205], [27, 35, 0.03484179784853325], [28, 29, 0.5957853410941184], [29, 30, 0.8180106679147203], [29, 37, 0.2987891091505196], [30, 38, 0.9411518630550358], [32, 33, 0.4922989863636684], [32, 40, 0.5675899727899815], [33, 41, 0.38716543064995734], [34, 35, 0.31520458437443655], [34, 42, 0.5306543779937515], [35, 36, 0.8344618918068128], [36, 37, 0.4309376009739966], [37, 45, 0.3289936069445354], [38, 46, 0.2798614605000699], [40, 48, 0.7006499046755782], [41, 42, 0.7194289698596272], [42, 43, 0.9271618674788199], [42, 50, 0.5558056380692651], [43, 51, 0.2512358769165757], [44, 45, 0.6558785578635441], [44, 52, 0.4397809547972593], [45, 53, 0.8163255836518901], [46, 47, 0.881340088935379], [46, 54, 0.5348631228323925], [48, 56, 0.8643575640445721], [49, 50, 0.20832366932782553], [49, 57, 0.6877654471448138], [50, 58, 0.21345249933252763], [51, 52, 0.3637048518282312], [52, 53, 0.6597531303871998], [52, 60, 0.0873814566298372], [53, 54, 0.1539041028552911], [54, 55, 0.17567466806284904], [7, 15, 0.9273910251690938], [15, 23, 0.5704175231989804], [23, 31, 0.8276908903226348], [31, 39, 0.054405657991272616], [39, 47, 0.7685964041371753], [47, 55, 0.0468598707289829], [55, 63, 0.33415974603910725], [57, 58, 0.46657499426051363], [58, 59, 0.7025708382836402], [59, 60, 0.4943086167078776], [60, 61, 0.14471863535944973], [61, 62, 0.4554794221571603]], "oriented": false, "discover": false, "dist": true, "mode": "map"}