{"pos": [[0, 0], [0, 1], [0, 2], [0, 3], [0, 4], [0, 5], [0, 6], [0, 7], [1, 0], [1, 1], [1, 2], [1, 3], [1, 4], [1, 5], [1, 6], [1, 7], [2, 0], [2, 1], [2, 2], [2, 3], [2, 4], [2, 5], [2, 6], [2, 7], [3, 0], [3, 1], [3, 2], [3, 3], [3, 4], [3, 5], [3, 6], [3, 7], [4, 0], [4, 1], [4, 2], [4, 3], [4, 4], [4, 5], [4, 6], [4, 7], [5, 0], [5, 1], [5, 2], [5, 3], [5, 4], [5, 5], [5, 6], [5, 7], [6, 0], [6, 1], [6, 2], [6, 3], [6, 4], [6, 5], [6, 6], [6, 7], [7, 0], [7, 1], [7, 2], [7, 3], [7, 4], [7, 5], [7, 6], [7, 7]], "edges": [[0, 1, 0.6191645703387992], [0, 8, 0.3394880651335438], [1, 2, 0.6353510690286788], [2, 3, 0.5292771077150477], [2, 10, 0.9324865280843607], [3, 4, 0.1477016665514711], [4, 5, 0.9900700332074074], [5, 6, 0.19596470455300075], [5, 13, 0.1633529633518609], [6, 7, 0.6846485613637151], [6, 14, 0.01703343316867456], [8, 9, 0.0483686938462623], [8, 16, 0.48427988054778137], [9, 17, 0.028613030484795243], [10, 11, 0.218861448987552], [10, 18, 0.32374776068679467], [11, 12, 0.6323790215814193], [12, 13, 0.6519656928789005], [12, 20, 0.0957733274487158], [13, 14, 0.8150490666964865], [13, 21, 0.5899465545518829], [14, 15, 0.399484462645176], [16, 17, 3.737644290424669e-05], [16, 24, 0.4894702962401615], [17, 25, 0.9403979777446194], [18, 19, 0.031702011676923214], [19, 27, 0.00863092846084157], [20, 21, 0.7380381411797742], [21, 22, 0.5604413264202005], [21, 29, 0.6216243324244407], [22, 23, 0.9397445638308437], [24, 25, 0.4855406234621775], [24, 32, 0.1829939565615153], [25, 26, 0.4986557575326379], [26, 27, 0.8491779826308166], [26, 34, 0.6509379186026839], [27, 28, 0.766080815007395], [28, 36, 0.3136585828294717], [29, 30, 0.5109951799699055], [29, 37, 0.46945441641251917], [30, 31, 0.7440996967488657], [30, 38, 0.002584313276627004], [32, 33, 0.38920486947588373], [32, 40, 0.37376678262565177], [34, 35, 0.4191975316984695], [34, 42, 0.1604030899818305], [35, 36, 0.8274022232381251], [36, 37, 0.39460499956728823], [36, 44, 0.8465869581626874], [37, 45, 0.4453836378655568], [38, 46, 0.6817603728621086], [40, 41, 0.006769699839379695], [40, 48, 0.6294372603371567], [41, 49, 0.6366461589936395], [42, 43, 0.06163806498218927], [44, 45, 0.856596307637042], [44, 52, 0.8275427297786971], [45, 53, 0.015465329181676646], [46, 47, 0.5246649019833738], [46, 54, 0.38976260184379574], [48, 56, 0.03830735834391352], [49, 50, 0.18766489200104475], [49, 57, 0.19116240997407952], [50, 51, 0.17750600644440873], [50, 58, 0.19627323525973783], [52, 53, 0.03117903261846644], [53, 54, 0.9321185751250995], [53, 61, 0.24349825016752313], [54, 55, 0.19296904900470824], [54, 62, 0.45568094508315493], [7, 15, 0.6095779097785086], [15, 23, 0.7571437599917961], [23, 31, 0.024455289956338055], [31, 39, 0.924816307332955], [39, 47, 0.893103507956421], [47, 55, 0.8526521758983904], [55, 63, 0.08170313151634656], [57, 58, 0.937858360060177], [58, 59, 0.8957881009873526], [59, 60, 0.33956329988654266], [60, 61, 0.6039524957177355]], "oriented": false, "discover": false, "dist": true, "mode": "map"}