{"pos": [[0, 0], [0, 1], [0, 2], [0, 3], [0, 4], [0, 5], [0, 6], [0, 7], [0, 8], [1, 0], [1, 1], [1, 2], [1, 3], [1, 4], [1, 5], [1, 6], [1, 7], [1, 8], [2, 0], [2, 1], [2, 2], [2, 3], [2, 4], [2, 5], [2, 6], [2, 7], [2, 8], [3, 0], [3, 1], [3, 2], [3, 3], [3, 4], [3, 5], [3, 6], [3, 7], [3, 8], [4, 0], [4, 1], [4, 2], [4, 3], [4, 4], [4, 5], [4, 6], [4, 7], [4, 8], [5, 0], [5, 1], [5, 2], [5, 3], [5, 4], [5, 5], [5, 6], [5, 7], [5, 8], [6, 0], [6, 1], [6, 2], [6, 3], [6, 4], [6, 5], [6, 6], [6, 7], [6, 8], [7, 0], [7, 1], [7, 2], [7, 3], [7, 4], [7, 5], [7, 6], [7, 7], [7, 8], [8, 0], [8, 1], [8, 2], [8, 3], [8, 4], [8, 5], [8, 6], [8, 7], [8, 8]], "edges": [[0, 1, 0.8287570467120166], [0, 9, 0.7553626887865864], [1, 2, 0.5086273486191665], [1, 10, 0.16185945211822084], [2, 3, 0.8882855025436738], [2, 11, 0.0024099428031963965], [3, 4, 0.8525103482907069], [3, 12, 0.03342721341162069], [4, 5, 0.03480943507683609], [4, 13, 0.12202319473409584], [5, 6, 0.4302435050723915], [5, 14, 0.6142533071291832], [6, 7, 0.9923619543277471], [6, 15, 0.5869636426610364], [7, 8, 0.046874684407870126], [7, 16, 0.6750852538716929], [9, 10, 0.30529651135748626], [9, 18, 0.5933913846579861], [10, 19, 0.3980112919480223], [12, 13, 0.14280262641062702], [12, 21, 0.3670635449952293], [13, 22, 0.3103255322920838], [14, 23, 0.04816114006268213], [15, 24, 0.3492894556461801], [16, 17, 0.6643366884068425], [16, 25, 0.0651196688199116], [18, 27, 0.9630710384629033], [19, 20, 0.012241028928881903], [19, 28, 0.14937764863755876], [20, 21, 0.6123144990964804], [22, 23, 0.14561946299537398], [23, 24, 0.1847267839417186], [23, 32, 0.7701633159707744], [24, 25, 0.4464080760854161], [24, 33, 0.8501594031421149], [25, 26, 0.11084442217809498], [25, 34, 0.4467989249096228], [27, 28, 0.03654203087688035], [27, 36, 0.8524026616222911], [28, 29, 0.39294623943395235], [28, 37, 0.632747176951614], [29, 30, 0.5217889398550758], [30, 31, 0.8543341815376952], [30, 39, 0.29483608223359126], [31, 32, 0.5474887119286393], [32, 33, 0.05259877133952651], [32, 41, 0.39298439348443936], [33, 34, 0.8027803397580477], [33, 42, 0.9864477729335198], [34, 35, 0.589877773218301], [36, 45, 0.3205258217039827], [37, 38, 0.8030191122207408], [37, 46, 0.4843615669762129], [38, 47, 0.352020326553232], [40, 41, 0.9446253750044421], [40, 49, 0.2253881215285216], [41, 42, 0.33465135158186055], [41, 50, 0.6563594164201381], [42, 43, 0.09233316722902685], [42, 51, 0.9129586399928525], [45, 54, 0.1695893626220375], [47, 48, 0.17263138579540505], [48, 49, 0.6689522367296973], [48, 57, 0.7188635177320656], [49, 50, 0.10259004325766463], [49, 58, 0.6259665032033982], [50, 51, 0.05707317032312487], [50, 59, 0.44226397288914565], [51, 52, 0.12137687666372854], [51, 60, 0.6159524114923781], [52, 53, 0.9138648378208402], [52, 61, 0.2595651949278115], [54, 55, 0.42710097982210693], [54, 63, 0.42447089845982244], [55, 56, 0.1676183471717545], [56, 65, 0.9409317384684527], [57, 58, 0.6448181490556089], [57, 66, 0.7204096663300691], [58, 59, 0.5186173390464168], [58, 67, 0.06865594350954662], [59, 68, 0.6064429701379118], [60, 69, 0.7652248566800393], [61, 62, 0.4833495724023239], [63, 64, 0.992022518542963], [63, 72, 0.5082470563437224], [64, 65, 0.17029114671219892], [65, 74, 0.17048193258726596], [66, 67, 0.5886840695145135], [66, 75, 0.7422163196650533], [67, 76, 0.9833203850948624], [68, 69, 0.15390310599157486], [68, 77, 0.55187244937627], [69, 70, 0.8067717896944423], [69, 78, 0.8948776443399311], [70, 79, 0.8763159478535563], [35, 44, 0.3379393036815129], [53, 62, 0.2562901046263687], [62, 71, 0.588167895583947], [71, 80, 0.8512488843427326], [72, 73, 0.02648019181453043], [73, 74, 0.5574336574394488], [74, 75, 0.14311236690067386], [75, 76, 0.9924188180501307], [79, 80, 0.9334047766459816]], "oriented": false, "discover": false, "dist": true, "mode": "map"}