{"pos": [[0, 0], [0, 1], [0, 2], [0, 3], [0, 4], [0, 5], [0, 6], [0, 7], [1, 0], [1, 1], [1, 2], [1, 3], [1, 4], [1, 5], [1, 6], [1, 7], [2, 0], [2, 1], [2, 2], [2, 3], [2, 4], [2, 5], [2, 6], [2, 7], [3, 0], [3, 1], [3, 2], [3, 3], [3, 4], [3, 5], [3, 6], [3, 7], [4, 0], [4, 1], [4, 2], [4, 3], [4, 4], [4, 5], [4, 6], [4, 7], [5, 0], [5, 1], [5, 2], [5, 3], [5, 4], [5, 5], [5, 6], [5, 7], [6, 0], [6, 1], [6, 2], [6, 3], [6, 4], [6, 5], [6, 6], [6, 7], [7, 0], [7, 1], [7, 2], [7, 3], [7, 4], [7, 5], [7, 6], [7, 7]], "edges": [[0, 1, 0.48818247218380817], [0, 8, 0.07867319203108347], [1, 2, 0.22844135719186898], [2, 3, 0.7193816523424008], [2, 10, 0.5349873624154616], [3, 4, 0.23252083884360297], [3, 11, 0.01368664186563362], [4, 5, 0.9067922835176728], [4, 12, 0.7554519962433698], [5, 6, 0.4785927500533972], [5, 13, 0.44853543940334806], [6, 7, 0.7499165009002943], [8, 9, 0.09901372244348261], [8, 16, 0.017911302541173346], [9, 10, 0.23520659833889035], [9, 17, 0.48205014805115665], [11, 12, 0.16514137063888223], [11, 19, 0.020057345087732492], [12, 13, 0.13063587470376947], [13, 14, 0.18656714730727675], [13, 21, 0.17138059623591395], [14, 15, 0.47561237352375085], [14, 22, 0.7428228404137539], [16, 17, 0.9573101301967083], [16, 24, 0.2468072960557024], [17, 18, 0.9149210997353224], [17, 25, 0.45726031834156666], [19, 20, 0.31456287912933234], [19, 27, 0.07034580440886462], [20, 28, 0.6424794986356601], [21, 29, 0.8390686183985806], [22, 23, 0.8083598025924066], [22, 30, 0.9297154381686848], [24, 25, 0.36861113616128627], [24, 32, 0.6470923839933087], [25, 26, 0.45456991937860924], [25, 33, 0.6515709408468578], [26, 27, 0.15473687090169175], [26, 34, 0.22921125966258338], [27, 28, 0.8216399614997807], [28, 36, 0.7968605978371709], [29, 30, 0.8073567708097104], [29, 37, 0.42311293150269846], [30, 38, 0.2913882843796777], [32, 33, 0.18129890815657157], [32, 40, 0.42407491770257955], [33, 41, 0.37594335843869364], [34, 35, 0.1463878959352054], [34, 42, 0.4327218089931866], [35, 36, 0.7369564351970473], [35, 43, 0.9086766063706032], [36, 37, 0.09829225091275806], [36, 44, 0.20106539483656893], [38, 46, 0.9745779246347263], [40, 48, 0.14472191581273475], [41, 49, 0.6325685885167174], [42, 43, 0.66538623130167], [42, 50, 0.8027112025393444], [43, 51, 0.23472887845930068], [44, 45, 0.5573581756307366], [44, 52, 0.8433542285909822], [45, 53, 0.188270845393663], [46, 54, 0.315986357218216], [48, 49, 0.0569221411494919], [48, 56, 0.9235754989857988], [49, 50, 0.9662681962762246], [49, 57, 0.7256764408735691], [50, 58, 0.9024044218831225], [51, 59, 0.7537507297432146], [52, 60, 0.11063055245582942], [53, 54, 0.209405153701408], [54, 55, 0.6515633740493331], [54, 62, 0.7167901106448814], [23, 31, 0.5396723547071739], [31, 39, 0.01168157424812033], [39, 47, 0.8652274502843064], [47, 55, 0.590286935147786], [57, 58, 0.09118335892372365], [59, 60, 0.29260816505074594], [61, 62, 0.03360632063533642], [62, 63, 0.5917844807093255]], "oriented": false, "discover": false, "dist": true, "mode": "map"}