{"pos": [[0, 0], [0, 1], [0, 2], [0, 3], [0, 4], [0, 5], [0, 6], [0, 7], [1, 0], [1, 1], [1, 2], [1, 3], [1, 4], [1, 5], [1, 6], [1, 7], [2, 0], [2, 1], [2, 2], [2, 3], [2, 4], [2, 5], [2, 6], [2, 7], [3, 0], [3, 1], [3, 2], [3, 3], [3, 4], [3, 5], [3, 6], [3, 7], [4, 0], [4, 1], [4, 2], [4, 3], [4, 4], [4, 5], [4, 6], [4, 7], [5, 0], [5, 1], [5, 2], [5, 3], [5, 4], [5, 5], [5, 6], [5, 7], [6, 0], [6, 1], [6, 2], [6, 3], [6, 4], [6, 5], [6, 6], [6, 7], [7, 0], [7, 1], [7, 2], [7, 3], [7, 4], [7, 5], [7, 6], [7, 7]], "edges": [[0, 1, 0.5069996492338593], [0, 8, 0.1095344320747883], [2, 10, 0.871300744777379], [3, 11, 0.8792896257691424], [4, 5, 0.570896592713342], [4, 12, 0.9070290593955652], [5, 6, 0.42579296448840664], [5, 13, 0.9985600490443284], [6, 14, 0.2633609173747844], [8, 9, 0.3033648047767149], [8, 16, 0.5327929983823411], [9, 10, 0.42110541133492607], [9, 17, 0.06334002822110618], [10, 11, 0.656970397521341], [11, 12, 0.8010477521607302], [11, 19, 0.8979973042065477], [12, 13, 0.5062846238929014], [12, 20, 0.24291516381933342], [13, 14, 0.43814817632067804], [14, 15, 0.1825061118244531], [16, 24, 0.27768887377567186], [17, 18, 0.6497242876859625], [17, 25, 0.4482257378454081], [18, 19, 0.18905477013393102], [18, 26, 0.3333397129184388], [20, 21, 0.07266787702659483], [20, 28, 0.09836438784004709], [21, 22, 0.7709666181909282], [22, 23, 0.1562887684308094], [22, 30, 0.9844304435975341], [24, 25, 0.7908657554204255], [24, 32, 0.3569057843568223], [25, 26, 0.374393470078631], [26, 27, 0.9250020824389665], [27, 35, 0.3826727269658835], [28, 29, 0.38841444519024493], [28, 36, 0.6951403172066346], [29, 30, 0.15010589153313014], [30, 31, 0.6075510663253172], [32, 33, 0.09565087124551264], [32, 40, 0.35945647971523464], [33, 34, 0.35376833820229636], [33, 41, 0.7524807652878619], [34, 35, 0.7503103144243773], [35, 43, 0.5271300318181213], [36, 37, 0.6378657512128109], [36, 44, 0.3527359472422614], [37, 38, 0.9231720323465806], [37, 45, 0.015436203018960648], [38, 39, 0.25382459383781164], [40, 41, 0.9066370911640098], [40, 48, 0.9532503154318358], [41, 42, 0.22184553694512177], [41, 49, 0.4664444303269476], [42, 43, 0.9057258736715224], [42, 50, 0.010439329188697832], [43, 44, 0.0753511166819899], [43, 51, 0.28588016774000513], [44, 52, 0.7604792516424739], [45, 46, 0.19508396858036592], [45, 53, 0.6722737056922894], [48, 56, 0.5414558257663626], [49, 57, 0.9516710350950984], [50, 58, 0.4383652039813094], [51, 52, 0.6493352258884466], [51, 59, 0.8734633847351988], [52, 53, 0.3847329014894927], [52, 60, 0.3351813719787322], [53, 54, 0.9379094837267822], [53, 61, 0.05448293823528905], [54, 55, 0.013068462826446803], [54, 62, 0.6194606092709751], [7, 15, 0.6553237630222052], [31, 39, 0.9934783437068462], [39, 47, 0.9287368843158857], [47, 55, 0.19859569628116458], [55, 63, 0.997354147780878], [56, 57, 0.6612464850467357], [58, 59, 0.9400938240980186], [61, 62, 0.44098573057366397], [62, 63, 0.49809325088738143]], "oriented": false, "discover": false, "dist": true, "mode": "map"}