{"pos": [[0, 0], [0, 1], [0, 2], [0, 3], [0, 4], [0, 5], [0, 6], [0, 7], [1, 0], [1, 1], [1, 2], [1, 3], [1, 4], [1, 5], [1, 6], [1, 7], [2, 0], [2, 1], [2, 2], [2, 3], [2, 4], [2, 5], [2, 6], [2, 7], [3, 0], [3, 1], [3, 2], [3, 3], [3, 4], [3, 5], [3, 6], [3, 7], [4, 0], [4, 1], [4, 2], [4, 3], [4, 4], [4, 5], [4, 6], [4, 7], [5, 0], [5, 1], [5, 2], [5, 3], [5, 4], [5, 5], [5, 6], [5, 7], [6, 0], [6, 1], [6, 2], [6, 3], [6, 4], [6, 5], [6, 6], [6, 7], [7, 0], [7, 1], [7, 2], [7, 3], [7, 4], [7, 5], [7, 6], [7, 7]], "edges": [[0, 1, 0.3201610154067738], [0, 8, 0.6322459545700848], [1, 2, 0.5720196825284388], [1, 9, 0.49104954577224125], [2, 3, 0.3448448298122764], [2, 10, 0.7807152875230003], [3, 4, 0.9269606443538472], [3, 11, 0.12961298386508158], [4, 5, 0.1864055928278049], [4, 12, 0.047547477821966], [5, 6, 0.6951864592309476], [6, 7, 0.25604881110900735], [8, 9, 0.790743637188415], [8, 16, 0.31645843990582057], [9, 17, 0.33983941333186407], [10, 11, 0.21828458852875376], [10, 18, 0.732383911075412], [11, 12, 0.2565702399407619], [11, 19, 0.35561727328944504], [12, 13, 0.7940830283003973], [12, 20, 0.5882430886462793], [13, 14, 0.8940799501531598], [13, 21, 0.6309939497402537], [14, 22, 0.09726821091619209], [17, 25, 0.30616679751118825], [18, 19, 0.9865423492486504], [19, 20, 0.5540979271694436], [19, 27, 0.07914607337069834], [21, 22, 0.47605422750661486], [21, 29, 0.3435291040636802], [22, 30, 0.1635875170679224], [24, 25, 0.5029658693039262], [25, 26, 0.17244398159370944], [25, 33, 0.8460253872921756], [26, 27, 0.5519504697320791], [26, 34, 0.43311763043134666], [27, 28, 0.2678813384401909], [27, 35, 0.5298485389729726], [28, 29, 0.40109386168980987], [29, 30, 0.4915347290027706], [29, 37, 0.8525749429669854], [30, 31, 0.16228830374899983], [32, 33, 0.29676124076155685], [32, 40, 0.7373168271130738], [33, 34, 0.5771703533907622], [33, 41, 0.0009653896227743708], [34, 42, 0.6374194733691816], [35, 36, 0.20523461795687958], [36, 44, 0.2859769545605494], [37, 45, 0.8892332402370526], [38, 39, 0.27777656013535523], [38, 46, 0.36060772220513626], [40, 41, 0.85591527116435], [41, 49, 0.38514304902777596], [42, 43, 0.8392318006679312], [42, 50, 0.1389816566333827], [43, 44, 0.46740669286378045], [43, 51, 0.5976149378309016], [44, 45, 0.25268765155844586], [45, 46, 0.39247836792760904], [45, 53, 0.09509633894335123], [46, 47, 0.2841039838478234], [48, 49, 0.3627837979143481], [49, 57, 0.2844784480517123], [51, 59, 0.0031787414879664855], [52, 53, 0.8962611562968686], [53, 54, 0.9289832345897272], [53, 61, 0.4207416866388092], [54, 62, 0.31498154248789], [7, 15, 0.7384772140143815], [15, 23, 0.04589093553964341], [31, 39, 0.6163768549127405], [39, 47, 0.3214633172846152], [47, 55, 0.42045479642106887], [55, 63, 0.4981152625708254], [56, 57, 0.9486698038390627], [57, 58, 0.7467557575788406], [58, 59, 0.2076291601792042], [59, 60, 0.9923193269396978], [61, 62, 0.7972366528322002], [62, 63, 0.036850053814997286]], "oriented": false, "discover": false, "dist": true, "mode": "map"}