{"pos": [[0, 0], [0, 1], [0, 2], [0, 3], [0, 4], [0, 5], [0, 6], [0, 7], [1, 0], [1, 1], [1, 2], [1, 3], [1, 4], [1, 5], [1, 6], [1, 7], [2, 0], [2, 1], [2, 2], [2, 3], [2, 4], [2, 5], [2, 6], [2, 7], [3, 0], [3, 1], [3, 2], [3, 3], [3, 4], [3, 5], [3, 6], [3, 7], [4, 0], [4, 1], [4, 2], [4, 3], [4, 4], [4, 5], [4, 6], [4, 7], [5, 0], [5, 1], [5, 2], [5, 3], [5, 4], [5, 5], [5, 6], [5, 7], [6, 0], [6, 1], [6, 2], [6, 3], [6, 4], [6, 5], [6, 6], [6, 7], [7, 0], [7, 1], [7, 2], [7, 3], [7, 4], [7, 5], [7, 6], [7, 7]], "edges": [[0, 1, 0.13407979785497326], [0, 8, 0.35779589498190234], [1, 2, 0.9999014573750916], [2, 3, 0.7120826589207497], [2, 10, 0.794187878635149], [3, 4, 0.775778144547058], [3, 11, 0.8396973067718381], [4, 5, 0.8555908969188504], [4, 12, 0.4133648589683705], [5, 6, 0.7481707900602719], [5, 13, 0.7505485565262725], [6, 7, 0.8634971686912233], [6, 14, 0.4888733798095122], [8, 16, 0.5176444999417759], [9, 10, 0.33957497788796676], [9, 17, 0.9430280879839235], [10, 18, 0.2416270859899755], [11, 12, 0.7475583658974828], [12, 20, 0.6304527461743875], [14, 15, 0.9924986553814822], [16, 17, 0.2177286014446771], [16, 24, 0.34810816877313544], [17, 18, 0.3763448177298747], [18, 19, 0.6223612931526245], [18, 26, 0.9115591996723468], [19, 27, 0.51975833041761], [20, 21, 0.1450292104732117], [20, 28, 0.29012189720589254], [21, 22, 0.6185837181631153], [21, 29, 0.7203677668273], [22, 23, 0.8619891379752516], [24, 32, 0.09094323116649261], [25, 33, 0.9991339478407794], [26, 27, 0.6706047996511759], [26, 34, 0.3897969414924026], [27, 28, 0.7135049958548536], [27, 35, 0.6029587540288343], [28, 29, 0.8236035752546611], [29, 30, 0.5770416038093036], [29, 37, 0.8285130612539582], [30, 31, 0.866031630087785], [32, 33, 0.34801539964640293], [32, 40, 0.23832944344836615], [33, 34, 0.011102464222273012], [34, 42, 0.08633370001076779], [35, 43, 0.009998781358569575], [36, 37, 0.5546015181347543], [37, 38, 0.12546920556386942], [37, 45, 0.1543565046083123], [38, 46, 0.5754611490367526], [40, 41, 0.7513097093143526], [40, 48, 0.4306452752596578], [41, 49, 0.04943022015231824], [42, 50, 0.3515451811456769], [43, 44, 0.5235550824496363], [43, 51, 0.47669278624310785], [45, 46, 0.5678751442505525], [45, 53, 0.7706992000627532], [46, 47, 0.4330826171023274], [46, 54, 0.1956267204471801], [48, 49, 0.2010063557909112], [48, 56, 0.509769341237253], [49, 50, 0.12310150323349789], [50, 58, 0.28752949968715436], [51, 52, 0.2829996766524806], [51, 59, 0.8142682882584223], [52, 53, 0.1509339929573955], [52, 60, 0.048699046288197434], [53, 54, 0.5848367681692392], [53, 61, 0.0739899384272994], [54, 55, 0.1482245483783281], [54, 62, 0.5982957938074289], [7, 15, 0.6423570627132997], [15, 23, 0.4181521964898899], [31, 39, 0.6390900665834134], [47, 55, 0.5640739780033125], [56, 57, 0.5136554822088164], [59, 60, 0.7615282126957572], [60, 61, 0.9617703441529584], [61, 62, 0.6583655216341192], [62, 63, 0.7929724417624459]], "oriented": false, "discover": false, "dist": true, "mode": "map"}