{"pos": [[0, 0], [0, 1], [0, 2], [0, 3], [0, 4], [0, 5], [0, 6], [0, 7], [1, 0], [1, 1], [1, 2], [1, 3], [1, 4], [1, 5], [1, 6], [1, 7], [2, 0], [2, 1], [2, 2], [2, 3], [2, 4], [2, 5], [2, 6], [2, 7], [3, 0], [3, 1], [3, 2], [3, 3], [3, 4], [3, 5], [3, 6], [3, 7], [4, 0], [4, 1], [4, 2], [4, 3], [4, 4], [4, 5], [4, 6], [4, 7], [5, 0], [5, 1], [5, 2], [5, 3], [5, 4], [5, 5], [5, 6], [5, 7], [6, 0], [6, 1], [6, 2], [6, 3], [6, 4], [6, 5], [6, 6], [6, 7], [7, 0], [7, 1], [7, 2], [7, 3], [7, 4], [7, 5], [7, 6], [7, 7]], "edges": [[0, 1, 0.6861815686078492], [0, 8, 0.18875607889637103], [1, 2, 0.8205858652384083], [1, 9, 0.2706392687185024], [2, 3, 0.9215709686420479], [2, 10, 0.4346670505387219], [3, 4, 0.6997663654535208], [3, 11, 0.724832264021826], [4, 5, 0.5016740839168055], [4, 12, 0.06422979412538143], [5, 6, 0.8451826399887084], [5, 13, 0.08368358877057624], [6, 7, 0.24052014035853386], [6, 14, 0.9893222156740512], [8, 16, 0.470399502104648], [9, 17, 0.030219620307598616], [10, 18, 0.17247506919619082], [12, 13, 0.35810815959045983], [13, 14, 0.9529526452261782], [13, 21, 0.025045586082059645], [14, 15, 0.6920389190771342], [14, 22, 0.22024076050664276], [16, 17, 0.9154163634966895], [16, 24, 0.3172254601153698], [17, 18, 0.6753982850538438], [17, 25, 0.2717042129711611], [18, 19, 0.8044247543997549], [18, 26, 0.6742857458227757], [19, 20, 0.7835141218337007], [19, 27, 0.031264681895693425], [20, 28, 0.36233600667519306], [21, 29, 0.14682307547290196], [22, 30, 0.7119547423350964], [24, 32, 0.69751752107814], [25, 33, 0.21523711904392162], [26, 27, 0.2861728713457643], [26, 34, 0.5804293573753001], [27, 28, 0.8003500368784754], [28, 29, 0.3910750917181437], [28, 36, 0.29617684914582143], [29, 30, 0.4525045188583332], [29, 37, 0.0600335900565544], [30, 31, 0.06721822261759502], [30, 38, 0.5974442195661579], [32, 40, 0.8782418019647327], [33, 41, 0.44577496151245577], [34, 35, 0.025036666221579185], [34, 42, 0.19098419459422356], [35, 36, 0.32000766098792466], [35, 43, 0.8157690307272337], [36, 37, 0.04454690101017833], [36, 44, 0.11272836161813982], [37, 45, 0.27100527400651975], [40, 48, 0.8832018360769381], [41, 49, 0.07160229181446487], [42, 43, 0.927972012821689], [42, 50, 0.6286414977934017], [44, 52, 0.29249865246758766], [45, 46, 0.8992548948384491], [45, 53, 0.7551061030668069], [46, 54, 0.06003829340401268], [48, 56, 0.10970660487419093], [49, 50, 0.9984625345758037], [49, 57, 0.9724626140310998], [50, 51, 0.3679404870561871], [50, 58, 0.3383511594028258], [51, 52, 0.22103440394975804], [51, 59, 0.10520772130890366], [52, 53, 0.2506953932058612], [52, 60, 0.35228163335038754], [54, 55, 0.049482429680830387], [54, 62, 0.8706410646685423], [15, 23, 0.726506076761671], [23, 31, 0.32544713203894293], [31, 39, 0.8032354698859892], [39, 47, 0.3723838616362255], [47, 55, 0.6487489577274236], [55, 63, 0.771649747512591], [59, 60, 0.629136458325332], [60, 61, 0.013520262093340896], [61, 62, 0.5387038871649383]], "oriented": false, "discover": false, "dist": true, "mode": "map"}