{"pos": [[0, 0], [0, 1], [0, 2], [0, 3], [0, 4], [0, 5], [0, 6], [0, 7], [1, 0], [1, 1], [1, 2], [1, 3], [1, 4], [1, 5], [1, 6], [1, 7], [2, 0], [2, 1], [2, 2], [2, 3], [2, 4], [2, 5], [2, 6], [2, 7], [3, 0], [3, 1], [3, 2], [3, 3], [3, 4], [3, 5], [3, 6], [3, 7], [4, 0], [4, 1], [4, 2], [4, 3], [4, 4], [4, 5], [4, 6], [4, 7], [5, 0], [5, 1], [5, 2], [5, 3], [5, 4], [5, 5], [5, 6], [5, 7], [6, 0], [6, 1], [6, 2], [6, 3], [6, 4], [6, 5], [6, 6], [6, 7], [7, 0], [7, 1], [7, 2], [7, 3], [7, 4], [7, 5], [7, 6], [7, 7]], "edges": [[0, 1, 0.8891677298380735], [1, 2, 0.8566157247944789], [1, 9, 0.2933339033740546], [2, 3, 0.7600995014757203], [2, 10, 0.37866164705432515], [3, 4, 0.5133802546744513], [4, 5, 0.7784040878205714], [4, 12, 0.789542515234291], [5, 6, 0.2680444710006312], [5, 13, 0.7245851647531265], [6, 7, 0.46334593627247833], [6, 14, 0.5369064246184756], [8, 9, 0.17910800961606177], [8, 16, 0.15062214371127347], [9, 17, 0.8449050259695782], [10, 11, 0.5743890943266069], [10, 18, 0.5300530153923749], [13, 21, 0.09049262155407589], [14, 15, 0.7927664971221973], [14, 22, 0.014995915920995806], [17, 25, 0.6857131163473227], [18, 19, 0.5958123408623299], [18, 26, 0.940877964436106], [19, 20, 0.8185113095714787], [20, 28, 0.2554201179475547], [21, 22, 0.17669599943729264], [22, 23, 0.7500802946079898], [22, 30, 0.5391858687027345], [24, 25, 0.9704925060201062], [24, 32, 0.6736255499484359], [25, 26, 0.3928820994507951], [25, 33, 0.45382936174433286], [26, 27, 0.8493560614771597], [26, 34, 0.20829569649852486], [28, 29, 0.06880168706112155], [28, 36, 0.11497460359854195], [29, 30, 0.9526111073528021], [30, 31, 0.9616146815404348], [30, 38, 0.8450084811380582], [32, 33, 0.6588301926477845], [32, 40, 0.17259303309795182], [33, 41, 0.504939461343289], [34, 42, 0.5357184783340857], [35, 36, 0.38804680233029665], [36, 37, 0.07695655813888869], [36, 44, 0.49376974656640127], [37, 45, 0.03155013258808037], [38, 39, 0.506447189935621], [38, 46, 0.8313423548619154], [40, 41, 0.31557101216796835], [41, 42, 0.12124383561408703], [41, 49, 0.2689315778800301], [42, 50, 0.5212562413666599], [43, 44, 0.9439717977170635], [44, 45, 0.4461708105580553], [44, 52, 0.9048386104472564], [45, 46, 0.013780314669060378], [45, 53, 0.14734937285324412], [46, 47, 0.91734690513878], [46, 54, 0.3182915549801074], [48, 49, 0.1472615987726782], [49, 50, 0.7399026494220976], [49, 57, 0.032720554588140716], [50, 51, 0.9902195999323048], [50, 58, 0.6870578152885471], [51, 52, 0.9868794593657756], [52, 60, 0.11236147653558737], [53, 54, 0.8209728055810471], [53, 61, 0.31935352279443496], [54, 62, 0.22051837939454355], [7, 15, 0.6459750620272235], [23, 31, 0.7684203816315854], [31, 39, 0.7569877673483565], [39, 47, 0.6632833576600059], [47, 55, 0.2751966476646198], [55, 63, 0.4207556671996844], [56, 57, 0.8115587972765897], [58, 59, 0.6148668819046096], [59, 60, 0.6302794004180732], [60, 61, 0.6574815474378489], [62, 63, 0.7019226368333025]], "oriented": false, "discover": false, "dist": true, "mode": "map"}