{"pos": [[0, 0], [0, 1], [0, 2], [0, 3], [0, 4], [0, 5], [0, 6], [0, 7], [1, 0], [1, 1], [1, 2], [1, 3], [1, 4], [1, 5], [1, 6], [1, 7], [2, 0], [2, 1], [2, 2], [2, 3], [2, 4], [2, 5], [2, 6], [2, 7], [3, 0], [3, 1], [3, 2], [3, 3], [3, 4], [3, 5], [3, 6], [3, 7], [4, 0], [4, 1], [4, 2], [4, 3], [4, 4], [4, 5], [4, 6], [4, 7], [5, 0], [5, 1], [5, 2], [5, 3], [5, 4], [5, 5], [5, 6], [5, 7], [6, 0], [6, 1], [6, 2], [6, 3], [6, 4], [6, 5], [6, 6], [6, 7], [7, 0], [7, 1], [7, 2], [7, 3], [7, 4], [7, 5], [7, 6], [7, 7]], "edges": [[0, 1, 0.975635220278635], [0, 8, 0.20906612218825182], [1, 2, 0.7683067782410153], [1, 9, 0.31899298906185414], [2, 3, 0.9849622243423192], [3, 4, 0.5330650819018913], [4, 5, 0.4613626708361638], [4, 12, 0.6115995640542681], [5, 6, 0.4132700080451003], [5, 13, 0.23203462123382057], [6, 7, 0.2580453739063343], [6, 14, 0.044525900242988525], [8, 9, 0.8415618364325955], [8, 16, 0.4580286695161162], [9, 10, 0.7015685575645758], [9, 17, 0.7868819815129973], [10, 11, 0.7631730926096135], [11, 19, 0.18480754776099972], [12, 13, 0.22972941472912467], [12, 20, 0.1802264520550675], [13, 21, 0.3948707806641433], [14, 15, 0.7524866797803621], [16, 24, 0.7791957175596026], [17, 18, 0.49648657338716395], [17, 25, 0.2266291077056396], [18, 26, 0.6612962654915762], [20, 28, 0.402896836303013], [21, 22, 0.31035760972205206], [21, 29, 0.24058149691043107], [22, 23, 0.8104111965120017], [24, 25, 0.562014847702176], [24, 32, 0.27083847363878055], [25, 26, 0.7130789450506795], [25, 33, 0.7854972013139313], [26, 27, 0.508686861877407], [28, 29, 0.97603617611598], [28, 36, 0.34404248276615246], [29, 30, 0.37934577830615146], [29, 37, 0.35906553612341685], [33, 34, 0.31495156677314495], [33, 41, 0.09033912596591398], [34, 35, 0.9584776010682805], [34, 42, 0.21082726982318434], [35, 36, 0.5159553008539131], [35, 43, 0.5469521472850142], [36, 37, 0.5906982139477756], [36, 44, 0.015174796995856554], [37, 38, 0.6882645479864525], [37, 45, 0.7859505629124333], [38, 39, 0.5586006838995554], [40, 41, 0.9853721515199311], [40, 48, 0.4014143183509217], [41, 42, 0.5857852389760732], [41, 49, 0.1614823278520514], [42, 50, 0.7603306159600465], [43, 44, 0.6997961926363437], [44, 45, 0.21014090585640333], [45, 46, 0.926658618352688], [45, 53, 0.1711452048431097], [48, 49, 0.07322695923442823], [48, 56, 0.31536174141969997], [49, 50, 0.30158113557144417], [49, 57, 0.3521235459969311], [50, 51, 0.6574421084244425], [51, 52, 0.9674803957534779], [51, 59, 0.8478732641708309], [52, 53, 0.025126177056797094], [52, 60, 0.044508674509543544], [53, 54, 0.8254977762806018], [53, 61, 0.02745664838419959], [54, 55, 0.23355910393778556], [7, 15, 0.5666950789216213], [15, 23, 0.9009366982972264], [23, 31, 0.521752154825614], [31, 39, 0.6488782118348336], [39, 47, 0.6382756989151871], [47, 55, 0.5986931538482009], [57, 58, 0.9840175955512954], [60, 61, 0.5802816944849983], [61, 62, 0.7370629093778815], [62, 63, 0.3092652723544258]], "oriented": false, "discover": false, "dist": true, "mode": "map"}