{"pos": [[0, 0], [0, 1], [0, 2], [0, 3], [0, 4], [0, 5], [0, 6], [0, 7], [1, 0], [1, 1], [1, 2], [1, 3], [1, 4], [1, 5], [1, 6], [1, 7], [2, 0], [2, 1], [2, 2], [2, 3], [2, 4], [2, 5], [2, 6], [2, 7], [3, 0], [3, 1], [3, 2], [3, 3], [3, 4], [3, 5], [3, 6], [3, 7], [4, 0], [4, 1], [4, 2], [4, 3], [4, 4], [4, 5], [4, 6], [4, 7], [5, 0], [5, 1], [5, 2], [5, 3], [5, 4], [5, 5], [5, 6], [5, 7], [6, 0], [6, 1], [6, 2], [6, 3], [6, 4], [6, 5], [6, 6], [6, 7], [7, 0], [7, 1], [7, 2], [7, 3], [7, 4], [7, 5], [7, 6], [7, 7]], "edges": [[0, 1, 0.06087714537736988], [0, 8, 0.6471471469443615], [2, 10, 0.7594525048970387], [3, 4, 0.45228541155168056], [3, 11, 0.5764615350789887], [4, 5, 0.802505044977197], [4, 12, 0.6117846672962566], [5, 13, 0.5988523890848503], [6, 7, 0.691940263254745], [6, 14, 0.24101528384284943], [8, 9, 0.25127539072497307], [8, 16, 0.025365399391676147], [9, 10, 0.7865094644853928], [10, 11, 0.5548587309742116], [10, 18, 0.3888460686193218], [12, 13, 0.4540469301172726], [12, 20, 0.21476343999803282], [13, 14, 0.5774516226001448], [13, 21, 0.3848810121372489], [14, 15, 0.912854827675951], [14, 22, 0.8539704127151115], [16, 17, 0.5226897308640714], [16, 24, 0.1570419608277691], [17, 18, 0.5696509949018662], [17, 25, 0.6168891363486516], [18, 19, 0.1653188464134645], [18, 26, 0.6679114681556977], [19, 20, 0.7306058549927286], [20, 21, 0.7747151030899904], [20, 28, 0.14614560550562872], [21, 22, 0.06427062668736028], [21, 29, 0.40545021557118643], [22, 23, 0.8816794225471861], [22, 30, 0.5424320935210962], [25, 33, 0.7467650795335073], [26, 27, 0.47619151104955804], [26, 34, 0.15423272658040077], [27, 28, 0.8088248382012726], [29, 37, 0.3375256810632836], [30, 31, 0.13858573095101712], [30, 38, 0.269266142610613], [32, 33, 0.03654233497939763], [32, 40, 0.5491864871358977], [33, 41, 0.5502155245118145], [34, 35, 0.6964459677885405], [35, 36, 0.8354692282857704], [35, 43, 0.785933658637395], [36, 37, 0.8004206832633985], [37, 45, 0.08195637136619549], [38, 39, 0.16898048159377], [38, 46, 0.11157866964453411], [40, 48, 0.22372068538194512], [41, 42, 0.8204809391024606], [41, 49, 0.6019247074848764], [42, 43, 0.6698669968856494], [42, 50, 0.3395019670030228], [43, 44, 0.2461268402624035], [43, 51, 0.5171987984487139], [44, 45, 0.35913062132088414], [44, 52, 0.6744551004420524], [45, 53, 0.6976334686108959], [46, 54, 0.791942314008901], [48, 49, 0.8235439195486731], [49, 50, 0.41381343437163587], [49, 57, 0.7432387122571447], [50, 51, 0.12098828935060846], [51, 52, 0.38043136971318736], [51, 59, 0.927463158512776], [52, 53, 0.704856700470341], [52, 60, 0.2263156772600332], [53, 61, 0.8194177836994959], [54, 55, 0.4824201318295802], [54, 62, 0.2984207782543533], [31, 39, 0.8703356447928754], [39, 47, 0.6725609613461306], [55, 63, 0.36097043977967247], [56, 57, 0.6179012975104773], [57, 58, 0.9126967239806388], [60, 61, 0.37440801530233647], [61, 62, 0.1722668909316507], [62, 63, 0.2224962550746722]], "oriented": false, "discover": false, "dist": true, "mode": "map"}