{"pos": [[0, 0], [0, 1], [0, 2], [0, 3], [0, 4], [0, 5], [0, 6], [0, 7], [1, 0], [1, 1], [1, 2], [1, 3], [1, 4], [1, 5], [1, 6], [1, 7], [2, 0], [2, 1], [2, 2], [2, 3], [2, 4], [2, 5], [2, 6], [2, 7], [3, 0], [3, 1], [3, 2], [3, 3], [3, 4], [3, 5], [3, 6], [3, 7], [4, 0], [4, 1], [4, 2], [4, 3], [4, 4], [4, 5], [4, 6], [4, 7], [5, 0], [5, 1], [5, 2], [5, 3], [5, 4], [5, 5], [5, 6], [5, 7], [6, 0], [6, 1], [6, 2], [6, 3], [6, 4], [6, 5], [6, 6], [6, 7], [7, 0], [7, 1], [7, 2], [7, 3], [7, 4], [7, 5], [7, 6], [7, 7]], "edges": [[0, 1, 0.8119848189460523], [0, 8, 0.31774360320277917], [1, 2, 0.22039178920795444], [1, 9, 0.38858524641831627], [2, 3, 0.8196654793659964], [2, 10, 0.8724227256990138], [3, 4, 0.8054848464336868], [3, 11, 0.6087874583672994], [4, 5, 0.5461809065893967], [4, 12, 0.9206686051637833], [5, 6, 0.8069724025035836], [6, 7, 0.6625368114387877], [6, 14, 0.8817509127109978], [8, 16, 0.41423398019939406], [9, 10, 0.4604729660232302], [11, 12, 0.6120019715669623], [11, 19, 0.09546178383207948], [12, 13, 0.8010022549435591], [13, 14, 0.6794858807133913], [13, 21, 0.4166319403514176], [14, 15, 0.4476272694661092], [14, 22, 0.25412021116862527], [16, 17, 0.4050972523920451], [16, 24, 0.388179354148646], [17, 18, 0.5312201630469158], [17, 25, 0.21569147238139186], [19, 20, 0.39005324284419374], [19, 27, 0.020117364772898938], [20, 28, 0.945940530382545], [21, 22, 0.21105334148332033], [22, 23, 0.8759317254138963], [22, 30, 0.5532768623565106], [24, 32, 0.36658817304387215], [25, 26, 0.3516631634911698], [26, 27, 0.7061366198613191], [26, 34, 0.27287788000896107], [27, 35, 0.5538520631712308], [28, 29, 0.9903112048958826], [29, 30, 0.5407545695989877], [29, 37, 0.14738580977783444], [30, 31, 0.08296569251864327], [32, 33, 0.8916021759364089], [32, 40, 0.5357837576616951], [33, 34, 0.41829016674306296], [33, 41, 0.9239502454170209], [35, 36, 0.6358718602843995], [35, 43, 0.7868551591458588], [36, 44, 0.2979228615946755], [37, 38, 0.500483889077549], [38, 39, 0.3467231776129488], [38, 46, 0.5260463134276944], [40, 41, 0.07402333861036181], [40, 48, 0.5663979696329392], [41, 42, 0.2093534866038952], [41, 49, 0.10204898293410425], [43, 51, 0.2118449443715933], [44, 45, 0.6911890608131207], [45, 46, 0.8145830905069394], [46, 54, 0.08538271454397883], [48, 49, 0.7353026301206375], [48, 56, 0.552779915356752], [49, 50, 0.32351355396564185], [50, 58, 0.7729877205773582], [51, 52, 0.1033695540299916], [51, 59, 0.4156054625498282], [52, 53, 0.7786144111601214], [53, 54, 0.9978070128860809], [53, 61, 0.5140695011723693], [54, 55, 0.7022428153862185], [15, 23, 0.33832434563098557], [23, 31, 0.175095834305675], [31, 39, 0.8178009739941814], [39, 47, 0.5692878532769522], [47, 55, 0.8855244323524688], [55, 63, 0.6193981630004727], [56, 57, 0.7556510720402141], [58, 59, 0.6863913753672817], [59, 60, 0.2234929625552332], [60, 61, 0.6200267313147954], [61, 62, 0.4037324318464316], [62, 63, 0.3329005993179255]], "oriented": false, "discover": false, "dist": true, "mode": "map"}