{"pos": [[0, 0], [0, 1], [0, 2], [0, 3], [0, 4], [0, 5], [0, 6], [0, 7], [1, 0], [1, 1], [1, 2], [1, 3], [1, 4], [1, 5], [1, 6], [1, 7], [2, 0], [2, 1], [2, 2], [2, 3], [2, 4], [2, 5], [2, 6], [2, 7], [3, 0], [3, 1], [3, 2], [3, 3], [3, 4], [3, 5], [3, 6], [3, 7], [4, 0], [4, 1], [4, 2], [4, 3], [4, 4], [4, 5], [4, 6], [4, 7], [5, 0], [5, 1], [5, 2], [5, 3], [5, 4], [5, 5], [5, 6], [5, 7], [6, 0], [6, 1], [6, 2], [6, 3], [6, 4], [6, 5], [6, 6], [6, 7], [7, 0], [7, 1], [7, 2], [7, 3], [7, 4], [7, 5], [7, 6], [7, 7]], "edges": [[0, 1, 0.3642951901057411], [0, 8, 0.9257938649809018], [1, 2, 0.8968273444065152], [1, 9, 0.14369585760029102], [2, 3, 0.2886076204622623], [3, 4, 0.5866737620975737], [3, 11, 0.16242246277107675], [4, 5, 0.2816126493223251], [5, 6, 0.14430179803769239], [5, 13, 0.7409244905518744], [6, 7, 0.24053279462668897], [8, 9, 0.4023046596787362], [8, 16, 0.17121620736358867], [9, 10, 0.44218097959389135], [9, 17, 0.9110205873230764], [10, 11, 0.4968611845950599], [10, 18, 0.4567687966266827], [11, 12, 0.06901467306622844], [11, 19, 0.24097334560638084], [12, 13, 0.6415666268029897], [12, 20, 0.2316484032177799], [13, 14, 0.9970413481483802], [13, 21, 0.044383422967809616], [14, 15, 0.6403525442330542], [14, 22, 0.7866066313993717], [16, 17, 0.08021386847275902], [16, 24, 0.8188723660844038], [17, 25, 0.7201066727473825], [18, 26, 0.8179800442956667], [19, 20, 0.3800242529416705], [19, 27, 0.9709745770787799], [20, 21, 0.9579805932973502], [20, 28, 0.7803402482590358], [21, 22, 0.5913103767823679], [22, 23, 0.09429802288918299], [24, 32, 0.44383045528183285], [25, 33, 0.3636840838658504], [26, 27, 0.03227894023036926], [27, 35, 0.5535924350544554], [28, 29, 0.3294843407754635], [28, 36, 0.9161136205909048], [29, 30, 0.4793616377202963], [29, 37, 0.5544651992261236], [30, 31, 0.7646500520129498], [30, 38, 0.4355728425611055], [32, 33, 0.07455276482496531], [33, 34, 0.2472660056739101], [33, 41, 0.9167900317675717], [34, 35, 0.23642380000122598], [36, 44, 0.09790932068342839], [37, 45, 0.45719731366565863], [38, 46, 0.26575233315854463], [40, 41, 0.25844453371490783], [41, 42, 0.25469502898679486], [41, 49, 0.9247599374950555], [42, 43, 0.24411498556950217], [42, 50, 0.5715743708093295], [44, 45, 0.352594729700783], [44, 52, 0.4093834871615465], [45, 53, 0.10736200934793283], [46, 54, 0.02238970759433978], [48, 49, 0.7984997472472694], [48, 56, 0.03541969717592808], [49, 50, 0.08039775789385795], [49, 57, 0.6624812560825237], [50, 51, 0.7058053604653884], [50, 58, 0.8971401542790444], [51, 59, 0.7720520190000618], [52, 53, 0.7504487554571445], [52, 60, 0.7385776246347238], [54, 55, 0.1529919920720626], [23, 31, 0.08566722561353146], [31, 39, 0.5201494293289692], [39, 47, 0.4341723585404601], [56, 57, 0.43959428086383623], [57, 58, 0.8493606834490458], [58, 59, 0.8840933692712317], [59, 60, 0.11067912477870534], [60, 61, 0.580470569132014], [61, 62, 0.28089773483836966], [62, 63, 0.3596375420643909]], "oriented": false, "discover": false, "dist": true, "mode": "map"}