{"pos": [[0, 0], [0, 1], [0, 2], [0, 3], [0, 4], [0, 5], [0, 6], [0, 7], [1, 0], [1, 1], [1, 2], [1, 3], [1, 4], [1, 5], [1, 6], [1, 7], [2, 0], [2, 1], [2, 2], [2, 3], [2, 4], [2, 5], [2, 6], [2, 7], [3, 0], [3, 1], [3, 2], [3, 3], [3, 4], [3, 5], [3, 6], [3, 7], [4, 0], [4, 1], [4, 2], [4, 3], [4, 4], [4, 5], [4, 6], [4, 7], [5, 0], [5, 1], [5, 2], [5, 3], [5, 4], [5, 5], [5, 6], [5, 7], [6, 0], [6, 1], [6, 2], [6, 3], [6, 4], [6, 5], [6, 6], [6, 7], [7, 0], [7, 1], [7, 2], [7, 3], [7, 4], [7, 5], [7, 6], [7, 7]], "edges": [[0, 1, 0.4063165075190237], [0, 8, 0.5654650806770225], [16, 24, 0.5654650806770225], [1, 2, 0.33983053745013037], [1, 9, 0.10288518276847392], [2, 3, 0.7426089923754503], [2, 10, 0.9552665457399553], [3, 4, 0.6719184652505845], [4, 5, 0.7649241141136195], [4, 12, 0.6504228513562005], [5, 6, 0.5692252271625049], [5, 13, 0.6731641653577001], [6, 7, 0.35367137836822504], [8, 16, 0.11197679894462365], [9, 10, 0.7378900909372522], [10, 11, 0.29845759805794714], [10, 18, 0.4537704857320386], [11, 12, 0.42421719682560277], [11, 19, 0.04676820400539916], [12, 13, 0.5840064071485115], [13, 14, 0.13464658929956896], [13, 21, 0.30848622067210096], [17, 18, 0.09262315924664988], [17, 25, 0.8766241320401025], [18, 19, 0.2661201841016816], [18, 26, 0.6078364989812527], [19, 20, 0.3246455557042468], [19, 27, 0.4043527154438724], [20, 28, 0.8799013268788801], [21, 22, 0.4706537653007148], [21, 29, 0.19841089622586294], [22, 30, 0.5970447812450134], [24, 32, 0.40741663011444107], [25, 33, 0.7810227472802908], [26, 34, 0.4023759688719263], [27, 28, 0.6828960019192919], [27, 35, 0.9487596007717252], [28, 36, 0.5485749942639222], [29, 30, 0.7830770046582038], [29, 37, 0.5913647545431066], [30, 31, 0.9625248083444342], [30, 38, 0.5742375005583175], [32, 40, 0.9895710567117446], [33, 34, 0.5034810329306625], [33, 41, 0.970668223839717], [34, 35, 0.8460217329219544], [35, 36, 0.2812048344380377], [35, 43, 0.24973767910298794], [37, 38, 0.6484010236406008], [37, 45, 0.007253169314179186], [38, 46, 0.533416806000543], [40, 48, 0.3542461877155606], [41, 42, 0.5650523903861243], [43, 44, 0.22916462742107058], [43, 51, 0.15524660989631744], [44, 45, 0.5747274475784242], [45, 46, 0.07388467105537155], [45, 53, 0.8657454227613812], [46, 47, 0.4453066046333827], [46, 54, 0.521640491660939], [48, 49, 0.319491025901247], [48, 56, 0.06874269822318946], [50, 51, 0.9445185987490304], [51, 52, 0.5486015502489534], [51, 59, 0.037695233218783875], [52, 53, 0.3714561891628252], [53, 61, 0.2708839706709474], [54, 55, 0.2332400069114281], [7, 15, 0.4919023707944993], [15, 23, 0.250609539616232], [31, 39, 0.41398657768319014], [39, 47, 0.34207037017714415], [47, 55, 0.8539186701837992], [55, 63, 0.11014977561476724], [56, 57, 0.1240917711620022], [58, 59, 0.03885932453115826], [59, 60, 0.04082766676608385], [60, 61, 0.020633177023962057], [61, 62, 0.892985700139746], [62, 63, 0.1469279695313883]], "oriented": false, "discover": false, "dist": true, "mode": "map"}