{"pos": [[0, 0], [0, 1], [0, 2], [0, 3], [0, 4], [0, 5], [0, 6], [0, 7], [1, 0], [1, 1], [1, 2], [1, 3], [1, 4], [1, 5], [1, 6], [1, 7], [2, 0], [2, 1], [2, 2], [2, 3], [2, 4], [2, 5], [2, 6], [2, 7], [3, 0], [3, 1], [3, 2], [3, 3], [3, 4], [3, 5], [3, 6], [3, 7], [4, 0], [4, 1], [4, 2], [4, 3], [4, 4], [4, 5], [4, 6], [4, 7], [5, 0], [5, 1], [5, 2], [5, 3], [5, 4], [5, 5], [5, 6], [5, 7], [6, 0], [6, 1], [6, 2], [6, 3], [6, 4], [6, 5], [6, 6], [6, 7], [7, 0], [7, 1], [7, 2], [7, 3], [7, 4], [7, 5], [7, 6], [7, 7]], "edges": [[0, 1, 0.4562063982117178], [0, 8, 0.8446017404536117], [1, 2, 0.07084764087027828], [1, 9, 0.5770311569325632], [2, 3, 0.06277814296738204], [2, 10, 0.5257232456949519], [3, 4, 0.7104259072455807], [3, 11, 0.7955834754792068], [4, 5, 0.700151845771739], [4, 12, 0.8110935304482049], [5, 6, 0.7340841857339342], [5, 13, 0.004509420062299596], [6, 7, 0.3381044970524988], [8, 9, 0.8569577997724578], [8, 16, 0.12150224186015002], [9, 17, 0.9794754051322506], [10, 11, 0.8615275032496995], [10, 18, 0.5557527355729769], [12, 13, 0.9949982211592142], [12, 20, 0.68436828468306], [13, 14, 0.799857244988188], [13, 21, 0.46813136273189304], [14, 15, 0.42299828495490066], [14, 22, 0.3394048016057992], [16, 24, 0.684377741322362], [17, 25, 0.8793399806392067], [18, 19, 0.2267868116581866], [18, 26, 0.7301976652284405], [20, 28, 0.7065595202346922], [21, 22, 0.6496320736732968], [21, 29, 0.9721901533960219], [22, 23, 0.937728766051253], [24, 32, 0.012059472830693196], [25, 26, 0.030698874285460143], [25, 33, 0.5324635819537364], [26, 27, 0.9989059976367498], [26, 34, 0.8549832663122221], [27, 35, 0.26373389986664975], [28, 29, 0.34928023969277266], [28, 36, 0.14253217023344433], [29, 30, 0.4638046898857541], [29, 37, 0.8288365310020226], [30, 31, 0.306307885027147], [30, 38, 0.6305225843731642], [32, 40, 0.7045474589694927], [33, 41, 0.7328421348940126], [34, 42, 0.488037961113283], [35, 36, 0.7198790869856583], [35, 43, 0.3895223555466314], [36, 37, 0.7926879039799689], [36, 44, 0.42716077181226064], [37, 38, 0.5511298205584433], [37, 45, 0.47297539271970623], [38, 39, 0.6068125869276242], [40, 48, 0.7529884417142345], [41, 42, 0.05438135619598794], [41, 49, 0.5639418997208625], [42, 43, 0.7453817251186965], [42, 50, 0.47018764392428536], [44, 52, 0.3003851858353841], [45, 46, 0.029501237906752298], [45, 53, 0.7037164409975117], [46, 47, 0.7361774321952941], [46, 54, 0.3051111135768608], [49, 50, 0.02874201415302957], [49, 57, 0.43218868954998846], [50, 51, 0.6795591787520902], [50, 58, 0.49301662305019756], [51, 59, 0.9711802283447147], [52, 60, 0.7403357454649607], [53, 54, 0.03635072897344771], [53, 61, 0.17048192248257543], [54, 55, 0.3208206942984283], [54, 62, 0.9223702951577196], [23, 31, 0.06870102565697656], [47, 55, 0.7013268842963264], [56, 57, 0.9382382458271171], [57, 58, 0.20812363424656288], [58, 59, 0.6083024342818699], [60, 61, 0.9135916610605445], [62, 63, 0.6314373191352054]], "oriented": false, "discover": false, "dist": true, "mode": "map"}