{"pos": [[0, 0], [0, 1], [0, 2], [0, 3], [0, 4], [0, 5], [0, 6], [0, 7], [1, 0], [1, 1], [1, 2], [1, 3], [1, 4], [1, 5], [1, 6], [1, 7], [2, 0], [2, 1], [2, 2], [2, 3], [2, 4], [2, 5], [2, 6], [2, 7], [3, 0], [3, 1], [3, 2], [3, 3], [3, 4], [3, 5], [3, 6], [3, 7], [4, 0], [4, 1], [4, 2], [4, 3], [4, 4], [4, 5], [4, 6], [4, 7], [5, 0], [5, 1], [5, 2], [5, 3], [5, 4], [5, 5], [5, 6], [5, 7], [6, 0], [6, 1], [6, 2], [6, 3], [6, 4], [6, 5], [6, 6], [6, 7], [7, 0], [7, 1], [7, 2], [7, 3], [7, 4], [7, 5], [7, 6], [7, 7]], "edges": [[0, 1, 0.2154371183427336], [0, 8, 0.9669199871116302], [2, 3, 0.11717016158451365], [2, 10, 0.3218781357024396], [4, 5, 0.013314735984380932], [4, 12, 0.546242675169484], [5, 6, 0.30781080001331806], [6, 7, 0.94113119056327], [8, 9, 0.7112814094322804], [8, 16, 0.6135477157499704], [9, 10, 0.6091821973044507], [9, 17, 0.2150045339197777], [10, 11, 0.29628899709448364], [10, 18, 0.01853395391746171], [11, 12, 0.27180543088561737], [11, 19, 0.6973090077075362], [12, 13, 0.8478058260203348], [12, 20, 0.25836203142558667], [13, 14, 0.1308798604565662], [14, 15, 0.23859693702509743], [16, 17, 0.8998286734863791], [16, 24, 0.3937608157501158], [17, 18, 0.7618039751890187], [17, 25, 0.4177350647033805], [18, 19, 0.07208157884223243], [18, 26, 0.48550962630251826], [20, 21, 0.6089953154498916], [20, 28, 0.7339799232180266], [21, 22, 0.5016058865652873], [21, 29, 0.6391661728963426], [22, 23, 0.7902415559929733], [22, 30, 0.5544451515194331], [24, 32, 0.7288371570195167], [25, 33, 0.3514981426330437], [26, 27, 0.021418253651281027], [26, 34, 0.45817404597088784], [27, 28, 0.732748156945773], [28, 29, 0.495256764095103], [28, 36, 0.8306990884415428], [32, 33, 0.4010877513344472], [32, 40, 0.361795987667342], [33, 34, 0.41118485656872705], [33, 41, 0.9735788791561961], [34, 35, 0.290114890293499], [34, 42, 0.48897681168608254], [35, 36, 0.6202853431880889], [36, 37, 0.5814598933615183], [36, 44, 0.5477395610025874], [37, 38, 0.7086306323688132], [37, 45, 0.11864953079104246], [38, 46, 0.37495635359634194], [40, 48, 0.25239357372308513], [41, 42, 0.42262872925680306], [41, 49, 0.16248165619017996], [42, 43, 0.6194402724237666], [42, 50, 0.1115155401163177], [43, 44, 0.5384451944497336], [43, 51, 0.2225618901278401], [45, 53, 0.2240621770677642], [46, 47, 0.09944400677821685], [46, 54, 0.1711923584037781], [48, 49, 0.4752549315789958], [48, 56, 0.2947193549569427], [49, 57, 0.2731296131684776], [50, 51, 0.04262152264013008], [50, 58, 0.7885007083892208], [51, 52, 0.30492062445278656], [51, 59, 0.6596498684775588], [53, 61, 0.33597441367082925], [54, 55, 0.20171676887058998], [23, 31, 0.8153610861498363], [31, 39, 0.6111973448457158], [47, 55, 0.10263356922253641], [56, 57, 0.9039615754912774], [57, 58, 0.05647713847566138], [58, 59, 0.41028889933168944], [59, 60, 0.37102788758128236], [60, 61, 0.13616474468666562], [61, 62, 0.4513630640561255], [62, 63, 0.4177464475501438]], "oriented": false, "discover": false, "dist": true, "mode": "map"}