{"pos": [[0, 0], [0, 1], [0, 2], [0, 3], [0, 4], [0, 5], [0, 6], [0, 7], [1, 0], [1, 1], [1, 2], [1, 3], [1, 4], [1, 5], [1, 6], [1, 7], [2, 0], [2, 1], [2, 2], [2, 3], [2, 4], [2, 5], [2, 6], [2, 7], [3, 0], [3, 1], [3, 2], [3, 3], [3, 4], [3, 5], [3, 6], [3, 7], [4, 0], [4, 1], [4, 2], [4, 3], [4, 4], [4, 5], [4, 6], [4, 7], [5, 0], [5, 1], [5, 2], [5, 3], [5, 4], [5, 5], [5, 6], [5, 7], [6, 0], [6, 1], [6, 2], [6, 3], [6, 4], [6, 5], [6, 6], [6, 7], [7, 0], [7, 1], [7, 2], [7, 3], [7, 4], [7, 5], [7, 6], [7, 7]], "edges": [[0, 1, 0.2703295278060923], [1, 2, 0.46691152787294277], [1, 9, 0.5933778695023413], [2, 3, 0.3826630731563312], [2, 10, 0.38976382875821647], [3, 4, 0.3076235428942571], [3, 11, 0.9802360865602133], [4, 5, 0.6572763901604377], [4, 12, 0.32270930644409834], [5, 6, 0.4938772387403263], [5, 13, 0.9062434737090315], [6, 7, 0.4368529521687834], [8, 9, 0.5701440801349985], [9, 17, 0.6724771809481396], [10, 11, 0.21334400675727294], [10, 18, 0.3578049270492658], [11, 19, 0.7865985914753684], [12, 20, 0.7469553929308196], [13, 14, 0.7017966069225718], [16, 17, 0.793578760132782], [16, 24, 0.8954257492897139], [17, 25, 0.5978470325043517], [18, 19, 0.7402671783256228], [18, 26, 0.3629095773942508], [19, 20, 0.4702344916074156], [19, 27, 0.7612092953732337], [20, 21, 0.865352436713964], [20, 28, 0.3623090145277774], [21, 22, 0.27675925542700575], [21, 29, 0.2437963333836486], [22, 23, 0.6863910535070177], [22, 30, 0.9864280088881983], [24, 25, 0.3009530421211366], [24, 32, 0.6817194563574712], [25, 26, 0.12648085725706515], [25, 33, 0.8258060933503087], [26, 27, 0.2632756167787116], [26, 34, 0.25038390296908886], [27, 28, 0.24953867182974532], [27, 35, 0.8427605776579253], [29, 30, 0.35575203350975704], [30, 31, 0.5388402401477399], [30, 38, 0.8251759460457032], [32, 40, 0.2727043772671851], [33, 34, 0.004111732125818279], [33, 41, 0.05609021900221833], [34, 42, 0.936135277733745], [35, 36, 0.6065929642981595], [35, 43, 0.8081336625130345], [36, 37, 0.3893011571276974], [37, 45, 0.47890880798573465], [38, 46, 0.254293036145251], [41, 49, 0.9053895278033922], [42, 50, 0.309689323472357], [43, 44, 0.4088040615570506], [43, 51, 0.909894976389099], [44, 45, 0.5211704330194736], [45, 46, 0.7709101241951369], [45, 53, 0.6021342205992973], [46, 47, 0.12455193157231648], [48, 49, 0.8929773729583252], [48, 56, 0.7963444538031865], [49, 50, 0.422522834297142], [49, 57, 0.545824388524176], [50, 51, 0.8314477172281377], [50, 58, 0.5416058586751374], [51, 52, 0.10485022645368314], [51, 59, 0.9563873893049345], [52, 53, 0.9341169299316321], [52, 60, 0.5162975605603429], [53, 54, 0.16900001624769811], [53, 61, 0.4568680632191383], [54, 62, 0.6427973144988014], [7, 15, 0.7451843125657207], [15, 23, 0.3493673848901645], [31, 39, 0.3735857092951719], [47, 55, 0.8227508481665374], [55, 63, 0.4181842716754447], [56, 57, 0.2894122641288528], [57, 58, 0.8988370376413086], [58, 59, 0.756546189613928]], "oriented": false, "discover": false, "dist": true, "mode": "map"}