{"pos": [[0, 0], [0, 1], [0, 2], [0, 3], [0, 4], [0, 5], [0, 6], [0, 7], [0, 8], [1, 0], [1, 1], [1, 2], [1, 3], [1, 4], [1, 5], [1, 6], [1, 7], [1, 8], [2, 0], [2, 1], [2, 2], [2, 3], [2, 4], [2, 5], [2, 6], [2, 7], [2, 8], [3, 0], [3, 1], [3, 2], [3, 3], [3, 4], [3, 5], [3, 6], [3, 7], [3, 8], [4, 0], [4, 1], [4, 2], [4, 3], [4, 4], [4, 5], [4, 6], [4, 7], [4, 8], [5, 0], [5, 1], [5, 2], [5, 3], [5, 4], [5, 5], [5, 6], [5, 7], [5, 8], [6, 0], [6, 1], [6, 2], [6, 3], [6, 4], [6, 5], [6, 6], [6, 7], [6, 8], [7, 0], [7, 1], [7, 2], [7, 3], [7, 4], [7, 5], [7, 6], [7, 7], [7, 8], [8, 0], [8, 1], [8, 2], [8, 3], [8, 4], [8, 5], [8, 6], [8, 7], [8, 8]], "edges": [[0, 9, 0.8615958972600183], [1, 2, 0.07116794772471824], [1, 10, 0.44462985471649785], [2, 3, 0.8758108207722786], [2, 11, 0.7430372004149751], [3, 12, 0.9294365620684744], [4, 5, 0.9985706186002664], [4, 13, 0.5810512932712185], [5, 6, 0.36183548429069967], [5, 14, 0.38442602971030415], [6, 7, 0.7556429896669165], [7, 8, 0.8886576335410337], [9, 10, 0.1974536434202352], [9, 18, 0.8062059711944745], [10, 11, 0.6888945591247219], [11, 12, 0.7882910562228461], [11, 20, 0.4771938143388912], [12, 13, 0.6421764628239388], [12, 21, 0.9741671281679959], [13, 14, 0.960665949196325], [13, 22, 0.02707670901355419], [14, 15, 0.7101553104910301], [14, 23, 0.9172810866139179], [15, 16, 0.23808852786718626], [16, 17, 0.07393623013362516], [16, 25, 0.11318931801767329], [18, 19, 0.15206550005171238], [18, 27, 0.8585746801011702], [19, 20, 0.21717143874109435], [21, 22, 0.031957344303273016], [21, 30, 0.4588196266651293], [22, 23, 0.9352030342122282], [22, 31, 0.592877644782253], [23, 24, 0.4389830686830466], [23, 32, 0.3151986626575749], [24, 25, 0.03909650629892525], [24, 33, 0.7068722922620146], [25, 26, 0.6818150526532186], [25, 34, 0.054157663490337016], [27, 28, 0.7016980137945474], [27, 36, 0.10705543282141772], [28, 29, 0.6163569737686018], [28, 37, 0.5024728018134258], [29, 38, 0.9760603270041381], [32, 33, 0.06515031134266602], [33, 34, 0.3838554636732042], [33, 42, 0.271092527445296], [34, 43, 0.9246197083614085], [36, 37, 0.9526121808543531], [36, 45, 0.6938007787859375], [37, 38, 0.3667348251577994], [37, 46, 0.05226076614400477], [38, 39, 0.696704884345627], [38, 47, 0.8357509589436392], [39, 40, 0.7398275722766441], [40, 41, 0.6243503992449867], [40, 49, 0.4134397699652025], [41, 42, 0.4339750825187153], [41, 50, 0.001067728740142715], [42, 51, 0.9422080369044397], [43, 52, 0.5256415876829696], [45, 54, 0.2990180983205548], [46, 55, 0.7634724839044166], [47, 48, 0.7280671787011654], [48, 49, 0.9382999674986878], [49, 50, 0.5113726181000529], [49, 58, 0.23244781409684145], [50, 51, 0.5606917507498751], [51, 52, 0.37352215286829427], [52, 61, 0.6190362467951634], [54, 55, 0.7366616701876335], [54, 63, 0.01525948251970577], [55, 56, 0.5983425792690231], [55, 64, 0.24619818321726938], [56, 57, 0.6145198912446964], [57, 58, 0.3968939793913768], [57, 66, 0.9116381750496234], [58, 59, 0.8877620056745885], [58, 67, 0.6246987399472275], [59, 60, 0.9398614419036071], [59, 68, 0.034565507473913404], [60, 61, 0.4433764697864556], [60, 69, 0.8585490774786658], [61, 62, 0.8636611841596051], [61, 70, 0.2727272009720655], [63, 64, 0.26114510908746835], [63, 72, 0.565021267916065], [64, 65, 0.5460590841846747], [64, 73, 0.12042526154859912], [65, 66, 0.49087091138084593], [65, 74, 0.5275962238873726], [67, 76, 0.9946363030352798], [68, 77, 0.8355433706288132], [69, 70, 0.40366355577727886], [70, 71, 0.42434653539499345], [70, 79, 0.26037014023499405], [26, 35, 0.25573879462141613], [35, 44, 0.4831589605923605], [44, 53, 0.5222653793840863], [74, 75, 0.07023232936358159], [76, 77, 0.37926997930177175], [77, 78, 0.041446576039928296], [78, 79, 0.9892751065348473], [79, 80, 0.041326620629610566]], "oriented": false, "discover": false, "dist": true, "mode": "map"}