{"pos": [[0, 0], [0, 1], [0, 2], [0, 3], [0, 4], [0, 5], [0, 6], [0, 7], [1, 0], [1, 1], [1, 2], [1, 3], [1, 4], [1, 5], [1, 6], [1, 7], [2, 0], [2, 1], [2, 2], [2, 3], [2, 4], [2, 5], [2, 6], [2, 7], [3, 0], [3, 1], [3, 2], [3, 3], [3, 4], [3, 5], [3, 6], [3, 7], [4, 0], [4, 1], [4, 2], [4, 3], [4, 4], [4, 5], [4, 6], [4, 7], [5, 0], [5, 1], [5, 2], [5, 3], [5, 4], [5, 5], [5, 6], [5, 7], [6, 0], [6, 1], [6, 2], [6, 3], [6, 4], [6, 5], [6, 6], [6, 7], [7, 0], [7, 1], [7, 2], [7, 3], [7, 4], [7, 5], [7, 6], [7, 7]], "edges": [[0, 1, 0.8405978512855061], [0, 8, 0.15822812937409592], [1, 2, 0.22984351493879807], [1, 9, 0.6296962920808065], [2, 3, 0.49606704477152797], [3, 4, 0.5282080728645236], [4, 5, 0.2115252468629727], [5, 6, 0.6857113270038773], [5, 13, 0.4753363359630567], [6, 7, 0.45403304481128426], [6, 14, 0.8756349882920008], [8, 9, 0.16809037315109965], [8, 16, 0.35034940053439], [9, 10, 0.009915796286154577], [9, 17, 0.7345417721823533], [10, 11, 0.003356787084681012], [10, 18, 0.8247768150186634], [11, 12, 0.52243502744059], [11, 19, 0.6882141098968], [12, 20, 0.30826414013207903], [14, 15, 0.8868088473006481], [16, 24, 0.534241541879629], [17, 18, 0.558702704809963], [17, 25, 0.859220981744413], [18, 19, 0.44461839754619237], [18, 26, 0.9864714864376066], [19, 27, 0.3849922444589071], [20, 21, 0.7033847667089037], [20, 28, 0.34651726729109444], [21, 29, 0.2929663300587113], [22, 23, 0.838014555739315], [22, 30, 0.22697909273075334], [24, 25, 0.7035614451832946], [24, 32, 0.22611069204012513], [25, 26, 0.7419023231853892], [25, 33, 0.6229549793600875], [26, 27, 0.41149142119035], [26, 34, 0.6420043861719441], [27, 28, 0.785734270182576], [27, 35, 0.26610997909680845], [28, 36, 0.11781864705906464], [29, 37, 0.19621155155032954], [30, 31, 0.45339255413805923], [30, 38, 0.464861223749089], [32, 40, 0.5655073380708209], [33, 41, 0.48057741097336404], [34, 35, 0.9450903174749608], [34, 42, 0.48372366730801897], [35, 36, 0.20270291448195876], [36, 37, 0.3337856931786065], [36, 44, 0.14840938774849866], [40, 48, 0.5793735417037271], [41, 42, 0.459685246303669], [42, 43, 0.38482627332789066], [42, 50, 0.8324272684978226], [43, 44, 0.22391233256990095], [43, 51, 0.6190591557149043], [45, 46, 0.7448334026094107], [45, 53, 0.15557241451225223], [46, 47, 0.4553916805906345], [48, 56, 0.4962003949204795], [49, 50, 0.673311542173272], [49, 57, 0.3312166673461342], [50, 51, 0.8690069605715178], [50, 58, 0.04679645474747518], [51, 52, 0.9068743953781743], [52, 60, 0.908224554760638], [53, 61, 0.2325025649109469], [54, 55, 0.23435472683109027], [7, 15, 0.881596125779843], [15, 23, 0.12446350477155399], [23, 31, 0.16988831316671515], [31, 39, 0.9232136901608429], [39, 47, 0.6124260230913817], [47, 55, 0.35324482116293754], [55, 63, 0.4175716143875061], [56, 57, 0.8003485190622535], [58, 59, 0.4440577809821479], [59, 60, 0.5418701101846355], [61, 62, 0.020740633194215152], [62, 63, 0.17947282287984812]], "oriented": false, "discover": false, "dist": true, "mode": "map"}