{"pos": [[0, 0], [0, 1], [0, 2], [0, 3], [0, 4], [0, 5], [0, 6], [0, 7], [0, 8], [1, 0], [1, 1], [1, 2], [1, 3], [1, 4], [1, 5], [1, 6], [1, 7], [1, 8], [2, 0], [2, 1], [2, 2], [2, 3], [2, 4], [2, 5], [2, 6], [2, 7], [2, 8], [3, 0], [3, 1], [3, 2], [3, 3], [3, 4], [3, 5], [3, 6], [3, 7], [3, 8], [4, 0], [4, 1], [4, 2], [4, 3], [4, 4], [4, 5], [4, 6], [4, 7], [4, 8], [5, 0], [5, 1], [5, 2], [5, 3], [5, 4], [5, 5], [5, 6], [5, 7], [5, 8], [6, 0], [6, 1], [6, 2], [6, 3], [6, 4], [6, 5], [6, 6], [6, 7], [6, 8], [7, 0], [7, 1], [7, 2], [7, 3], [7, 4], [7, 5], [7, 6], [7, 7], [7, 8], [8, 0], [8, 1], [8, 2], [8, 3], [8, 4], [8, 5], [8, 6], [8, 7], [8, 8]], "edges": [[0, 1, 0.14500061275920018], [0, 9, 0.553392894738081], [1, 2, 0.32692746122007443], [2, 3, 0.6341236003204271], [2, 11, 0.17368772997600723], [3, 4, 0.6492898368587748], [4, 5, 0.42395553019462273], [4, 13, 0.6935829324250852], [5, 6, 0.7774601129835669], [5, 14, 0.5405616134001998], [6, 7, 0.4246707754169018], [6, 15, 0.8976114529766933], [7, 8, 0.751504742087295], [9, 10, 0.49943357116799614], [9, 18, 0.5120630875273827], [10, 11, 0.22390302593570366], [11, 12, 0.15418951524674263], [11, 20, 0.32049234655759185], [12, 13, 0.5695056700669944], [12, 21, 0.284216370253641], [13, 22, 0.600585817261501], [14, 15, 0.9007767648975786], [15, 16, 0.5140869862209143], [15, 24, 0.727078429713664], [16, 17, 0.8958301682995753], [16, 25, 0.016775171254440724], [18, 19, 0.2217703218765834], [18, 27, 0.9947409711994842], [19, 20, 0.3302830318666653], [20, 21, 0.20535713776282527], [20, 29, 0.13417451593616925], [21, 22, 0.15108484474227957], [22, 23, 0.7031246063972686], [22, 31, 0.3829462658214605], [23, 32, 0.20305986251807728], [24, 33, 0.718947556224868], [25, 26, 0.0572910975744394], [25, 34, 0.8818931031990219], [27, 36, 0.9202788104981771], [28, 29, 0.1487997323945741], [29, 30, 0.3688606359753941], [29, 38, 0.5747666102470531], [30, 31, 0.6037362377075077], [30, 39, 0.7283721209166171], [31, 32, 0.02164366397069506], [31, 40, 0.07902232736762071], [32, 33, 0.9915022958928394], [33, 42, 0.9529560828386157], [34, 43, 0.27087132219780197], [36, 37, 0.8483086527533397], [36, 45, 0.849401339884594], [37, 46, 0.36641914956873745], [38, 47, 0.21917030414696126], [39, 48, 0.7428333905517935], [40, 49, 0.008534655354903942], [41, 42, 0.7476527769177383], [41, 50, 0.9281725192253151], [42, 43, 0.9026792211109711], [42, 51, 0.14438607446387175], [43, 44, 0.5599634092325905], [45, 54, 0.3803946920633716], [46, 55, 0.2708572380624771], [47, 56, 0.05233220348048451], [48, 57, 0.35276494752820853], [49, 50, 0.2661996224416099], [49, 58, 0.7542218520353354], [51, 52, 0.3841150051798007], [51, 60, 0.46684494144168587], [52, 53, 0.6157634174035658], [52, 61, 0.9343607202846274], [54, 55, 0.6348607601584856], [54, 63, 0.9454282594477915], [55, 56, 0.6294171059949221], [55, 64, 0.824943187120473], [56, 57, 0.8697871510174247], [57, 58, 0.684359073888669], [57, 66, 0.5735030165782028], [58, 59, 0.020600563442635722], [59, 60, 0.35528888271288017], [60, 61, 0.6429721677740906], [60, 69, 0.21662553901482862], [63, 72, 0.5531750778755135], [64, 65, 0.3506575142548538], [64, 73, 0.4773851989839215], [65, 66, 0.04503074944761276], [65, 74, 0.6844649842966891], [66, 67, 0.8066630786421116], [66, 75, 0.9629304269823421], [67, 68, 0.19921519535137644], [69, 70, 0.9052371460857768], [69, 78, 0.6170522696964156], [70, 71, 0.6175719730544288], [70, 79, 0.4669156276361637], [8, 17, 0.8975919187814949], [17, 26, 0.6147248516313627], [26, 35, 0.6862653536135649], [44, 53, 0.46402497999223025], [53, 62, 0.6773862410050878], [62, 71, 0.5752469500992934], [71, 80, 0.7889616757555119], [72, 73, 0.8818021345228166], [73, 74, 0.027265012557039392], [75, 76, 0.6551188214850535], [77, 78, 0.8247791119231491]], "oriented": false, "discover": false, "dist": true, "mode": "map"}