{"pos": [[0, 0], [0, 1], [0, 2], [0, 3], [0, 4], [0, 5], [0, 6], [0, 7], [1, 0], [1, 1], [1, 2], [1, 3], [1, 4], [1, 5], [1, 6], [1, 7], [2, 0], [2, 1], [2, 2], [2, 3], [2, 4], [2, 5], [2, 6], [2, 7], [3, 0], [3, 1], [3, 2], [3, 3], [3, 4], [3, 5], [3, 6], [3, 7], [4, 0], [4, 1], [4, 2], [4, 3], [4, 4], [4, 5], [4, 6], [4, 7], [5, 0], [5, 1], [5, 2], [5, 3], [5, 4], [5, 5], [5, 6], [5, 7], [6, 0], [6, 1], [6, 2], [6, 3], [6, 4], [6, 5], [6, 6], [6, 7], [7, 0], [7, 1], [7, 2], [7, 3], [7, 4], [7, 5], [7, 6], [7, 7]], "edges": [[0, 1, 0.02862065004135228], [0, 8, 0.4611150302697631], [1, 9, 0.8370102135923756], [2, 3, 0.5690069536398862], [2, 10, 0.6056064916378953], [3, 4, 0.3463645913758253], [3, 11, 0.9211936816993213], [5, 6, 0.688149390233624], [5, 13, 0.6497654878189045], [6, 7, 0.7490247027560476], [6, 14, 0.7645697943912101], [8, 9, 0.36055287072019304], [8, 16, 0.23921190925117963], [9, 10, 0.960092383418372], [9, 17, 0.26207229770853224], [10, 11, 0.22590192198039538], [10, 18, 0.8284250288687425], [11, 12, 0.03433488918341543], [11, 19, 0.16431046545219974], [12, 13, 0.7942478263202899], [12, 20, 0.9287424467513049], [13, 14, 0.47505344317110265], [13, 21, 0.8474494381673207], [14, 22, 0.20260969087889846], [16, 17, 0.2656226295905624], [16, 24, 0.44234551386843235], [17, 18, 0.2924189371833005], [17, 25, 0.2150070724490295], [18, 26, 0.9729573042213444], [19, 27, 0.0746622780882108], [20, 28, 0.3859996665775106], [21, 29, 0.9586636387776594], [22, 23, 0.7315809845410218], [24, 25, 0.5098600386105211], [24, 32, 0.04908111616531352], [25, 33, 0.3889438436340168], [26, 27, 0.7049432369131897], [26, 34, 0.5480860378235952], [27, 35, 0.5456140489750869], [28, 36, 0.2168824908028243], [29, 30, 0.8709056789925652], [30, 38, 0.22492470035329948], [32, 40, 0.5237617804702848], [33, 41, 0.24358385852444553], [34, 42, 0.0336936692763814], [35, 36, 0.45402354691198055], [36, 37, 0.17333789393959576], [36, 44, 0.42971038898409775], [37, 38, 0.33188456120125776], [37, 45, 0.013200082370173116], [38, 39, 0.6977739584803431], [38, 46, 0.7611055713785794], [40, 41, 0.8361644635114264], [41, 42, 0.32866494044822625], [41, 49, 0.4953911440596068], [42, 50, 0.1833480114121634], [43, 44, 0.3777137554289324], [44, 45, 0.8105346841902299], [44, 52, 0.26454555458975837], [45, 46, 0.5495838829015398], [46, 47, 0.32512143591648157], [48, 49, 0.6227554125447818], [49, 50, 0.15682026274512006], [49, 57, 0.2560377385757625], [51, 52, 0.5133819622889187], [51, 59, 0.4538803120656879], [52, 53, 0.43626015901514104], [52, 60, 0.26034223474262774], [53, 54, 0.5477182652680864], [54, 55, 0.7235978180424684], [7, 15, 0.7525339330852409], [15, 23, 0.5911753265330908], [23, 31, 0.5466338059713753], [31, 39, 0.5317727807410499], [56, 57, 0.2543909348464789], [57, 58, 0.9229792049424672], [58, 59, 0.5763309901748622], [59, 60, 0.8724920393826342], [60, 61, 0.9700953577801561], [61, 62, 0.9226426730852063], [62, 63, 0.7630927214578734]], "oriented": false, "discover": false, "dist": true, "mode": "map"}