{"pos": [[0, 0], [0, 1], [0, 2], [0, 3], [0, 4], [0, 5], [0, 6], [0, 7], [1, 0], [1, 1], [1, 2], [1, 3], [1, 4], [1, 5], [1, 6], [1, 7], [2, 0], [2, 1], [2, 2], [2, 3], [2, 4], [2, 5], [2, 6], [2, 7], [3, 0], [3, 1], [3, 2], [3, 3], [3, 4], [3, 5], [3, 6], [3, 7], [4, 0], [4, 1], [4, 2], [4, 3], [4, 4], [4, 5], [4, 6], [4, 7], [5, 0], [5, 1], [5, 2], [5, 3], [5, 4], [5, 5], [5, 6], [5, 7], [6, 0], [6, 1], [6, 2], [6, 3], [6, 4], [6, 5], [6, 6], [6, 7], [7, 0], [7, 1], [7, 2], [7, 3], [7, 4], [7, 5], [7, 6], [7, 7]], "edges": [[0, 1, 0.07517361993104832], [0, 8, 0.06487032485748989], [1, 2, 0.6411887504168526], [1, 9, 0.39231705053432075], [2, 3, 0.9495858613394423], [2, 10, 0.8872014960088899], [3, 4, 0.6075001781569258], [3, 11, 0.7207008878394099], [4, 5, 0.11603281222221484], [5, 6, 0.9193831926955184], [5, 13, 0.05502034938865563], [6, 7, 0.409149787931796], [6, 14, 0.7874280096136681], [8, 9, 0.1725839773920801], [9, 17, 0.38806407985899005], [10, 18, 0.2583107264435782], [11, 12, 0.9275734560389787], [11, 19, 0.7938601345454441], [12, 13, 0.32440459072491123], [12, 20, 0.12089351973276896], [13, 21, 0.2601377876569645], [14, 15, 0.3529065580536439], [14, 22, 0.16217449443529963], [16, 17, 0.5366752386768059], [16, 24, 0.1246011844817182], [17, 25, 0.8895940893313896], [18, 19, 0.19416140700174966], [18, 26, 0.07410969747363727], [19, 20, 0.6348759444532872], [20, 28, 0.9154397688720192], [22, 30, 0.9804392338576078], [24, 25, 0.5434860809317001], [25, 33, 0.37163613772024184], [26, 27, 0.38727614184726666], [26, 34, 0.8655990713188381], [27, 28, 0.2119241753384693], [27, 35, 0.6927579706755129], [28, 36, 0.15654727486055797], [29, 30, 0.31171579169869923], [29, 37, 0.8568487035310901], [30, 31, 0.9721519648761563], [30, 38, 0.557592855962354], [32, 33, 0.08890535960490142], [32, 40, 0.6736617377569745], [33, 34, 0.7759237025110799], [33, 41, 0.5665016667825756], [34, 42, 0.7274825686658544], [36, 37, 0.31857277789690264], [36, 44, 0.819185865216436], [37, 38, 0.31392398709813685], [37, 45, 0.7226239658985412], [38, 39, 0.5775796686901451], [38, 46, 0.26027281231595467], [40, 48, 0.9760305371441218], [41, 42, 0.7391487604244792], [41, 49, 0.6190910386675939], [42, 43, 0.5324383311019859], [42, 50, 0.5942683944211837], [43, 44, 0.9773720157376479], [43, 51, 0.8861824207951536], [44, 45, 0.47412248447063987], [44, 52, 0.4038913502120477], [45, 46, 0.9472896405009376], [46, 47, 0.6592559192354542], [46, 54, 0.2430311230583535], [48, 49, 0.6627454224359215], [48, 56, 0.7634978249722035], [49, 50, 0.15635782802799247], [49, 57, 0.9153552544222286], [50, 58, 0.44255615374880763], [52, 53, 0.2974449948982464], [52, 60, 0.534111597691859], [53, 61, 0.10534428823772968], [54, 62, 0.612851762095791], [15, 23, 0.25663554067631633], [31, 39, 0.40874988461594775], [39, 47, 0.9160753168048364], [47, 55, 0.210718094157351], [56, 57, 0.8017330362888272], [59, 60, 0.9521016358690574], [62, 63, 0.44315843270969235]], "oriented": false, "discover": false, "dist": true, "mode": "map"}