{"pos": [[0, 0], [0, 1], [0, 2], [0, 3], [0, 4], [0, 5], [0, 6], [0, 7], [1, 0], [1, 1], [1, 2], [1, 3], [1, 4], [1, 5], [1, 6], [1, 7], [2, 0], [2, 1], [2, 2], [2, 3], [2, 4], [2, 5], [2, 6], [2, 7], [3, 0], [3, 1], [3, 2], [3, 3], [3, 4], [3, 5], [3, 6], [3, 7], [4, 0], [4, 1], [4, 2], [4, 3], [4, 4], [4, 5], [4, 6], [4, 7], [5, 0], [5, 1], [5, 2], [5, 3], [5, 4], [5, 5], [5, 6], [5, 7], [6, 0], [6, 1], [6, 2], [6, 3], [6, 4], [6, 5], [6, 6], [6, 7], [7, 0], [7, 1], [7, 2], [7, 3], [7, 4], [7, 5], [7, 6], [7, 7]], "edges": [[0, 1, 0.5513697301616269], [0, 8, 0.8122872570071423], [1, 2, 0.2775856342484756], [1, 9, 0.6386043089099107], [2, 3, 0.06327197822368225], [2, 10, 0.12265797820036883], [3, 4, 0.09556955214639162], [4, 5, 0.8817636702104029], [4, 12, 0.9772848835270566], [5, 6, 0.3659967702156691], [6, 7, 0.40938044100452076], [6, 14, 0.21599727943549296], [8, 16, 0.3670454434420145], [9, 17, 0.2510810948305533], [10, 18, 0.8799540139918706], [11, 12, 0.6252912213800361], [11, 19, 0.21714676434598423], [12, 13, 0.16997127914110455], [12, 20, 0.7530828778865276], [13, 14, 0.6800784171542406], [13, 21, 0.7413699164420082], [14, 15, 0.19011255908710978], [14, 22, 0.5456404327161837], [16, 24, 0.007127143812510006], [17, 18, 0.7590733092524014], [17, 25, 0.8333906945794661], [18, 19, 0.9588063944969343], [18, 26, 0.5944199341281148], [19, 20, 0.003751114889343987], [20, 28, 0.7253341842722563], [22, 23, 0.4547863199491887], [22, 30, 0.6386941460987556], [24, 32, 0.35336872226894345], [25, 26, 0.25889815572670827], [26, 34, 0.013506270772918216], [27, 28, 0.5306089772967323], [27, 35, 0.5757238523783732], [28, 29, 0.6619279494233575], [28, 36, 0.06314009401568643], [30, 31, 0.5011937157431358], [32, 40, 0.09369805469060877], [33, 34, 0.30532639790634597], [33, 41, 0.46189878261968575], [34, 42, 0.2587214225885506], [35, 36, 0.9688125341354896], [35, 43, 0.36685413482887563], [36, 37, 0.974243024111257], [36, 44, 0.44637859124239043], [37, 38, 0.6988274957399251], [37, 45, 0.294656020367559], [38, 39, 0.831222666328897], [38, 46, 0.8323506200204867], [40, 41, 0.05926887892428767], [40, 48, 0.23421190550206417], [41, 42, 0.19092576262102834], [42, 50, 0.8025911360309184], [44, 45, 0.929989365276956], [44, 52, 0.5480802775751054], [45, 46, 0.41910178073427184], [46, 54, 0.8141386866251987], [48, 49, 0.4202770962792285], [48, 56, 0.9529419041712076], [50, 51, 0.5489192740972761], [50, 58, 0.503731685527632], [51, 52, 0.18198407352262613], [51, 59, 0.25915002237982543], [52, 53, 0.7408647376562778], [52, 60, 0.6469995777604116], [53, 54, 0.24464722235842407], [53, 61, 0.32156921422752405], [54, 62, 0.16077530694693654], [7, 15, 0.5226834906441976], [15, 23, 0.493955678212719], [23, 31, 0.8642149138641834], [31, 39, 0.19113511256866], [39, 47, 0.2321971842564826], [47, 55, 0.8892833759701604], [56, 57, 0.2589918105068403], [57, 58, 0.22962935847057764], [61, 62, 0.17297877722960942], [62, 63, 0.1234006060719558]], "oriented": false, "discover": false, "dist": true, "mode": "map"}