{"pos": [[0, 0], [0, 1], [0, 2], [0, 3], [0, 4], [0, 5], [0, 6], [0, 7], [1, 0], [1, 1], [1, 2], [1, 3], [1, 4], [1, 5], [1, 6], [1, 7], [2, 0], [2, 1], [2, 2], [2, 3], [2, 4], [2, 5], [2, 6], [2, 7], [3, 0], [3, 1], [3, 2], [3, 3], [3, 4], [3, 5], [3, 6], [3, 7], [4, 0], [4, 1], [4, 2], [4, 3], [4, 4], [4, 5], [4, 6], [4, 7], [5, 0], [5, 1], [5, 2], [5, 3], [5, 4], [5, 5], [5, 6], [5, 7], [6, 0], [6, 1], [6, 2], [6, 3], [6, 4], [6, 5], [6, 6], [6, 7], [7, 0], [7, 1], [7, 2], [7, 3], [7, 4], [7, 5], [7, 6], [7, 7]], "edges": [[0, 1, 0.6266975129027169], [0, 8, 0.5961540286930618], [1, 2, 0.2274269128828068], [1, 9, 0.6066368331706858], [2, 3, 0.5227566888065176], [2, 10, 0.16291680849978252], [3, 4, 0.2451690204402296], [3, 11, 0.17464635917431703], [4, 5, 0.569253819116438], [4, 12, 0.7056034135696805], [5, 6, 0.2460781005134296], [5, 13, 0.28369211836237884], [6, 7, 0.6993391523310016], [6, 14, 0.8307007375565306], [8, 9, 0.03243478321046256], [8, 16, 0.6021929515262502], [9, 10, 0.9670834169822075], [10, 11, 0.47616471763974866], [11, 12, 0.6627021391314102], [11, 19, 0.1908312148375627], [12, 13, 0.11497956859291991], [12, 20, 0.9996797791796221], [14, 15, 0.0014575010829371848], [16, 17, 0.9919030541520298], [16, 24, 0.5230500380395949], [17, 18, 0.010273709189089208], [18, 19, 0.8720795340871937], [18, 26, 0.6494011826550921], [19, 20, 0.09216320262818523], [20, 21, 0.40724393197889264], [21, 22, 0.024078518136376847], [22, 30, 0.11908743413442091], [24, 25, 0.9735049798204045], [24, 32, 0.8614462598286895], [25, 33, 0.9610380608567163], [26, 27, 0.29707689207289145], [26, 34, 0.0757789633367083], [27, 28, 0.45874447244420835], [27, 35, 0.07676546328189071], [28, 29, 0.13758329433382777], [28, 36, 0.2236654630460364], [29, 37, 0.3997542784771667], [32, 33, 0.1694868336444988], [32, 40, 0.9302237398901322], [33, 41, 0.33728425098937453], [34, 35, 0.07804375977201605], [34, 42, 0.027780954319522322], [36, 44, 0.055089799892936275], [37, 38, 0.23406814867191117], [37, 45, 0.6291804697230455], [38, 39, 0.6867095134571342], [40, 48, 0.11077695560754852], [41, 42, 0.985546375875819], [41, 49, 0.5139443070483019], [42, 43, 0.578235311993394], [43, 44, 0.9232315101245657], [43, 51, 0.027299646561503077], [44, 52, 0.9325643543627572], [45, 46, 0.8910549611003958], [45, 53, 0.36960218365083475], [46, 47, 0.764172572240718], [48, 49, 0.5567657742592935], [48, 56, 0.2049888555685334], [49, 50, 0.5608375555266554], [49, 57, 0.8496230579933909], [50, 58, 0.6732017149617652], [53, 54, 0.9570728336708046], [54, 55, 0.6021857737696348], [54, 62, 0.47305987886955003], [15, 23, 0.7869526203396997], [23, 31, 0.1639765833431267], [31, 39, 0.3717814840308251], [39, 47, 0.17394545990134025], [47, 55, 0.23686404618130386], [55, 63, 0.6195094462147759], [56, 57, 0.480812386781286], [57, 58, 0.7789157006696396], [58, 59, 0.7335934628960556], [59, 60, 0.9737301003424583], [61, 62, 0.739394595323264], [62, 63, 0.6665985664402643]], "oriented": false, "discover": false, "dist": true, "mode": "map"}