{"pos": [[0, 0], [0, 1], [0, 2], [0, 3], [0, 4], [0, 5], [0, 6], [0, 7], [0, 8], [1, 0], [1, 1], [1, 2], [1, 3], [1, 4], [1, 5], [1, 6], [1, 7], [1, 8], [2, 0], [2, 1], [2, 2], [2, 3], [2, 4], [2, 5], [2, 6], [2, 7], [2, 8], [3, 0], [3, 1], [3, 2], [3, 3], [3, 4], [3, 5], [3, 6], [3, 7], [3, 8], [4, 0], [4, 1], [4, 2], [4, 3], [4, 4], [4, 5], [4, 6], [4, 7], [4, 8], [5, 0], [5, 1], [5, 2], [5, 3], [5, 4], [5, 5], [5, 6], [5, 7], [5, 8], [6, 0], [6, 1], [6, 2], [6, 3], [6, 4], [6, 5], [6, 6], [6, 7], [6, 8], [7, 0], [7, 1], [7, 2], [7, 3], [7, 4], [7, 5], [7, 6], [7, 7], [7, 8], [8, 0], [8, 1], [8, 2], [8, 3], [8, 4], [8, 5], [8, 6], [8, 7], [8, 8]], "edges": [[0, 1, 0.15474967071547763], [0, 9, 0.6454886858721197], [1, 10, 0.8249849897722322], [2, 3, 0.7873279833019429], [2, 11, 0.7095406473190176], [3, 4, 0.005130950290080705], [3, 12, 0.16916678420395848], [4, 5, 0.11703521524675131], [5, 6, 0.4786192988927459], [7, 16, 0.12387450136715683], [9, 10, 0.3755170138360795], [10, 11, 0.0988911152591504], [10, 19, 0.6203149455563567], [11, 12, 0.4114477394682119], [11, 20, 0.47164892777899203], [12, 13, 0.19895210721615952], [12, 21, 0.18428203853211267], [13, 14, 0.09024811069658667], [13, 22, 0.00828082739191005], [14, 15, 0.8050067273551126], [14, 23, 0.4418562530604663], [15, 16, 0.531901586858149], [15, 24, 0.17016293560770712], [16, 17, 0.006590220795756441], [16, 25, 0.2518293628410656], [18, 27, 0.9157424183300008], [19, 20, 0.6250033180224353], [19, 28, 0.7059146240307501], [20, 21, 0.5758450875616624], [21, 30, 0.13333891964734257], [22, 23, 0.8484438512766181], [22, 31, 0.5126288583698289], [23, 24, 0.7612574981336644], [23, 32, 0.7080879548316985], [24, 33, 0.005572476677359495], [25, 26, 0.5606521073607217], [27, 28, 0.3997137165298027], [28, 29, 0.005331952177847876], [28, 37, 0.2366757989820718], [29, 30, 0.42130772114282156], [30, 31, 0.055573885369345266], [32, 41, 0.7747634363106043], [34, 35, 0.1919801516569778], [36, 37, 0.4999612632428253], [36, 45, 0.07107948725479918], [37, 38, 0.7178684003968212], [38, 39, 0.7121004970019383], [38, 47, 0.7960769635859084], [39, 48, 0.3059232392957709], [40, 41, 0.9674831783013127], [41, 42, 0.9194208625585732], [41, 50, 0.035717254201561355], [42, 43, 0.11134456290255967], [45, 54, 0.11779853297664755], [46, 47, 0.6605080151637607], [47, 56, 0.5277953236989325], [48, 57, 0.569741162113547], [49, 50, 0.7195138399488997], [49, 58, 0.4959268135941246], [50, 51, 0.4376811800548174], [50, 59, 0.8001684663584216], [51, 52, 0.8396736635190485], [51, 60, 0.6272517585882821], [54, 55, 0.11602775813461108], [54, 63, 0.4888363352872681], [55, 64, 0.4581074134754002], [56, 57, 0.5374895113269094], [57, 58, 0.8361626813956692], [57, 66, 0.37572371988164444], [58, 59, 0.15724458756763315], [58, 67, 0.3556391563956356], [59, 60, 0.4294327200885727], [59, 68, 0.9031472340200074], [60, 61, 0.1528180004505839], [60, 69, 0.9571409920470157], [61, 62, 0.2609591646110877], [63, 72, 0.4111081067413599], [64, 65, 0.49325765605538696], [64, 73, 0.4432711734156921], [65, 66, 0.350002833759247], [65, 74, 0.2376560230660718], [66, 67, 0.9653900609713711], [66, 75, 0.9733041591107895], [67, 68, 0.28336019002059676], [68, 69, 0.0069165853917849685], [68, 77, 0.08782473610629737], [69, 70, 0.3262098506404403], [70, 71, 0.4166800274465752], [70, 79, 0.2567969025562894], [8, 17, 0.9128298418619847], [17, 26, 0.3989488705283696], [26, 35, 0.5392744857509498], [35, 44, 0.8827159880832799], [44, 53, 0.011014114695334531], [53, 62, 0.4160998705314639], [62, 71, 0.0641538268680849], [71, 80, 0.8436193857196057], [72, 73, 0.6216574430174641], [73, 74, 0.055576299113182404], [75, 76, 0.18917284864795836], [76, 77, 0.2763161219344049], [77, 78, 0.28480095762795954], [78, 79, 0.9779253413653026], [79, 80, 0.5285709603140024]], "oriented": false, "discover": false, "dist": true, "mode": "map"}