{"pos": [[0, 0], [0, 1], [0, 2], [0, 3], [0, 4], [0, 5], [0, 6], [0, 7], [1, 0], [1, 1], [1, 2], [1, 3], [1, 4], [1, 5], [1, 6], [1, 7], [2, 0], [2, 1], [2, 2], [2, 3], [2, 4], [2, 5], [2, 6], [2, 7], [3, 0], [3, 1], [3, 2], [3, 3], [3, 4], [3, 5], [3, 6], [3, 7], [4, 0], [4, 1], [4, 2], [4, 3], [4, 4], [4, 5], [4, 6], [4, 7], [5, 0], [5, 1], [5, 2], [5, 3], [5, 4], [5, 5], [5, 6], [5, 7], [6, 0], [6, 1], [6, 2], [6, 3], [6, 4], [6, 5], [6, 6], [6, 7], [7, 0], [7, 1], [7, 2], [7, 3], [7, 4], [7, 5], [7, 6], [7, 7]], "edges": [[0, 1, 0.9634628479723201], [0, 8, 0.6664810321963528], [1, 2, 0.5549595878716058], [1, 9, 0.7246749770344966], [2, 3, 0.2914741432362117], [3, 4, 0.923188614796582], [3, 11, 0.5920592141508795], [4, 5, 0.951510465952217], [4, 12, 0.21819347524039356], [5, 6, 0.0035116377420719713], [5, 13, 0.5348846142610166], [6, 7, 0.20204332599795927], [8, 16, 0.28578171235199357], [9, 17, 0.7829109479975827], [10, 11, 0.5290517209608013], [10, 18, 0.15280865645750497], [11, 12, 0.8258512913769535], [12, 13, 0.350334043116555], [13, 14, 0.14012234834719883], [14, 22, 0.9303288641112611], [16, 17, 0.23261529220339705], [16, 24, 0.12989125996240003], [17, 18, 0.8887499151903283], [17, 25, 0.3180594477748665], [18, 19, 0.30209505791326074], [19, 20, 0.40600351108687227], [19, 27, 0.856739815796673], [20, 21, 0.05674613878912316], [21, 22, 0.765698659122103], [21, 29, 0.6919586254425005], [22, 30, 0.0696279560818952], [24, 32, 0.12219423493991721], [25, 26, 0.4364840897894742], [25, 33, 0.18676604403926644], [26, 34, 0.7691244039885798], [27, 28, 0.36249226800849577], [27, 35, 0.11765674959201278], [28, 36, 0.9009770528780626], [30, 31, 0.28076674650279954], [30, 38, 0.5033412272066886], [32, 40, 0.4628619495970109], [33, 41, 0.07566127476758211], [34, 35, 0.49616837226594845], [34, 42, 0.7289609776763467], [35, 43, 0.6049326203393515], [36, 37, 0.1730372382565547], [36, 44, 0.040157477712110645], [37, 38, 0.22182016211473565], [37, 45, 0.4732826457389764], [38, 39, 0.4411389221195552], [38, 46, 0.7689937572217515], [40, 48, 0.06858099015981922], [41, 42, 0.1901763378008774], [41, 49, 0.5810674056138825], [42, 50, 0.8149001189437278], [43, 51, 0.8215122308546831], [44, 45, 0.7256179042911717], [44, 52, 0.7196190694183126], [45, 46, 0.7509804470078809], [45, 53, 0.09367394668635054], [46, 47, 0.5103261842041267], [46, 54, 0.05770790205673748], [48, 56, 0.030095737973887315], [49, 57, 0.22330211965643176], [50, 51, 0.8138194299133438], [50, 58, 0.6160294952276264], [51, 52, 0.12408697827658322], [52, 53, 0.2442404446464147], [52, 60, 0.02115804734129345], [53, 54, 0.8432694121351229], [54, 55, 0.5098052517068439], [54, 62, 0.06223788165205124], [7, 15, 0.09830645284680928], [23, 31, 0.7434283094486422], [31, 39, 0.7167514151210551], [39, 47, 0.9668820864056431], [55, 63, 0.3090891076087756], [58, 59, 0.5304981980338483], [59, 60, 0.7417041646340442], [60, 61, 0.22749496524369572], [61, 62, 0.18164146906399925]], "oriented": false, "discover": false, "dist": true, "mode": "map"}