{"pos": [[0, 0], [0, 1], [0, 2], [0, 3], [0, 4], [0, 5], [0, 6], [0, 7], [0, 8], [1, 0], [1, 1], [1, 2], [1, 3], [1, 4], [1, 5], [1, 6], [1, 7], [1, 8], [2, 0], [2, 1], [2, 2], [2, 3], [2, 4], [2, 5], [2, 6], [2, 7], [2, 8], [3, 0], [3, 1], [3, 2], [3, 3], [3, 4], [3, 5], [3, 6], [3, 7], [3, 8], [4, 0], [4, 1], [4, 2], [4, 3], [4, 4], [4, 5], [4, 6], [4, 7], [4, 8], [5, 0], [5, 1], [5, 2], [5, 3], [5, 4], [5, 5], [5, 6], [5, 7], [5, 8], [6, 0], [6, 1], [6, 2], [6, 3], [6, 4], [6, 5], [6, 6], [6, 7], [6, 8], [7, 0], [7, 1], [7, 2], [7, 3], [7, 4], [7, 5], [7, 6], [7, 7], [7, 8], [8, 0], [8, 1], [8, 2], [8, 3], [8, 4], [8, 5], [8, 6], [8, 7], [8, 8]], "edges": [[0, 1, 0.4749036554798176], [0, 9, 0.7664309203675742], [1, 2, 0.6857632524685278], [2, 3, 0.012262201982468413], [2, 11, 0.42317966509096117], [3, 4, 0.5683937979380885], [3, 12, 0.15101743832447923], [4, 5, 0.06045087843643415], [4, 13, 0.5768821402969161], [5, 6, 0.4214276441461624], [5, 14, 0.013948979018457375], [6, 7, 0.6161048781796797], [6, 15, 0.8889792466865031], [7, 8, 0.8949604295833816], [7, 16, 0.9630074403934531], [9, 18, 0.4826781296063679], [10, 11, 0.6571287979363942], [10, 19, 0.8832530516502934], [11, 12, 0.9658363480631175], [11, 20, 0.231890530978332], [12, 13, 0.3931578473634523], [13, 22, 0.01845037164757679], [14, 15, 0.709999293472558], [14, 23, 0.9742644270560812], [15, 16, 0.25713418472689376], [15, 24, 0.323107442530834], [16, 17, 0.6583699224648415], [16, 25, 0.9528501196469752], [18, 19, 0.05176535472931565], [18, 27, 0.5479002077153597], [19, 28, 0.3673989312386642], [20, 21, 0.2419555065993273], [20, 29, 0.5858141023159711], [21, 30, 0.7794821949918932], [22, 31, 0.051330939669379294], [23, 24, 0.353412334201185], [24, 25, 0.0056621847654987345], [25, 34, 0.6905527554747808], [27, 36, 0.5443077396504671], [28, 37, 0.07685778328019455], [29, 38, 0.14339222736619717], [30, 31, 0.14425334618588104], [31, 32, 0.4167206420594064], [31, 40, 0.2828717600989499], [32, 33, 0.9013576767894003], [33, 42, 0.33033748490339143], [34, 35, 0.9388573287954332], [34, 43, 0.41385992413239536], [36, 37, 0.43855049172516347], [36, 45, 0.20631035612397786], [37, 38, 0.5195322896334266], [37, 46, 0.10066205599159284], [38, 39, 0.9322652273418028], [38, 47, 0.38296321285432855], [39, 48, 0.5703741392580121], [40, 41, 0.3227711507870664], [40, 49, 0.6061353261664034], [41, 42, 0.610347829738757], [41, 50, 0.08665147065614542], [42, 43, 0.2874330015234867], [42, 51, 0.4985847309579784], [43, 44, 0.3264141101304342], [45, 46, 0.3018848713290585], [45, 54, 0.8463939610301257], [46, 47, 0.3612663850919722], [47, 56, 0.04055580158941752], [48, 49, 0.00489471173334266], [48, 57, 0.7637089633778207], [49, 58, 0.8020494213196857], [50, 51, 0.985021700109408], [50, 59, 0.728824058357178], [51, 52, 0.02897910712569829], [51, 60, 0.33651235640072596], [52, 53, 0.635382142085519], [52, 61, 0.38472196374468925], [54, 63, 0.3464812210130612], [55, 56, 0.8525778971861617], [55, 64, 0.01743366095071608], [56, 65, 0.08801581964721206], [57, 58, 0.9528113374947107], [57, 66, 0.34967080701732944], [58, 67, 0.7056256417281402], [59, 68, 0.681401766843165], [60, 69, 0.5556898280280114], [61, 70, 0.9732495350354462], [63, 64, 0.798830862766711], [63, 72, 0.02188780160806103], [64, 65, 0.8501470544046866], [65, 74, 0.6077074751799683], [66, 67, 0.3648721548022361], [67, 68, 0.9361909544786541], [67, 76, 0.35284410758907936], [68, 77, 0.20553556881203028], [70, 71, 0.7847767210967592], [17, 26, 0.4859270453291288], [44, 53, 0.8494428739705612], [53, 62, 0.7144019716205141], [62, 71, 0.9650791007347932], [73, 74, 0.4658670266250817], [74, 75, 0.3524675675119824], [75, 76, 0.09502356121462285], [77, 78, 0.040634287939646296], [78, 79, 0.0011728056302348078], [79, 80, 0.6284051628261254]], "oriented": false, "discover": false, "dist": true, "mode": "map"}