{"pos": [[0, 0], [0, 1], [0, 2], [0, 3], [0, 4], [0, 5], [0, 6], [0, 7], [1, 0], [1, 1], [1, 2], [1, 3], [1, 4], [1, 5], [1, 6], [1, 7], [2, 0], [2, 1], [2, 2], [2, 3], [2, 4], [2, 5], [2, 6], [2, 7], [3, 0], [3, 1], [3, 2], [3, 3], [3, 4], [3, 5], [3, 6], [3, 7], [4, 0], [4, 1], [4, 2], [4, 3], [4, 4], [4, 5], [4, 6], [4, 7], [5, 0], [5, 1], [5, 2], [5, 3], [5, 4], [5, 5], [5, 6], [5, 7], [6, 0], [6, 1], [6, 2], [6, 3], [6, 4], [6, 5], [6, 6], [6, 7], [7, 0], [7, 1], [7, 2], [7, 3], [7, 4], [7, 5], [7, 6], [7, 7]], "edges": [[0, 1, 0.2476602258037096], [0, 8, 0.7636253003585007], [1, 2, 0.1842134776855301], [1, 9, 0.08376711110789059], [2, 3, 0.7850024251194341], [2, 10, 0.305975331611287], [3, 4, 0.2894845325574853], [3, 11, 0.09619042232228636], [4, 12, 0.34921986794796733], [5, 6, 0.20464185082681774], [5, 13, 0.18358823654106982], [8, 9, 0.5298973009907907], [8, 16, 0.33100435449045107], [9, 10, 0.6191509447392409], [9, 17, 0.6267131029206505], [10, 11, 0.9997001763295562], [10, 18, 0.8493417563610924], [11, 12, 0.7958019825101021], [11, 19, 0.2559685355844765], [12, 13, 0.8716286515144914], [13, 14, 0.0017358741281586765], [14, 15, 0.49510076676399206], [16, 17, 0.2555661080633812], [16, 24, 0.6533688592905864], [17, 25, 0.7113478567987306], [18, 19, 0.7604157020492738], [19, 20, 0.8731780618210278], [20, 21, 0.07872172095730923], [21, 22, 0.026294436596934756], [21, 29, 0.06127077093403921], [22, 23, 0.020639668475842643], [24, 32, 0.7002681377631861], [25, 26, 0.8908407364460341], [25, 33, 0.7240755507918906], [26, 27, 0.922997879166778], [26, 34, 0.36864388185509234], [27, 28, 0.042895123522255774], [28, 29, 0.5610178010352269], [28, 36, 0.045768589138391214], [29, 30, 0.5691549841006984], [30, 31, 0.881663278747833], [32, 40, 0.8008848529339521], [33, 34, 0.1270211330838743], [34, 35, 0.4194073777025954], [34, 42, 0.39531639804351726], [35, 36, 0.6547706585837836], [36, 37, 0.8434645623514682], [36, 44, 0.6471038711665732], [37, 38, 0.925698139345371], [37, 45, 0.35166020596375047], [38, 39, 0.7562010344038753], [38, 46, 0.9858821185914939], [40, 41, 0.536953611621682], [40, 48, 0.7405635675417284], [41, 42, 0.8699160636909992], [42, 43, 0.9874959270495046], [42, 50, 0.24104725715246755], [43, 44, 0.33052443707609647], [43, 51, 0.5211506512122646], [44, 45, 0.3082813490198947], [44, 52, 0.0016250434460649554], [45, 46, 0.9200380533013197], [48, 56, 0.295045225414041], [49, 50, 0.4909669601280503], [50, 58, 0.6526793980628585], [51, 52, 0.3104395186511567], [51, 59, 0.8460787520871689], [52, 53, 0.5800625212641967], [52, 60, 0.3785042670138007], [53, 54, 0.16601983708957935], [53, 61, 0.7581910742028996], [7, 15, 0.4097228467330246], [15, 23, 0.6641525706756332], [31, 39, 0.4803040812833601], [39, 47, 0.3677399025627671], [47, 55, 0.8100574404917028], [55, 63, 0.9924076226612094], [57, 58, 0.2360161036700592], [59, 60, 0.9773047783645787], [60, 61, 0.9684982940441049], [61, 62, 0.08604612341362039]], "oriented": false, "discover": false, "dist": true, "mode": "map"}