{"pos": [[0, 0], [0, 1], [0, 2], [0, 3], [0, 4], [0, 5], [0, 6], [0, 7], [1, 0], [1, 1], [1, 2], [1, 3], [1, 4], [1, 5], [1, 6], [1, 7], [2, 0], [2, 1], [2, 2], [2, 3], [2, 4], [2, 5], [2, 6], [2, 7], [3, 0], [3, 1], [3, 2], [3, 3], [3, 4], [3, 5], [3, 6], [3, 7], [4, 0], [4, 1], [4, 2], [4, 3], [4, 4], [4, 5], [4, 6], [4, 7], [5, 0], [5, 1], [5, 2], [5, 3], [5, 4], [5, 5], [5, 6], [5, 7], [6, 0], [6, 1], [6, 2], [6, 3], [6, 4], [6, 5], [6, 6], [6, 7], [7, 0], [7, 1], [7, 2], [7, 3], [7, 4], [7, 5], [7, 6], [7, 7]], "edges": [[0, 1, 0.6483992720273787], [0, 8, 0.6993675113991848], [1, 9, 0.6677801766637564], [2, 3, 0.7847872742147757], [2, 10, 0.0866566520231058], [3, 4, 0.5119285577791002], [3, 11, 0.39965043677123524], [4, 5, 0.33184710376177673], [5, 13, 0.9205246276538089], [6, 7, 0.6574725472220055], [6, 14, 0.8356368089731157], [8, 9, 0.290179499091443], [8, 16, 0.8792110282885482], [9, 10, 0.701834301746141], [9, 17, 0.11995082149973924], [10, 11, 0.22822523169182363], [10, 18, 0.602889766879841], [11, 12, 0.9687808828509683], [11, 19, 0.6617620870052939], [12, 13, 0.6324374477565501], [12, 20, 0.39534977381921876], [13, 14, 0.9257214481529423], [13, 21, 0.09025459909599964], [14, 15, 0.7335131388498742], [14, 22, 0.33937651727776263], [17, 18, 0.4786718378204414], [17, 25, 0.8269073333112218], [18, 19, 0.9642889943449999], [18, 26, 0.011443120736167156], [19, 20, 0.4287693501168921], [20, 21, 0.9663550773309653], [21, 29, 0.35824015495217243], [22, 30, 0.0365088833538183], [24, 25, 0.6346239369518499], [24, 32, 0.5366179927758566], [25, 26, 0.12349499617609094], [25, 33, 0.8672213635836198], [26, 27, 0.5351375313573415], [26, 34, 0.7311865631199524], [27, 28, 0.5301062211839762], [27, 35, 0.7008902178805978], [29, 37, 0.3561472742128695], [30, 31, 0.443969462416527], [30, 38, 0.8660375711899111], [32, 40, 0.8336697536879781], [33, 34, 0.3807357975857686], [33, 41, 0.8138222557472133], [34, 35, 0.8950878463008707], [34, 42, 0.1357805252743226], [35, 36, 0.7350142274958026], [35, 43, 0.6438906837621711], [36, 44, 0.04180961309600284], [37, 38, 0.9915641415347458], [38, 39, 0.5832307593915811], [38, 46, 0.22556772340216946], [40, 48, 0.9293662959724079], [41, 49, 0.43904360551543775], [42, 50, 0.5544853432374202], [43, 44, 0.2499908224190419], [43, 51, 0.7700927451970498], [44, 45, 0.1519112764589753], [44, 52, 0.3729959989921312], [45, 46, 0.8544085762804259], [45, 53, 0.16786510646890862], [46, 47, 0.07764410994876347], [46, 54, 0.25582294509938064], [48, 56, 0.4935086936034604], [49, 57, 0.22860230811430715], [51, 59, 0.16943731645620708], [52, 60, 0.6595896044556082], [53, 54, 0.48110072323074693], [53, 61, 0.35740781462079263], [54, 55, 0.684556431441442], [54, 62, 0.17007843421388436], [15, 23, 0.59964385339663], [23, 31, 0.08391763897506999], [31, 39, 0.5203911489510983], [55, 63, 0.5270444144010965], [57, 58, 0.5025550895657461], [59, 60, 0.4190143999492958], [62, 63, 0.8048726174304066]], "oriented": false, "discover": false, "dist": true, "mode": "map"}