{"pos": [[0, 0], [0, 1], [0, 2], [0, 3], [0, 4], [0, 5], [0, 6], [0, 7], [1, 0], [1, 1], [1, 2], [1, 3], [1, 4], [1, 5], [1, 6], [1, 7], [2, 0], [2, 1], [2, 2], [2, 3], [2, 4], [2, 5], [2, 6], [2, 7], [3, 0], [3, 1], [3, 2], [3, 3], [3, 4], [3, 5], [3, 6], [3, 7], [4, 0], [4, 1], [4, 2], [4, 3], [4, 4], [4, 5], [4, 6], [4, 7], [5, 0], [5, 1], [5, 2], [5, 3], [5, 4], [5, 5], [5, 6], [5, 7], [6, 0], [6, 1], [6, 2], [6, 3], [6, 4], [6, 5], [6, 6], [6, 7], [7, 0], [7, 1], [7, 2], [7, 3], [7, 4], [7, 5], [7, 6], [7, 7]], "edges": [[0, 1, 0.38581571729482567], [0, 8, 0.4616095044285572], [1, 2, 0.6328803577668735], [1, 9, 0.9761005830784145], [2, 3, 0.4376907129998705], [2, 10, 0.34919326020629826], [3, 4, 0.4604238063805778], [3, 11, 0.38765012843707414], [4, 5, 0.8693876202539117], [4, 12, 0.7436753641701838], [5, 6, 0.7685425930268112], [5, 13, 0.6923845713789981], [6, 7, 0.07311246388633952], [8, 9, 0.2878127672852979], [8, 16, 0.4748020578197333], [10, 18, 0.11909429435932861], [11, 19, 0.3448065478408936], [12, 13, 0.04850731694224242], [12, 20, 0.1349154390589301], [13, 14, 0.15869657917660784], [13, 21, 0.11996420399815966], [14, 22, 0.4990383092999643], [16, 17, 0.9365209897998107], [16, 24, 0.25481462168752156], [17, 18, 0.8035173101182057], [17, 25, 0.37238045478289294], [19, 20, 0.9104756815565788], [19, 27, 0.005502178029881399], [20, 21, 0.9007370786031642], [20, 28, 0.6256600164301397], [21, 22, 0.9612739242859306], [21, 29, 0.757814234219978], [22, 23, 0.7808366441669919], [24, 32, 0.03206084243440788], [25, 26, 0.1984115913833263], [25, 33, 0.7336001329731491], [26, 27, 0.8306845506443689], [26, 34, 0.20768701694601166], [27, 28, 0.2733663935300752], [27, 35, 0.8417311457690749], [29, 30, 0.6339014035631415], [29, 37, 0.821547343395244], [30, 31, 0.10523644323974768], [30, 38, 0.7084613337275598], [32, 40, 0.1721092777641371], [33, 41, 0.43222370142418043], [34, 35, 0.09957796926289819], [34, 42, 0.8037061357307226], [35, 36, 0.6858825030896823], [35, 43, 0.7305295092505439], [36, 44, 0.15367067960566494], [37, 45, 0.8021888821167767], [38, 46, 0.4310435073396023], [40, 48, 0.9325205975291736], [41, 42, 0.8349978472062001], [41, 49, 0.07388542352561922], [42, 50, 0.03576179719443595], [43, 44, 0.5030043027329422], [44, 52, 0.04972258110105632], [45, 53, 0.49073746461594625], [46, 47, 0.8019019024774034], [48, 56, 0.48011181705850103], [49, 50, 0.4283660955662708], [50, 51, 0.20432363535899656], [50, 58, 0.9401300044347303], [51, 52, 0.5181269644486849], [51, 59, 0.8932604171206533], [52, 60, 0.12398593000558755], [53, 54, 0.2679832169125069], [53, 61, 0.9760532131337464], [7, 15, 0.09652499265619396], [15, 23, 0.036714763141909246], [23, 31, 0.6190407485252747], [31, 39, 0.030411702816467323], [47, 55, 0.7753687514006525], [56, 57, 0.7008382760272264], [58, 59, 0.995012754799526], [59, 60, 0.2818893029596785], [60, 61, 0.22948198969237654], [61, 62, 0.847675579208814], [62, 63, 0.5607146524122139]], "oriented": false, "discover": false, "dist": true, "mode": "map"}