{"pos": [[0, 0], [0, 1], [0, 2], [0, 3], [0, 4], [0, 5], [0, 6], [0, 7], [1, 0], [1, 1], [1, 2], [1, 3], [1, 4], [1, 5], [1, 6], [1, 7], [2, 0], [2, 1], [2, 2], [2, 3], [2, 4], [2, 5], [2, 6], [2, 7], [3, 0], [3, 1], [3, 2], [3, 3], [3, 4], [3, 5], [3, 6], [3, 7], [4, 0], [4, 1], [4, 2], [4, 3], [4, 4], [4, 5], [4, 6], [4, 7], [5, 0], [5, 1], [5, 2], [5, 3], [5, 4], [5, 5], [5, 6], [5, 7], [6, 0], [6, 1], [6, 2], [6, 3], [6, 4], [6, 5], [6, 6], [6, 7], [7, 0], [7, 1], [7, 2], [7, 3], [7, 4], [7, 5], [7, 6], [7, 7]], "edges": [[0, 1, 0.9651922272075429], [0, 8, 0.4537186242154376], [2, 3, 0.5639434571868511], [2, 10, 0.055479386860256885], [3, 11, 0.21174460220231317], [4, 5, 0.7603310858880763], [4, 12, 0.24320052640501566], [5, 6, 0.487953829388191], [5, 13, 0.9947144473890612], [6, 7, 0.3221087733024839], [6, 14, 0.9828656116848845], [8, 9, 0.5156156324006618], [8, 16, 0.46365705368628896], [9, 10, 0.5947467650667098], [9, 17, 0.7542276359489225], [10, 11, 0.06713559725321216], [11, 12, 0.7664350071686521], [11, 19, 0.0070770895827722], [12, 13, 0.25774650851348146], [12, 20, 0.9275551847247763], [13, 14, 0.8332125456269937], [14, 15, 0.5137626853319457], [16, 24, 0.464432480466637], [17, 18, 0.6661974702002019], [17, 25, 0.4525048309511932], [19, 20, 0.4692748704543015], [19, 27, 0.3220911081542678], [20, 21, 0.13067852153859294], [20, 28, 0.3928990365188879], [21, 22, 0.38835373936180495], [21, 29, 0.24166497477592752], [22, 23, 0.9147324160778], [22, 30, 0.1533695321654287], [24, 25, 0.12393651042193787], [24, 32, 0.4664167347897632], [25, 26, 0.9636938452003054], [28, 29, 0.5708995849611902], [29, 30, 0.5292257703081688], [30, 31, 0.23274582088070972], [30, 38, 0.9878601474874393], [32, 33, 0.5600792114342446], [32, 40, 0.8833303539826997], [33, 34, 0.5251001081787059], [34, 35, 0.24368521818413047], [34, 42, 0.8727704929920469], [35, 36, 0.8279055726314579], [36, 37, 0.14895809102599888], [36, 44, 0.6111574315589461], [37, 38, 0.039390421168673195], [37, 45, 0.19663142133490452], [38, 46, 0.7608259398355272], [40, 41, 0.3215293970380627], [40, 48, 0.31871196388277123], [41, 42, 0.8483372512264705], [41, 49, 0.8028698011940494], [42, 43, 0.7443688748454679], [42, 50, 0.8172969460754038], [44, 45, 0.588353094420984], [44, 52, 0.013510297432250185], [45, 53, 0.670823061308273], [46, 47, 0.607955444700284], [46, 54, 0.9866239488485721], [48, 56, 0.5423006662330335], [49, 50, 0.12472589657172672], [49, 57, 0.6662648675149985], [50, 51, 0.3622198233181634], [51, 59, 0.7954949337758017], [53, 54, 0.6747724873623472], [54, 62, 0.44441641962768874], [7, 15, 0.2019461787640705], [15, 23, 0.46057721928294215], [23, 31, 0.9968333971394797], [31, 39, 0.6275320374156854], [39, 47, 0.26161323142149495], [47, 55, 0.8899641622111187], [56, 57, 0.506264264685023], [57, 58, 0.06369699427015696], [59, 60, 0.898714068355571], [60, 61, 0.2135010332772065], [61, 62, 0.18189887054574194], [62, 63, 0.564138343709473]], "oriented": false, "discover": false, "dist": true, "mode": "map"}