{"pos": [[0, 0], [0, 1], [0, 2], [0, 3], [0, 4], [0, 5], [0, 6], [0, 7], [1, 0], [1, 1], [1, 2], [1, 3], [1, 4], [1, 5], [1, 6], [1, 7], [2, 0], [2, 1], [2, 2], [2, 3], [2, 4], [2, 5], [2, 6], [2, 7], [3, 0], [3, 1], [3, 2], [3, 3], [3, 4], [3, 5], [3, 6], [3, 7], [4, 0], [4, 1], [4, 2], [4, 3], [4, 4], [4, 5], [4, 6], [4, 7], [5, 0], [5, 1], [5, 2], [5, 3], [5, 4], [5, 5], [5, 6], [5, 7], [6, 0], [6, 1], [6, 2], [6, 3], [6, 4], [6, 5], [6, 6], [6, 7], [7, 0], [7, 1], [7, 2], [7, 3], [7, 4], [7, 5], [7, 6], [7, 7]], "edges": [[0, 1, 0.21549896899940013], [0, 8, 0.3700800885468578], [1, 9, 0.8761490445682687], [2, 3, 0.06861524524127971], [2, 10, 0.7450894354313802], [3, 4, 0.9545139698408154], [4, 5, 0.01032492461333101], [4, 12, 0.19215444915989222], [5, 6, 0.006460919490390182], [5, 13, 0.8483914644440557], [6, 7, 0.8557684018303194], [8, 9, 0.14677916187178797], [8, 16, 0.8254213941772225], [9, 10, 0.9203299165911342], [9, 17, 0.9653720907117107], [10, 18, 0.40783479188085847], [11, 12, 0.9201454528918578], [11, 19, 0.7170234067252939], [13, 14, 0.03958308293377], [13, 21, 0.1424830134303271], [14, 15, 0.6313800376487709], [17, 25, 0.10077218204178173], [18, 19, 0.6328621847276384], [18, 26, 0.4052256863331595], [20, 21, 0.9743576278727979], [20, 28, 0.2391751008309403], [21, 22, 0.29271644319049184], [21, 29, 0.5921566653718009], [22, 23, 0.7381329723532913], [22, 30, 0.1823572177626115], [24, 25, 0.5736636283075646], [24, 32, 0.9442881171444059], [25, 33, 0.09712534498232628], [26, 27, 0.9124749995250746], [27, 28, 0.8760800259818352], [27, 35, 0.5808435982092685], [28, 29, 0.31900416731385905], [28, 36, 0.4054594623693738], [29, 37, 0.8622528846663923], [30, 31, 0.46534758974079493], [32, 40, 0.9966105907811211], [33, 34, 0.37818326139427594], [33, 41, 0.30634302686322834], [34, 35, 0.7087195127832678], [34, 42, 0.35416945579631676], [35, 36, 0.9989372969205693], [35, 43, 0.47602227310991674], [36, 37, 0.7092637646919827], [36, 44, 0.6613148719112005], [37, 38, 0.6450823286628096], [37, 45, 0.3467739532208032], [38, 46, 0.7207272272560517], [41, 42, 0.7511722620419096], [41, 49, 0.5105432512663282], [42, 43, 0.8101703914173253], [42, 50, 0.8400257357655879], [43, 44, 0.5153567208889639], [43, 51, 0.9502121050850075], [44, 52, 0.7727735070893647], [45, 46, 0.8185233305026044], [45, 53, 0.11804966125620142], [46, 47, 0.7596080077627313], [46, 54, 0.7509892448895558], [48, 49, 0.10309567811497256], [49, 57, 0.589277610787391], [51, 59, 0.43743867052327257], [52, 53, 0.8941659802725783], [52, 60, 0.02426811140133811], [53, 61, 0.006781607775956711], [54, 55, 0.42779691603780323], [23, 31, 0.5161646557505983], [31, 39, 0.7916343305234872], [39, 47, 0.17620166174131713], [47, 55, 0.6256054958323584], [56, 57, 0.5010996339520625], [57, 58, 0.8599493849078437], [59, 60, 0.17143657438892712], [60, 61, 0.8443129011816609], [61, 62, 0.8908620092128096], [62, 63, 0.23771999892250795]], "oriented": false, "discover": false, "dist": true, "mode": "map"}