{"pos": [[0, 0], [0, 1], [0, 2], [0, 3], [0, 4], [0, 5], [0, 6], [0, 7], [1, 0], [1, 1], [1, 2], [1, 3], [1, 4], [1, 5], [1, 6], [1, 7], [2, 0], [2, 1], [2, 2], [2, 3], [2, 4], [2, 5], [2, 6], [2, 7], [3, 0], [3, 1], [3, 2], [3, 3], [3, 4], [3, 5], [3, 6], [3, 7], [4, 0], [4, 1], [4, 2], [4, 3], [4, 4], [4, 5], [4, 6], [4, 7], [5, 0], [5, 1], [5, 2], [5, 3], [5, 4], [5, 5], [5, 6], [5, 7], [6, 0], [6, 1], [6, 2], [6, 3], [6, 4], [6, 5], [6, 6], [6, 7], [7, 0], [7, 1], [7, 2], [7, 3], [7, 4], [7, 5], [7, 6], [7, 7]], "edges": [[0, 1, 0.8668457841242385], [0, 8, 0.707917542272763], [1, 2, 0.7036180067994616], [1, 9, 0.20747965159380288], [2, 3, 0.6317137076330007], [2, 10, 0.8161982155971937], [3, 4, 0.41326314918592233], [3, 11, 0.5188440661434308], [4, 5, 0.7935432177181818], [4, 12, 0.5079207173438347], [5, 6, 0.5076856887192353], [6, 7, 0.7976265818802852], [6, 14, 0.21371266008663758], [8, 9, 0.9739659622383487], [8, 16, 0.46648110158005374], [9, 10, 0.874103448923195], [9, 17, 0.44467347485150566], [10, 18, 0.11325744546773886], [11, 19, 0.5567831704111252], [12, 13, 0.798895581929502], [12, 20, 0.7999331389226589], [14, 15, 0.9791117082010561], [14, 22, 0.009732690962722335], [16, 24, 0.707049543561635], [17, 18, 0.5677879612336137], [17, 25, 0.09857293309381543], [18, 26, 0.16199604469017048], [19, 20, 0.105400448653306], [19, 27, 0.14292799345261153], [20, 21, 0.6720400925908605], [20, 28, 0.5589915500049989], [21, 29, 0.23696726594579953], [22, 23, 0.41035806566117927], [24, 25, 0.9041968980286315], [24, 32, 0.38097641263971194], [25, 26, 0.7206754663124025], [25, 33, 0.6280349156452316], [26, 27, 0.1367997968684479], [27, 28, 0.5099379217232796], [27, 35, 0.13069842468347126], [28, 36, 0.5697547067452807], [29, 30, 0.6302195719599789], [29, 37, 0.18068194002525706], [30, 31, 0.3217194074535217], [30, 38, 0.42156428386155254], [32, 40, 0.9157567937728557], [33, 34, 0.1337097382373591], [33, 41, 0.04338019936240567], [34, 35, 0.2513446675211104], [35, 36, 0.09843205987956183], [35, 43, 0.3744759924929004], [36, 44, 0.10293266951773239], [37, 38, 0.5046899622183053], [37, 45, 0.588025804649405], [38, 46, 0.5219176024312542], [40, 41, 0.7161166053735475], [40, 48, 0.7361503846468307], [41, 42, 0.6909560243801979], [41, 49, 0.28170030864106765], [42, 43, 0.2833411072352511], [43, 51, 0.6873258208611018], [44, 52, 0.3056986509143219], [45, 46, 0.7039082039408181], [48, 49, 0.7885588738170165], [48, 56, 0.22248167257696494], [49, 50, 0.5304395496222214], [49, 57, 0.8464023435637469], [50, 51, 0.9018246452221257], [50, 58, 0.15112574754626518], [51, 52, 0.19714101046721422], [51, 59, 0.4076619488229726], [52, 53, 0.2034791022526734], [53, 54, 0.7393358268076977], [53, 61, 0.4606316566202715], [54, 55, 0.5492325820663913], [54, 62, 0.4588873872416871], [7, 15, 0.6357828123107693], [31, 39, 0.9211245085533775], [39, 47, 0.5569729306034823], [59, 60, 0.6951191797429526], [62, 63, 0.9259063579639154]], "oriented": false, "discover": false, "dist": true, "mode": "map"}