{"pos": [[0, 0], [0, 1], [0, 2], [0, 3], [0, 4], [0, 5], [0, 6], [0, 7], [1, 0], [1, 1], [1, 2], [1, 3], [1, 4], [1, 5], [1, 6], [1, 7], [2, 0], [2, 1], [2, 2], [2, 3], [2, 4], [2, 5], [2, 6], [2, 7], [3, 0], [3, 1], [3, 2], [3, 3], [3, 4], [3, 5], [3, 6], [3, 7], [4, 0], [4, 1], [4, 2], [4, 3], [4, 4], [4, 5], [4, 6], [4, 7], [5, 0], [5, 1], [5, 2], [5, 3], [5, 4], [5, 5], [5, 6], [5, 7], [6, 0], [6, 1], [6, 2], [6, 3], [6, 4], [6, 5], [6, 6], [6, 7], [7, 0], [7, 1], [7, 2], [7, 3], [7, 4], [7, 5], [7, 6], [7, 7]], "edges": [[0, 1, 0.22249832982235618], [0, 8, 0.81020930695892], [2, 3, 0.24350264035503466], [2, 10, 0.1702780405351657], [3, 4, 0.6032373531212396], [3, 11, 0.4145676104434769], [4, 5, 0.9588851132678814], [5, 6, 0.6737038215991464], [6, 7, 0.83316339155201], [8, 9, 0.5184238181804116], [8, 16, 0.3042534496194724], [9, 10, 0.6425504735807743], [9, 17, 0.6806491857024844], [10, 11, 0.7545636432842677], [11, 12, 0.435347203001508], [12, 13, 0.7132252367114457], [12, 20, 0.908190892327328], [13, 14, 0.9232597233665291], [14, 15, 0.6156018126925543], [14, 22, 0.79412413933409], [16, 24, 0.7523838127796906], [17, 18, 0.6794555654195751], [17, 25, 0.06308862446731611], [18, 19, 0.06331190941821574], [18, 26, 0.2033007996352193], [19, 27, 0.34608276809403327], [20, 21, 0.4860087584481818], [22, 30, 0.621374903619342], [24, 32, 0.613491959377796], [25, 26, 0.14558435718861207], [25, 33, 0.4779136803290629], [26, 27, 0.6362355894062705], [26, 34, 0.027314656822762906], [27, 28, 0.6056202622640241], [27, 35, 0.6586474054201356], [28, 29, 0.36348431262154923], [28, 36, 0.7847497107017507], [29, 30, 0.2791613388689642], [29, 37, 0.19179121841165236], [30, 31, 0.40480436769746286], [30, 38, 0.08190901232692982], [32, 40, 0.23927797686541952], [33, 41, 0.46188363915615616], [34, 35, 0.3152737970323536], [34, 42, 0.07442282986777504], [36, 37, 0.5823418254657832], [36, 44, 0.16025810619828007], [37, 45, 0.18401070389081098], [38, 39, 0.6256687257952988], [38, 46, 0.18582784414279063], [40, 41, 0.5763027865835398], [41, 49, 0.6680639485204498], [42, 43, 0.2662404830974655], [43, 44, 0.5896806846600843], [43, 51, 0.37698450994420984], [44, 45, 0.3108200853403428], [45, 46, 0.8808299086835286], [45, 53, 0.6063435943134955], [46, 54, 0.48328782409674376], [48, 49, 0.16864807290556794], [48, 56, 0.03133289186970001], [49, 50, 0.4164943419183459], [49, 57, 0.9481301220016068], [50, 51, 0.6263763265475165], [50, 58, 0.7640082346464769], [51, 52, 0.5204748900071412], [52, 53, 0.591302119326516], [52, 60, 0.49648167728775394], [53, 54, 0.19570440738062211], [53, 61, 0.6450940031584901], [15, 23, 0.8776937528111493], [23, 31, 0.46603093380573657], [31, 39, 0.27180064931404213], [39, 47, 0.402241861450797], [47, 55, 0.9074834144670711], [56, 57, 0.9107964299993038], [57, 58, 0.1586066666857131], [58, 59, 0.6611804856796593], [60, 61, 0.023431714637203394], [61, 62, 0.9746201403176025], [62, 63, 0.5726607594364859]], "oriented": false, "discover": false, "dist": true, "mode": "map"}