{"pos": [[0, 0], [0, 1], [0, 2], [0, 3], [0, 4], [0, 5], [0, 6], [0, 7], [1, 0], [1, 1], [1, 2], [1, 3], [1, 4], [1, 5], [1, 6], [1, 7], [2, 0], [2, 1], [2, 2], [2, 3], [2, 4], [2, 5], [2, 6], [2, 7], [3, 0], [3, 1], [3, 2], [3, 3], [3, 4], [3, 5], [3, 6], [3, 7], [4, 0], [4, 1], [4, 2], [4, 3], [4, 4], [4, 5], [4, 6], [4, 7], [5, 0], [5, 1], [5, 2], [5, 3], [5, 4], [5, 5], [5, 6], [5, 7], [6, 0], [6, 1], [6, 2], [6, 3], [6, 4], [6, 5], [6, 6], [6, 7], [7, 0], [7, 1], [7, 2], [7, 3], [7, 4], [7, 5], [7, 6], [7, 7]], "edges": [[0, 1, 0.3302965722872403], [0, 8, 0.5877987391653304], [1, 2, 0.6915136551024162], [1, 9, 0.4270864981388358], [2, 3, 0.886436687412859], [3, 4, 0.4875952239322481], [3, 11, 0.6784871542786758], [4, 5, 0.356675913921239], [5, 6, 0.9732777376584169], [6, 7, 0.3046031964494257], [6, 14, 0.9348814898816655], [9, 10, 0.4826310331916932], [9, 17, 0.9028848502278838], [10, 18, 0.9627939541387429], [11, 12, 0.8751415933709749], [12, 13, 0.3475879315466409], [12, 20, 0.49250127252515474], [13, 14, 0.45824939647377294], [13, 21, 0.09683438883036188], [14, 15, 0.6151728844047543], [14, 22, 0.5613207799611032], [16, 17, 0.9057246156207884], [17, 18, 0.9974041610489938], [17, 25, 0.9403172838043969], [18, 19, 0.9206547717466844], [18, 26, 0.7117465169758934], [19, 20, 0.5317742473035232], [20, 28, 0.08295736119686736], [24, 25, 0.060485307122113086], [24, 32, 0.22770602357216285], [25, 33, 0.4709673159660084], [26, 27, 0.8070409121999972], [26, 34, 0.18996327881408437], [27, 28, 0.845541422259488], [28, 29, 0.0023213392097710672], [28, 36, 0.3539628913078958], [29, 30, 0.627170367115285], [29, 37, 0.786560915033756], [30, 31, 0.8660128655611936], [30, 38, 0.19644854223493968], [32, 33, 0.16604944295161728], [33, 34, 0.36343891495930436], [33, 41, 0.18655719657338243], [34, 42, 0.5515725473491597], [35, 36, 0.43094114673110506], [35, 43, 0.7413767148754922], [36, 44, 0.20753438622920606], [37, 38, 0.8644872050771033], [37, 45, 0.5817807438638088], [38, 39, 0.7419043197033062], [38, 46, 0.2950530642357676], [40, 41, 0.9116555166381227], [40, 48, 0.905705820629543], [41, 42, 0.989891138587598], [41, 49, 0.25941410076582083], [43, 44, 0.7107917907239387], [44, 52, 0.06131774546505775], [45, 46, 0.723195529491557], [46, 54, 0.24466301982589012], [49, 57, 0.5641992418243338], [50, 51, 0.5859406669436198], [50, 58, 0.8302279239853464], [51, 52, 0.5231938697448095], [51, 59, 0.5820290166057279], [52, 53, 0.6310614332299961], [52, 60, 0.5421390687505219], [53, 54, 0.30216623955922395], [53, 61, 0.56365898460127], [54, 55, 0.5872464623539748], [54, 62, 0.6298595042507871], [7, 15, 0.49610309619198323], [15, 23, 0.8697974228733804], [23, 31, 0.625767096944606], [31, 39, 0.09198417353019828], [39, 47, 0.47853013946856915], [47, 55, 0.31114131080849206], [55, 63, 0.706126071121581], [56, 57, 0.8156024194048267], [58, 59, 0.8910480704525001], [61, 62, 0.0055644973577031465], [62, 63, 0.2061120315363324]], "oriented": false, "discover": false, "dist": true, "mode": "map"}