{"pos": [[0, 0], [0, 1], [0, 2], [0, 3], [0, 4], [0, 5], [0, 6], [0, 7], [1, 0], [1, 1], [1, 2], [1, 3], [1, 4], [1, 5], [1, 6], [1, 7], [2, 0], [2, 1], [2, 2], [2, 3], [2, 4], [2, 5], [2, 6], [2, 7], [3, 0], [3, 1], [3, 2], [3, 3], [3, 4], [3, 5], [3, 6], [3, 7], [4, 0], [4, 1], [4, 2], [4, 3], [4, 4], [4, 5], [4, 6], [4, 7], [5, 0], [5, 1], [5, 2], [5, 3], [5, 4], [5, 5], [5, 6], [5, 7], [6, 0], [6, 1], [6, 2], [6, 3], [6, 4], [6, 5], [6, 6], [6, 7], [7, 0], [7, 1], [7, 2], [7, 3], [7, 4], [7, 5], [7, 6], [7, 7]], "edges": [[0, 1, 0.5404819340711013], [0, 8, 0.7436024757671048], [1, 2, 0.10822503291430496], [1, 9, 0.7043897798890871], [2, 3, 0.8203285957667515], [2, 10, 0.2315246945068684], [3, 4, 0.07402148868017999], [4, 5, 0.6003032589124611], [4, 12, 0.3719860439676054], [5, 6, 0.8109382311631287], [5, 13, 0.0742968391356903], [6, 7, 0.9256076913732545], [6, 14, 0.6725391523801197], [8, 9, 0.37124450588229774], [8, 16, 0.5637268504451248], [9, 17, 0.8328991641728136], [10, 11, 0.29659169491993], [10, 18, 0.6900323092023638], [11, 12, 0.09328782338054076], [11, 19, 0.9870567583286272], [12, 20, 0.8464403219242811], [14, 15, 0.9104502404882516], [14, 22, 0.3951584973281773], [16, 24, 0.22801166591476785], [17, 18, 0.14523581000411967], [17, 25, 0.8755782098136865], [18, 26, 0.49297887196948165], [19, 27, 0.20058283831196577], [21, 22, 0.74210945311037], [22, 23, 0.7360121642372319], [22, 30, 0.1559528630590583], [24, 32, 0.060108903239657785], [25, 33, 0.5960079873561608], [27, 28, 0.017764444079054864], [27, 35, 0.9802657048654309], [28, 29, 0.6953227979243017], [28, 36, 0.09436001495730784], [29, 30, 0.8962202491622401], [29, 37, 0.37308357047025664], [30, 38, 0.4963272562742552], [32, 33, 0.8353539535169623], [32, 40, 0.08184844656223023], [33, 34, 0.5556220115527747], [33, 41, 0.14575989878004758], [34, 42, 0.6822808678196527], [35, 43, 0.15283795853125437], [36, 37, 0.5382931539663813], [37, 38, 0.5634001174972306], [37, 45, 0.19294255072861022], [38, 46, 0.08014713681506991], [41, 42, 0.389668142939973], [41, 49, 0.08101428333866223], [42, 43, 0.17552489059239063], [43, 44, 0.7605051310347709], [43, 51, 0.8089203178007343], [44, 45, 0.25536284946629584], [44, 52, 0.852223791729722], [45, 46, 0.24297751200636797], [45, 53, 0.3678458625695332], [46, 47, 0.40676171709267084], [46, 54, 0.7078040954653118], [48, 49, 0.09722806765830061], [48, 56, 0.5998057182203711], [49, 50, 0.6833210128229426], [49, 57, 0.8233538456492123], [50, 51, 0.12473958510040906], [50, 58, 0.01108887676573267], [51, 52, 0.49246148812553625], [51, 59, 0.8750903326716779], [52, 60, 0.48666636268267616], [53, 54, 0.6936575195132362], [54, 55, 0.4471340265041168], [54, 62, 0.1252313106955597], [23, 31, 0.11504889735131418], [31, 39, 0.6468727399089078], [39, 47, 0.7119264642653919], [55, 63, 0.14602449271112106], [57, 58, 0.3409704812465978], [59, 60, 0.2883822318864181], [60, 61, 0.3939047323998175], [61, 62, 0.756019542959427]], "oriented": false, "discover": false, "dist": true, "mode": "map"}