{"pos": [[0, 0], [0, 1], [0, 2], [0, 3], [0, 4], [0, 5], [0, 6], [0, 7], [1, 0], [1, 1], [1, 2], [1, 3], [1, 4], [1, 5], [1, 6], [1, 7], [2, 0], [2, 1], [2, 2], [2, 3], [2, 4], [2, 5], [2, 6], [2, 7], [3, 0], [3, 1], [3, 2], [3, 3], [3, 4], [3, 5], [3, 6], [3, 7], [4, 0], [4, 1], [4, 2], [4, 3], [4, 4], [4, 5], [4, 6], [4, 7], [5, 0], [5, 1], [5, 2], [5, 3], [5, 4], [5, 5], [5, 6], [5, 7], [6, 0], [6, 1], [6, 2], [6, 3], [6, 4], [6, 5], [6, 6], [6, 7], [7, 0], [7, 1], [7, 2], [7, 3], [7, 4], [7, 5], [7, 6], [7, 7]], "edges": [[0, 1, 0.06694943863013492], [0, 8, 0.5725386393767676], [1, 2, 0.9888959209113671], [1, 9, 0.08647242130018262], [2, 3, 0.7659459770906786], [2, 10, 0.06864504443853903], [3, 4, 0.23942987560740492], [3, 11, 0.81069859096896], [4, 5, 0.2836924834564186], [4, 12, 0.6026841420857161], [5, 6, 0.6625880606057936], [5, 13, 0.8574698187273861], [6, 7, 0.5026366214447121], [6, 14, 0.060559574348234], [8, 16, 0.617623037577437], [9, 10, 0.6722959118154017], [9, 17, 0.8826809218762748], [10, 11, 0.6170333809430882], [10, 18, 0.9282234142967369], [11, 19, 0.39255260582214424], [12, 20, 0.8954085920903737], [14, 15, 0.1405873296928326], [14, 22, 0.5080925965275122], [16, 24, 0.353379050997335], [17, 25, 0.9234578247090975], [18, 19, 0.4185843932312524], [18, 26, 0.6171155534362022], [19, 20, 0.650285820708753], [20, 28, 0.663480777854872], [21, 22, 0.027946954794210055], [22, 30, 0.8824256533214495], [24, 32, 0.655292366737335], [25, 26, 0.5175107906221127], [26, 27, 0.23856146280676993], [26, 34, 0.38937930079823013], [27, 28, 0.08326666641341685], [27, 35, 0.2941523090963436], [28, 29, 0.5231092933467898], [29, 30, 0.7715599332578408], [29, 37, 0.7091470022968649], [30, 31, 0.625068003942015], [30, 38, 0.6453933418070513], [32, 33, 0.7631034826628974], [32, 40, 0.9003443334870902], [33, 34, 0.014454102128899637], [33, 41, 0.5262303567640133], [34, 35, 0.06230395646609754], [34, 42, 0.9140729206166316], [35, 36, 0.6009289911446656], [35, 43, 0.30361429524769423], [36, 37, 0.8330186005939618], [37, 45, 0.3172418398787433], [38, 39, 0.29206192284915033], [38, 46, 0.579048585635418], [40, 48, 0.07931022303594792], [41, 42, 0.7979787399168543], [41, 49, 0.8868841933708488], [42, 50, 0.44407536320647456], [43, 44, 0.30649811262660887], [43, 51, 0.4133421109968891], [44, 52, 0.12565956696653835], [46, 47, 0.62423127065022], [46, 54, 0.2787939767520823], [48, 56, 0.9594378593116664], [49, 50, 0.3739177013653764], [49, 57, 0.2304945910584889], [50, 51, 0.48534120597645214], [50, 58, 0.18175008644652413], [51, 52, 0.9593429168545702], [52, 53, 0.9328104024816334], [52, 60, 0.44583023267555133], [53, 61, 0.8194566579325109], [54, 55, 0.40199091340584425], [54, 62, 0.12311642270167045], [7, 15, 0.35935744993893437], [15, 23, 0.5949729933329914], [31, 39, 0.7512328041964008], [39, 47, 0.1316517457088462], [55, 63, 0.5548432084916317], [57, 58, 0.581292734379752], [58, 59, 0.04480760026911923]], "oriented": false, "discover": false, "dist": true, "mode": "map"}