{"pos": [[0, 0], [0, 1], [0, 2], [0, 3], [0, 4], [0, 5], [0, 6], [0, 7], [1, 0], [1, 1], [1, 2], [1, 3], [1, 4], [1, 5], [1, 6], [1, 7], [2, 0], [2, 1], [2, 2], [2, 3], [2, 4], [2, 5], [2, 6], [2, 7], [3, 0], [3, 1], [3, 2], [3, 3], [3, 4], [3, 5], [3, 6], [3, 7], [4, 0], [4, 1], [4, 2], [4, 3], [4, 4], [4, 5], [4, 6], [4, 7], [5, 0], [5, 1], [5, 2], [5, 3], [5, 4], [5, 5], [5, 6], [5, 7], [6, 0], [6, 1], [6, 2], [6, 3], [6, 4], [6, 5], [6, 6], [6, 7], [7, 0], [7, 1], [7, 2], [7, 3], [7, 4], [7, 5], [7, 6], [7, 7]], "edges": [[0, 1, 0.02359435014138489], [0, 8, 0.9265112935952678], [1, 2, 0.8512364717379315], [1, 9, 0.24211423611456828], [2, 3, 0.8531761730712598], [3, 4, 0.5831038699971572], [3, 11, 0.24813616050331888], [4, 5, 0.723478954409098], [5, 6, 0.89526725558162], [5, 13, 0.985529497677608], [6, 7, 0.3497682209563603], [8, 9, 0.9122038196160274], [8, 16, 0.08661342075047873], [9, 10, 0.1558961760113411], [9, 17, 0.08359084703151876], [10, 11, 0.9742788363755723], [12, 13, 0.020411635869247102], [12, 20, 0.5995580873535865], [13, 14, 0.21951864233947493], [13, 21, 0.7480254402553633], [14, 15, 0.4113429887423605], [14, 22, 0.17966152508483124], [16, 24, 0.997567141583572], [17, 18, 0.461252148106712], [18, 19, 0.9273653441588895], [18, 26, 0.06928510608981031], [19, 20, 0.8572972437574395], [19, 27, 0.8155163664744557], [21, 22, 0.024890265244590593], [21, 29, 0.8787253192651459], [22, 23, 0.7019426028702581], [24, 25, 0.1489330925054726], [24, 32, 0.6492947015972075], [25, 26, 0.8280577447892743], [25, 33, 0.3065078026807946], [26, 27, 0.9906095812714111], [27, 35, 0.2395711932752378], [28, 29, 0.9830568488050294], [29, 30, 0.29969292012631554], [29, 37, 0.9607479585297043], [30, 31, 0.1407245241548577], [30, 38, 0.5287666936272541], [32, 33, 0.7477071172966634], [33, 34, 0.9052398288807563], [33, 41, 0.29303255407627193], [34, 35, 0.2955189102454593], [35, 36, 0.267277332425922], [35, 43, 0.8610337903342495], [36, 37, 0.12974184609849448], [37, 38, 0.21784467886697234], [37, 45, 0.986293891688409], [38, 39, 0.07344589549059899], [40, 41, 0.12182080479520907], [40, 48, 0.8608237834274667], [41, 42, 0.2727898818318538], [41, 49, 0.13680186633405378], [42, 43, 0.8172051972938964], [43, 44, 0.3872960308074509], [43, 51, 0.11417086505019636], [45, 46, 0.9704768414556603], [45, 53, 0.8312846728635803], [46, 54, 0.9073805123685427], [48, 56, 0.5973518977235205], [49, 50, 0.4313878832822676], [49, 57, 0.2851195181998173], [50, 51, 0.7130792976238066], [50, 58, 0.7971684404635013], [51, 52, 0.38978895105461964], [51, 59, 0.9629851517753687], [53, 54, 0.0277160204289022], [53, 61, 0.31480663083509464], [54, 55, 0.6761729130099826], [54, 62, 0.07295540384357302], [23, 31, 0.8380709428460188], [31, 39, 0.8180462323348615], [39, 47, 0.7343466387849075], [55, 63, 0.9779641673917908], [56, 57, 0.6895260120033752], [58, 59, 0.4110747330949327], [59, 60, 0.1960106415035191], [62, 63, 0.6011335160458898]], "oriented": false, "discover": false, "dist": true, "mode": "map"}