{"pos": [[0, 0], [0, 1], [0, 2], [0, 3], [0, 4], [0, 5], [0, 6], [0, 7], [1, 0], [1, 1], [1, 2], [1, 3], [1, 4], [1, 5], [1, 6], [1, 7], [2, 0], [2, 1], [2, 2], [2, 3], [2, 4], [2, 5], [2, 6], [2, 7], [3, 0], [3, 1], [3, 2], [3, 3], [3, 4], [3, 5], [3, 6], [3, 7], [4, 0], [4, 1], [4, 2], [4, 3], [4, 4], [4, 5], [4, 6], [4, 7], [5, 0], [5, 1], [5, 2], [5, 3], [5, 4], [5, 5], [5, 6], [5, 7], [6, 0], [6, 1], [6, 2], [6, 3], [6, 4], [6, 5], [6, 6], [6, 7], [7, 0], [7, 1], [7, 2], [7, 3], [7, 4], [7, 5], [7, 6], [7, 7]], "edges": [[0, 1, 0.2453766737612708], [0, 8, 0.08248333055181134], [1, 2, 0.17417468614378429], [1, 9, 0.021825183033240325], [2, 3, 0.21745153554561558], [2, 10, 0.2764344233286705], [3, 4, 0.08580023974648876], [3, 11, 0.9388575969338542], [4, 5, 0.5649155928086477], [4, 12, 0.3320348567365434], [5, 6, 0.3133850229104438], [5, 13, 0.2031750177099173], [6, 7, 0.7287490220488723], [6, 14, 0.6980884685471761], [9, 17, 0.30698461886345985], [12, 13, 0.8268459232131459], [12, 20, 0.8257056954024935], [13, 14, 0.13645361222643382], [13, 21, 0.6853571423404109], [14, 15, 0.2792962548515314], [14, 22, 0.9087628521571163], [16, 17, 0.13380480700306796], [16, 24, 0.1497616973437118], [17, 18, 0.3220755781824891], [17, 25, 0.8528182365444439], [18, 19, 0.30831279397012], [18, 26, 0.6553711541935566], [20, 28, 0.9399347284883828], [21, 22, 0.924927378555615], [21, 29, 0.8828316115955079], [22, 23, 0.059259718853751364], [22, 30, 0.09066484154495802], [24, 25, 0.7401060039428942], [24, 32, 0.8155565581995358], [25, 26, 0.7588561910595448], [25, 33, 0.7552649692588508], [26, 27, 0.009522930046040878], [26, 34, 0.6417036520832826], [27, 28, 0.41826391617143366], [27, 35, 0.8340232000497851], [28, 36, 0.9395699473379289], [30, 31, 0.02360816773405705], [32, 33, 0.2335345314616799], [32, 40, 0.6867515089235551], [33, 34, 0.4143953940723665], [33, 41, 0.06787048324547407], [34, 42, 0.09357421411221112], [35, 36, 0.2608903526639922], [35, 43, 0.6779190212554962], [36, 37, 0.502646536770187], [36, 44, 0.9288048361719022], [37, 38, 0.28718268985732576], [37, 45, 0.8990047843987091], [38, 46, 0.12632726024429997], [40, 48, 0.36395528602363303], [41, 42, 0.6153690123605194], [41, 49, 0.28399497858657263], [42, 43, 0.3152869396102046], [42, 50, 0.5248886462213359], [43, 44, 0.07576000208280542], [43, 51, 0.774549260117416], [44, 45, 0.516660455074578], [44, 52, 0.8907933531544623], [45, 46, 0.12903886643174245], [45, 53, 0.2639284234696929], [46, 47, 0.3051176485287679], [48, 49, 0.4132179480957452], [49, 57, 0.13313531696286085], [51, 52, 0.9154101425526585], [51, 59, 0.6082531600632506], [52, 60, 0.346976132232956], [53, 54, 0.21240508879654474], [53, 61, 0.6023839537602035], [54, 62, 0.3226217230930075], [15, 23, 0.8574159596168854], [31, 39, 0.752951149518019], [47, 55, 0.9678392769787525], [55, 63, 0.9560481389949319], [56, 57, 0.12765354505924764], [57, 58, 0.879920594196067], [59, 60, 0.5926693441686663]], "oriented": false, "discover": false, "dist": true, "mode": "map"}