{"pos": [[0, 0], [0, 1], [0, 2], [0, 3], [0, 4], [0, 5], [0, 6], [0, 7], [1, 0], [1, 1], [1, 2], [1, 3], [1, 4], [1, 5], [1, 6], [1, 7], [2, 0], [2, 1], [2, 2], [2, 3], [2, 4], [2, 5], [2, 6], [2, 7], [3, 0], [3, 1], [3, 2], [3, 3], [3, 4], [3, 5], [3, 6], [3, 7], [4, 0], [4, 1], [4, 2], [4, 3], [4, 4], [4, 5], [4, 6], [4, 7], [5, 0], [5, 1], [5, 2], [5, 3], [5, 4], [5, 5], [5, 6], [5, 7], [6, 0], [6, 1], [6, 2], [6, 3], [6, 4], [6, 5], [6, 6], [6, 7], [7, 0], [7, 1], [7, 2], [7, 3], [7, 4], [7, 5], [7, 6], [7, 7]], "edges": [[0, 1, 0.412431871959968], [0, 8, 0.6649763787741579], [1, 2, 0.15251345009378092], [1, 9, 6.571330781113272e-05], [2, 3, 0.23435995437231438], [2, 10, 0.7524941102927077], [3, 4, 0.6530062054246656], [3, 11, 0.5679302459913936], [4, 5, 0.9516564049998818], [4, 12, 0.02843697465232975], [5, 6, 0.08039123893198186], [6, 7, 0.14641021573717827], [6, 14, 0.9156883885077266], [8, 9, 0.6932895959060561], [9, 17, 0.43557457367391783], [12, 13, 0.3856577079489809], [12, 20, 0.3106521654599833], [13, 14, 0.37753191918415707], [14, 22, 0.23713450012803106], [16, 17, 0.7810488031330287], [16, 24, 0.2798251028746007], [17, 18, 0.14796750544200776], [17, 25, 0.8165865039998685], [18, 26, 0.8560499807383526], [19, 20, 0.5350866838046948], [20, 21, 0.29834871651941974], [20, 28, 0.576827361293036], [21, 22, 0.44365886085821193], [21, 29, 0.9953901286626394], [22, 23, 0.03723910692990451], [25, 26, 0.8942672331385555], [25, 33, 0.9423432782639344], [26, 27, 0.8960221860202408], [27, 28, 0.37526074284223754], [27, 35, 0.22725580821552316], [28, 29, 0.9994016063238678], [28, 36, 0.6569043432765694], [29, 30, 0.031460205739594294], [29, 37, 0.08786845130555354], [30, 31, 0.3368958059241369], [32, 33, 0.41213154483270786], [33, 34, 0.28858961807691264], [33, 41, 0.6173219395393513], [34, 35, 0.5880630790987357], [34, 42, 0.27999495514678896], [35, 43, 0.5930691145455452], [36, 37, 0.32232821230247843], [36, 44, 0.16829369549317874], [37, 38, 0.07092675774327717], [37, 45, 0.6024232570109002], [40, 41, 0.8614629465006843], [40, 48, 0.25190460564724293], [41, 42, 0.5648270991569363], [41, 49, 0.195426587414243], [42, 43, 0.5802979312503745], [43, 51, 0.9187587337638694], [44, 45, 0.2430406345681222], [44, 52, 0.17451091018568943], [45, 46, 0.41060470784560366], [46, 47, 0.15867849559331948], [49, 50, 0.5819710663549207], [49, 57, 0.7763139450454809], [50, 51, 0.7943835093195781], [51, 52, 0.5243231884602415], [51, 59, 0.6584944638178841], [52, 53, 0.44775805181510564], [52, 60, 0.39568930516462586], [53, 54, 0.552021033283884], [53, 61, 0.7566912856692382], [54, 55, 0.6171592571644978], [54, 62, 0.9350678468271898], [7, 15, 0.17949764445212912], [15, 23, 0.63847927744264], [31, 39, 0.6044950639469047], [39, 47, 0.04113767605825891], [47, 55, 0.6039114795894263], [55, 63, 0.13578434052760313], [56, 57, 0.010953311269137012], [57, 58, 0.8024033427856584], [58, 59, 0.8723962965543482], [61, 62, 0.17214520222325935]], "oriented": false, "discover": false, "dist": true, "mode": "map"}