{"pos": [[0, 0], [0, 1], [0, 2], [0, 3], [0, 4], [0, 5], [0, 6], [0, 7], [0, 8], [1, 0], [1, 1], [1, 2], [1, 3], [1, 4], [1, 5], [1, 6], [1, 7], [1, 8], [2, 0], [2, 1], [2, 2], [2, 3], [2, 4], [2, 5], [2, 6], [2, 7], [2, 8], [3, 0], [3, 1], [3, 2], [3, 3], [3, 4], [3, 5], [3, 6], [3, 7], [3, 8], [4, 0], [4, 1], [4, 2], [4, 3], [4, 4], [4, 5], [4, 6], [4, 7], [4, 8], [5, 0], [5, 1], [5, 2], [5, 3], [5, 4], [5, 5], [5, 6], [5, 7], [5, 8], [6, 0], [6, 1], [6, 2], [6, 3], [6, 4], [6, 5], [6, 6], [6, 7], [6, 8], [7, 0], [7, 1], [7, 2], [7, 3], [7, 4], [7, 5], [7, 6], [7, 7], [7, 8], [8, 0], [8, 1], [8, 2], [8, 3], [8, 4], [8, 5], [8, 6], [8, 7], [8, 8]], "edges": [[0, 1, 0.22540673372684894], [0, 9, 0.6494817794389891], [1, 2, 0.7379331834355524], [1, 10, 0.22284866998175934], [2, 3, 0.8712990609450144], [2, 11, 0.5599138640063834], [3, 4, 0.4414360452583844], [3, 12, 0.0466924422979329], [4, 5, 0.8507691768879114], [5, 6, 0.6347597936439625], [5, 14, 0.44912903622208733], [6, 7, 0.8887439843215219], [6, 15, 0.7314308525745679], [7, 8, 0.27417606646744463], [7, 16, 0.829770146320388], [9, 18, 0.21221751248970233], [10, 11, 0.2005934515624892], [10, 19, 0.41112488051208806], [11, 12, 0.37230116708227023], [11, 20, 0.9247080978360209], [12, 13, 0.14286485619864964], [12, 21, 0.27172442991105916], [13, 14, 0.5076610133663044], [14, 15, 0.41918000325077565], [14, 23, 0.8345653316912569], [15, 24, 0.08374088333886565], [16, 17, 0.6522804799131807], [16, 25, 0.6447370526157258], [18, 19, 0.4204607287749377], [18, 27, 0.8291548351745607], [19, 20, 0.7382046944765378], [19, 28, 0.21569251266944423], [20, 29, 0.3111889437010894], [21, 22, 0.4366532791468516], [21, 30, 0.35834448437572464], [22, 23, 0.14040910437976517], [22, 31, 0.17269148414074642], [23, 32, 0.6733139927976779], [24, 25, 0.6482482013537345], [24, 33, 0.6388223187395783], [25, 26, 0.14251077129535883], [25, 34, 0.09496100810718844], [27, 36, 0.6271128238629847], [29, 38, 0.658850939411091], [31, 40, 0.8635537751556968], [33, 34, 0.6959955771618841], [33, 42, 0.009198246499982243], [34, 35, 0.09877405162314623], [34, 43, 0.5068217454161801], [36, 45, 0.0013691362823347042], [37, 38, 0.4665316852195598], [37, 46, 0.6460476383971016], [38, 39, 0.6086805854100292], [38, 47, 0.7192613847116135], [40, 49, 0.233133016657614], [41, 42, 0.6075236577351262], [42, 43, 0.2787016028131414], [42, 51, 0.5177028205677221], [43, 44, 0.9946611426812052], [43, 52, 0.6650379318017586], [45, 54, 0.9247650057906007], [46, 47, 0.2121460747157058], [46, 55, 0.7676162881976328], [47, 56, 0.29030491541696435], [48, 49, 0.3486451305789644], [49, 50, 0.9527526313215409], [49, 58, 0.9932692612980292], [50, 51, 0.007671363260987496], [50, 59, 0.9342872631300139], [52, 53, 0.971626915036049], [52, 61, 0.7070618243446471], [54, 63, 0.21697805170400897], [55, 56, 0.009845826538613545], [55, 64, 0.13986594003972852], [56, 57, 0.6306989189711772], [56, 65, 0.10508775292082073], [57, 66, 0.7781246122144297], [58, 67, 0.037796367317669555], [59, 68, 0.6861556270163865], [60, 61, 0.5302521677671307], [60, 69, 0.8828074656154711], [61, 62, 0.9135082862065201], [61, 70, 0.34834784546962616], [63, 64, 0.7582930734048514], [63, 72, 0.78852070590324], [64, 73, 0.19506190510455967], [65, 66, 0.9376183774783609], [65, 74, 0.6502199105354844], [66, 75, 0.6856403065393614], [67, 68, 0.05590764584713681], [68, 69, 0.9831809146678591], [69, 70, 0.7719681991450209], [69, 78, 0.43448174872053735], [70, 79, 0.017722407470341484], [17, 26, 0.9293858172755814], [35, 44, 0.4729622127034483], [53, 62, 0.26658017255089794], [62, 71, 0.5001094220990236], [71, 80, 0.7765734987391207], [72, 73, 0.34120406268512893], [74, 75, 0.3468103088217428], [75, 76, 0.7334897089299897], [76, 77, 0.5537746874700271], [78, 79, 0.2831700902995654]], "oriented": false, "discover": false, "dist": true, "mode": "map"}