{"pos": [[0, 0], [0, 1], [0, 2], [0, 3], [0, 4], [0, 5], [0, 6], [0, 7], [1, 0], [1, 1], [1, 2], [1, 3], [1, 4], [1, 5], [1, 6], [1, 7], [2, 0], [2, 1], [2, 2], [2, 3], [2, 4], [2, 5], [2, 6], [2, 7], [3, 0], [3, 1], [3, 2], [3, 3], [3, 4], [3, 5], [3, 6], [3, 7], [4, 0], [4, 1], [4, 2], [4, 3], [4, 4], [4, 5], [4, 6], [4, 7], [5, 0], [5, 1], [5, 2], [5, 3], [5, 4], [5, 5], [5, 6], [5, 7], [6, 0], [6, 1], [6, 2], [6, 3], [6, 4], [6, 5], [6, 6], [6, 7], [7, 0], [7, 1], [7, 2], [7, 3], [7, 4], [7, 5], [7, 6], [7, 7]], "edges": [[0, 1, 0.9988087233955334], [0, 8, 0.17886065316500532], [2, 3, 0.8625425834619723], [2, 10, 0.6448067549441423], [3, 4, 0.28833249492903223], [4, 5, 0.8649183380998994], [4, 12, 0.6813241008515859], [5, 6, 0.8414657908217231], [5, 13, 0.5212782269452071], [6, 7, 0.46382405936340676], [6, 14, 0.5712811634875863], [8, 9, 0.3516818620095977], [8, 16, 0.22218125684996337], [9, 10, 0.5238258373228514], [9, 17, 0.7671383477350199], [10, 11, 0.7512355120189522], [11, 12, 0.6596011863436039], [12, 13, 0.6176297422129219], [12, 20, 0.33086223296765493], [13, 21, 0.510577718635641], [14, 15, 0.7290807648264637], [14, 22, 0.09082915514143763], [16, 24, 0.38474144926653553], [17, 18, 0.3737025331854119], [17, 25, 0.17267823385497427], [18, 19, 0.8600568306731186], [18, 26, 0.33633082546731774], [19, 20, 0.7870350905000894], [19, 27, 0.44736847253475376], [20, 21, 0.15814275078757734], [20, 28, 0.3929978536473253], [21, 22, 0.8993908868281429], [21, 29, 0.34406029117227377], [22, 23, 0.8010297528857353], [22, 30, 0.9797533128738036], [24, 32, 0.2065824342984004], [25, 26, 0.8943434976034272], [25, 33, 0.526917575249996], [26, 27, 0.4936026712801831], [26, 34, 0.021635591300440127], [27, 28, 0.7233181318376326], [27, 35, 0.2248243836599686], [30, 38, 0.783418257905018], [32, 40, 0.5488131713762135], [33, 34, 0.8154842821820547], [33, 41, 0.22621384041777837], [34, 35, 0.9058231781245529], [34, 42, 0.9571057307455964], [35, 36, 0.7819726514053164], [35, 43, 0.04481538624954562], [36, 44, 0.26670481814068603], [37, 38, 0.2017198902286148], [38, 46, 0.14414915756842883], [40, 48, 0.5931912997355254], [41, 42, 0.7544901976506444], [41, 49, 0.009020867458862436], [42, 43, 0.2665325857687092], [42, 50, 0.9707131727515812], [43, 44, 0.20946864753219474], [43, 51, 0.8845361051699179], [44, 52, 0.20936241112569154], [45, 46, 0.3239218082886457], [45, 53, 0.2887210556161658], [46, 54, 0.25521422324934295], [48, 56, 0.4011971922715645], [49, 57, 0.5056687469225561], [51, 59, 0.6787835051005044], [52, 53, 0.3877976026179032], [52, 60, 0.6323875431101963], [53, 54, 0.48382906343729626], [53, 61, 0.8582326824616855], [23, 31, 0.17294687313733936], [31, 39, 0.3528834734338213], [39, 47, 0.4692322403649952], [47, 55, 0.6649888160995101], [55, 63, 0.07825388046679016], [56, 57, 0.9829755752825524], [57, 58, 0.20161760717137722], [59, 60, 0.19581815644218337], [60, 61, 0.7980827597621781], [61, 62, 0.9963986289447662]], "oriented": false, "discover": false, "dist": true, "mode": "map"}