{"pos": [[0, 0], [0, 1], [0, 2], [0, 3], [0, 4], [0, 5], [0, 6], [0, 7], [1, 0], [1, 1], [1, 2], [1, 3], [1, 4], [1, 5], [1, 6], [1, 7], [2, 0], [2, 1], [2, 2], [2, 3], [2, 4], [2, 5], [2, 6], [2, 7], [3, 0], [3, 1], [3, 2], [3, 3], [3, 4], [3, 5], [3, 6], [3, 7], [4, 0], [4, 1], [4, 2], [4, 3], [4, 4], [4, 5], [4, 6], [4, 7], [5, 0], [5, 1], [5, 2], [5, 3], [5, 4], [5, 5], [5, 6], [5, 7], [6, 0], [6, 1], [6, 2], [6, 3], [6, 4], [6, 5], [6, 6], [6, 7], [7, 0], [7, 1], [7, 2], [7, 3], [7, 4], [7, 5], [7, 6], [7, 7]], "edges": [[0, 1, 0.5275576980031466], [0, 8, 0.5869819446377018], [1, 2, 0.24119450538482368], [1, 9, 0.47581058353933703], [2, 3, 0.8794397769228836], [2, 10, 0.21517561224424775], [3, 4, 0.26638483028694904], [3, 11, 0.02797254691535145], [4, 5, 0.841877286437489], [4, 12, 0.8729270112408283], [5, 6, 0.7893991971294095], [6, 7, 0.9802805322667553], [6, 14, 0.3225207022636659], [8, 16, 0.5015168497384839], [9, 10, 0.9776946358346249], [9, 17, 0.44813763259567896], [10, 11, 0.25307067194642263], [11, 19, 0.683553787735928], [12, 13, 0.9987617899394813], [12, 20, 0.18428141142105203], [13, 14, 0.8524478430313756], [14, 15, 0.5348405332445261], [16, 17, 0.31909325821127144], [16, 24, 0.5538031618637078], [17, 18, 0.14183889439752095], [18, 19, 0.5025652454525533], [18, 26, 0.04453055925107485], [19, 27, 0.21546303256293442], [20, 21, 0.3682091525452674], [20, 28, 0.5933664647038281], [21, 22, 0.0056065448972693055], [21, 29, 0.11400138016942063], [22, 23, 0.8984106043598864], [24, 25, 0.8904581628375114], [24, 32, 0.27697553957264565], [25, 26, 0.10289716993473463], [25, 33, 0.7605422097641114], [26, 34, 0.9783210682524834], [27, 28, 0.8948782078369377], [27, 35, 0.43493149708750867], [29, 30, 0.9316756351512424], [29, 37, 0.8291736934627505], [30, 31, 0.7186298718350042], [30, 38, 0.607509887005989], [32, 33, 0.5352993090555422], [34, 35, 0.635534197674287], [34, 42, 0.3421495835593924], [35, 36, 0.4804508340367778], [35, 43, 0.7985999750365995], [36, 37, 0.09932713312284558], [36, 44, 0.9454166953872314], [40, 41, 0.4274002855241107], [40, 48, 0.2761684226743567], [41, 42, 0.410269563686956], [41, 49, 0.5199422146983892], [42, 43, 0.25211450020299075], [42, 50, 0.21709075915174514], [43, 44, 0.31296076808301376], [43, 51, 0.5168997971375695], [44, 45, 0.8303769794678938], [44, 52, 0.9519374194227594], [45, 46, 0.8075812052940109], [46, 47, 0.7750524143105469], [48, 56, 0.5226853061161179], [49, 57, 0.5587088115003621], [51, 52, 0.42027741850060196], [51, 59, 0.7074853084506033], [52, 53, 0.1356173938264683], [52, 60, 0.2125757972473714], [53, 61, 0.8806361492124514], [54, 62, 0.18799484058827542], [15, 23, 0.8113649740691738], [23, 31, 0.9193663138489089], [31, 39, 0.5243865733106354], [39, 47, 0.005060411304158574], [55, 63, 0.6266801616918948], [56, 57, 0.8865165121676489], [57, 58, 0.07995086687188191], [60, 61, 0.3927065493300167], [61, 62, 0.5321311900193365], [62, 63, 0.05516275352075595]], "oriented": false, "discover": false, "dist": true, "mode": "map"}