{"pos": [[0, 0], [0, 1], [0, 2], [0, 3], [0, 4], [0, 5], [0, 6], [0, 7], [1, 0], [1, 1], [1, 2], [1, 3], [1, 4], [1, 5], [1, 6], [1, 7], [2, 0], [2, 1], [2, 2], [2, 3], [2, 4], [2, 5], [2, 6], [2, 7], [3, 0], [3, 1], [3, 2], [3, 3], [3, 4], [3, 5], [3, 6], [3, 7], [4, 0], [4, 1], [4, 2], [4, 3], [4, 4], [4, 5], [4, 6], [4, 7], [5, 0], [5, 1], [5, 2], [5, 3], [5, 4], [5, 5], [5, 6], [5, 7], [6, 0], [6, 1], [6, 2], [6, 3], [6, 4], [6, 5], [6, 6], [6, 7], [7, 0], [7, 1], [7, 2], [7, 3], [7, 4], [7, 5], [7, 6], [7, 7]], "edges": [[0, 1, 0.16926011860673962], [0, 8, 0.5165357477703536], [1, 2, 0.7081335718612052], [2, 3, 0.26365499603556997], [2, 10, 0.22045185768959608], [3, 4, 0.37132140897009935], [3, 11, 0.956982055502504], [4, 5, 0.8915603411717423], [5, 6, 0.5560359969193234], [5, 13, 0.8283658280404839], [6, 7, 0.6688485581488733], [6, 14, 0.5719891717330311], [8, 9, 0.6751672988190005], [8, 16, 0.25278884072654895], [9, 17, 0.5099192221177312], [10, 18, 0.6539061880081719], [11, 12, 0.5155740727958619], [11, 19, 0.12885822585157392], [12, 13, 0.9808813006680797], [12, 20, 0.6532965078431324], [13, 14, 0.19656016570458246], [13, 21, 0.08256646012425028], [14, 22, 0.3688451774582262], [16, 17, 0.5946631739947976], [17, 18, 0.04681290510549463], [18, 19, 0.10356783219609667], [18, 26, 0.7103444429262319], [19, 20, 0.4152499669596126], [19, 27, 0.777637470018747], [20, 21, 0.03711028493633428], [21, 22, 0.07475898941252324], [21, 29, 0.24351945182762003], [24, 25, 0.3080938248363726], [25, 26, 0.5839493394847158], [26, 27, 0.8645528544079566], [26, 34, 0.3588420873894336], [27, 28, 0.8735815749943], [28, 29, 0.3516725097101985], [29, 30, 0.9638698456916205], [29, 37, 0.1618202170610057], [30, 38, 0.5744010976710978], [32, 33, 0.915075706183909], [32, 40, 0.2911388747215228], [33, 34, 0.6263049932490854], [33, 41, 0.2674578773303502], [34, 35, 0.14350542387995435], [34, 42, 0.15242457429498268], [35, 36, 0.19318063530570095], [35, 43, 0.614061041585855], [36, 37, 0.6400710429516759], [37, 45, 0.6620006529462811], [40, 48, 0.3547687349973485], [41, 42, 0.9144017033799816], [41, 49, 0.8489392850179488], [42, 43, 0.05148872591851983], [42, 50, 0.08106890181706006], [44, 45, 0.6655853940104964], [45, 46, 0.2039323678677969], [45, 53, 0.9510639982130639], [48, 49, 0.49119987064655857], [48, 56, 0.09551433909467877], [49, 57, 0.6688994907560454], [50, 51, 0.7411162116385547], [50, 58, 0.6634384545968692], [51, 52, 0.14682462598903], [52, 53, 0.9077699677401014], [52, 60, 0.38170974946236813], [53, 54, 0.03583464868598951], [53, 61, 0.25735789473648496], [54, 55, 0.25695496372176607], [54, 62, 0.7294284650933727], [7, 15, 0.828839467753903], [15, 23, 0.1631503856057771], [23, 31, 0.3650943403363718], [31, 39, 0.9089577104715322], [39, 47, 0.8198937438600085], [55, 63, 0.3802505595898118], [56, 57, 0.5917365479407958], [57, 58, 0.20538021542997442], [58, 59, 0.18851024637853508], [59, 60, 0.6550007697898053]], "oriented": false, "discover": false, "dist": true, "mode": "map"}