{"pos": [[0, 0], [0, 1], [0, 2], [0, 3], [0, 4], [0, 5], [0, 6], [0, 7], [1, 0], [1, 1], [1, 2], [1, 3], [1, 4], [1, 5], [1, 6], [1, 7], [2, 0], [2, 1], [2, 2], [2, 3], [2, 4], [2, 5], [2, 6], [2, 7], [3, 0], [3, 1], [3, 2], [3, 3], [3, 4], [3, 5], [3, 6], [3, 7], [4, 0], [4, 1], [4, 2], [4, 3], [4, 4], [4, 5], [4, 6], [4, 7], [5, 0], [5, 1], [5, 2], [5, 3], [5, 4], [5, 5], [5, 6], [5, 7], [6, 0], [6, 1], [6, 2], [6, 3], [6, 4], [6, 5], [6, 6], [6, 7], [7, 0], [7, 1], [7, 2], [7, 3], [7, 4], [7, 5], [7, 6], [7, 7]], "edges": [[0, 1, 0.8085289442031008], [0, 8, 0.4673052568101307], [1, 2, 0.5714100785198577], [2, 3, 0.8660840819473569], [2, 10, 0.2769110017474721], [3, 4, 0.49576722488594493], [4, 5, 0.5366643916569792], [4, 12, 0.5521240193949243], [5, 6, 0.1063380108738089], [5, 13, 0.969092377315875], [6, 7, 0.4924542566590704], [6, 14, 0.1379905142479283], [8, 9, 0.6080493555137829], [8, 16, 0.38301833295016974], [9, 10, 0.31912820442127154], [10, 11, 0.07397186378479703], [10, 18, 0.83605981192571], [11, 19, 0.0657224301477991], [12, 20, 0.20955160707145848], [13, 14, 0.8776926441491836], [14, 15, 0.5039031362629373], [14, 22, 0.5418044874897242], [16, 17, 0.08803700812920967], [16, 24, 0.7576551130050189], [17, 18, 0.7502597842421748], [17, 25, 0.927074280032107], [18, 26, 0.16172725857638548], [19, 27, 0.060682786902920505], [20, 21, 0.4134550953871039], [20, 28, 0.3703768972016398], [21, 22, 0.5077628384330123], [22, 23, 0.32893019052402184], [22, 30, 0.3499380241628469], [24, 32, 0.3272989636045929], [25, 33, 0.8762400469164713], [26, 27, 0.1557504185582087], [26, 34, 0.8228499213379765], [27, 35, 0.46974546293060415], [28, 36, 0.021926651654306406], [29, 30, 0.23630687901769987], [29, 37, 0.06912154463770248], [30, 38, 0.3982762792557216], [32, 33, 0.5531242626680241], [32, 40, 0.9555233373722772], [33, 34, 0.39525146237126296], [33, 41, 0.055218372189241305], [34, 42, 0.9462938665263544], [36, 44, 0.310097383659648], [37, 45, 0.5407251702200921], [38, 39, 0.6614704855139539], [38, 46, 0.5334501313394984], [40, 48, 0.9440398331148078], [41, 42, 0.6938524976721023], [41, 49, 0.926889722478297], [42, 43, 0.5398154848773388], [42, 50, 0.46145115447721574], [43, 44, 0.008023421112536844], [43, 51, 0.7136061372868301], [44, 45, 0.7806586861181654], [44, 52, 0.2474297367621774], [45, 46, 0.5727192932259723], [45, 53, 0.11260494894996798], [46, 47, 0.4114794853781233], [46, 54, 0.47536126037880067], [48, 49, 0.5472078471814878], [48, 56, 0.4950822157356495], [49, 57, 0.15554893497850408], [50, 58, 0.17260144859895277], [51, 52, 0.7297242440031773], [52, 53, 0.0012214500349821966], [52, 60, 0.13782210068314316], [54, 55, 0.12957150219122504], [54, 62, 0.7773329585931035], [7, 15, 0.9588073403340625], [23, 31, 0.628895617036946], [39, 47, 0.5833421484247623], [47, 55, 0.8719518735075522], [55, 63, 0.4410053597539747], [57, 58, 0.9159659039202088], [59, 60, 0.6608578978961326], [60, 61, 0.5976304725651925]], "oriented": false, "discover": false, "dist": true, "mode": "map"}