{"pos": [[0, 0], [0, 1], [0, 2], [0, 3], [0, 4], [0, 5], [0, 6], [0, 7], [1, 0], [1, 1], [1, 2], [1, 3], [1, 4], [1, 5], [1, 6], [1, 7], [2, 0], [2, 1], [2, 2], [2, 3], [2, 4], [2, 5], [2, 6], [2, 7], [3, 0], [3, 1], [3, 2], [3, 3], [3, 4], [3, 5], [3, 6], [3, 7], [4, 0], [4, 1], [4, 2], [4, 3], [4, 4], [4, 5], [4, 6], [4, 7], [5, 0], [5, 1], [5, 2], [5, 3], [5, 4], [5, 5], [5, 6], [5, 7], [6, 0], [6, 1], [6, 2], [6, 3], [6, 4], [6, 5], [6, 6], [6, 7], [7, 0], [7, 1], [7, 2], [7, 3], [7, 4], [7, 5], [7, 6], [7, 7]], "edges": [[0, 1, 0.08411913518398473], [0, 8, 0.3771189448075677], [2, 3, 0.7066048672673334], [2, 10, 0.40423236560454134], [4, 5, 0.33922692716482605], [4, 12, 0.5955367553677345], [5, 6, 0.2017356378219033], [5, 13, 0.7104481927842118], [6, 7, 0.925271725018746], [6, 14, 0.5824214173483211], [8, 9, 0.2424360445323398], [8, 16, 0.08543193407411909], [9, 10, 0.8693420187467574], [9, 17, 0.0975461412356331], [10, 11, 0.4631184019544524], [11, 12, 0.5171322321403594], [11, 19, 0.17290551179900981], [12, 13, 0.2825262616902072], [12, 20, 0.38319800269359916], [13, 14, 0.809380069569872], [13, 21, 0.7646030889027092], [14, 15, 0.9541380422521938], [16, 17, 0.5997266795530483], [16, 24, 0.6346195709132747], [17, 18, 0.8861948553914923], [18, 19, 0.9659688762385313], [18, 26, 0.806825914937883], [19, 20, 0.07763546311499692], [20, 28, 0.9850409054367798], [21, 22, 0.36478956613586366], [21, 29, 0.1409798794681676], [22, 30, 0.7268098967685437], [24, 25, 0.5445197152536176], [24, 32, 0.22380801173435083], [25, 26, 0.9313994259728109], [25, 33, 0.7438709387191645], [26, 27, 0.6087033003871963], [27, 28, 0.9619734636821433], [28, 29, 0.6650183822227751], [29, 30, 0.20013434353469306], [29, 37, 0.5676754904059479], [30, 31, 0.624403293048403], [30, 38, 0.11634684103808857], [32, 40, 0.11807821606088442], [33, 34, 0.34084720099554766], [33, 41, 0.2878476531699813], [34, 35, 0.9380304463009779], [35, 36, 0.5400929514111085], [36, 37, 0.5435976976573088], [36, 44, 0.15740846744011272], [37, 45, 0.9577452932782647], [38, 39, 0.692819247984384], [40, 41, 0.5989953355435623], [40, 48, 0.03380537173550846], [41, 42, 0.710498058801426], [42, 43, 0.5315233941673128], [42, 50, 0.06986632334078613], [44, 52, 0.007750691643532259], [45, 46, 0.8339362033311358], [45, 53, 0.7720622702748215], [46, 47, 0.5886842577601059], [46, 54, 0.9502783970567803], [48, 49, 0.45560815796812315], [48, 56, 0.8100247283823407], [49, 50, 0.7817583003413154], [49, 57, 0.10182240900746586], [50, 51, 0.525500955407594], [50, 58, 0.8837034227394664], [51, 52, 0.7958767200763861], [52, 53, 0.014484077057647649], [52, 60, 0.6480702717433314], [53, 54, 0.8849174722779113], [53, 61, 0.9564549243391768], [23, 31, 0.05475172634024783], [31, 39, 0.92247514739292], [47, 55, 0.933500508188455], [55, 63, 0.5285639710729859], [56, 57, 0.13164448993678546], [58, 59, 0.6732676480636194], [59, 60, 0.8296205660229942], [61, 62, 0.10296265378458114]], "oriented": false, "discover": false, "dist": true, "mode": "map"}