{"pos": [[0, 0], [0, 1], [0, 2], [0, 3], [0, 4], [0, 5], [0, 6], [0, 7], [1, 0], [1, 1], [1, 2], [1, 3], [1, 4], [1, 5], [1, 6], [1, 7], [2, 0], [2, 1], [2, 2], [2, 3], [2, 4], [2, 5], [2, 6], [2, 7], [3, 0], [3, 1], [3, 2], [3, 3], [3, 4], [3, 5], [3, 6], [3, 7], [4, 0], [4, 1], [4, 2], [4, 3], [4, 4], [4, 5], [4, 6], [4, 7], [5, 0], [5, 1], [5, 2], [5, 3], [5, 4], [5, 5], [5, 6], [5, 7], [6, 0], [6, 1], [6, 2], [6, 3], [6, 4], [6, 5], [6, 6], [6, 7], [7, 0], [7, 1], [7, 2], [7, 3], [7, 4], [7, 5], [7, 6], [7, 7]], "edges": [[0, 1, 0.9490434410568533], [0, 8, 0.1728652962718299], [1, 2, 0.8305884264187193], [2, 3, 0.12973053083203923], [2, 10, 0.023353401963931875], [3, 4, 0.6379157801112938], [3, 11, 0.06419527440338968], [4, 5, 0.1470772373637843], [4, 12, 0.868116943226241], [5, 6, 0.4852866887781031], [5, 13, 0.021457182541838038], [6, 7, 0.8902806149740979], [8, 9, 0.2390113098599228], [8, 16, 0.7178486606272376], [9, 10, 0.7066088902204161], [10, 18, 0.38110283087179053], [11, 12, 0.2618659896225617], [11, 19, 0.33105163877402854], [13, 14, 0.669038314031162], [14, 15, 0.2811583763212513], [16, 17, 0.11357426541311333], [16, 24, 0.06754716704399144], [17, 25, 0.7915474955453974], [18, 19, 0.6363268711654404], [19, 20, 0.9316516377400227], [19, 27, 0.01906452031794892], [20, 21, 0.6655495102834383], [20, 28, 0.8099653932478275], [21, 22, 0.856005429493827], [21, 29, 0.5461776118891898], [22, 30, 0.31676093677000805], [24, 32, 0.31831571053222985], [25, 26, 0.5897040307617775], [25, 33, 0.7020650878717074], [26, 34, 0.9716078414913061], [27, 28, 0.4762558086432057], [27, 35, 0.21580146811446077], [28, 29, 0.40507427469249946], [29, 30, 0.47886347705140897], [29, 37, 0.663105646507333], [30, 31, 0.4641341469358736], [30, 38, 0.8988376068751205], [32, 40, 0.31513404943880285], [33, 41, 0.5827387031963199], [35, 36, 0.7534651888529676], [35, 43, 0.5777690337060701], [36, 37, 0.6404532713354019], [37, 38, 0.8065533409396037], [37, 45, 0.5665014011416954], [38, 39, 0.16030461537070417], [38, 46, 0.7763790442014622], [40, 41, 0.924179990337298], [40, 48, 0.6856409608718798], [41, 42, 0.03673487770889883], [41, 49, 0.7650534974178796], [42, 50, 0.4481237202613573], [43, 44, 0.09332951865605565], [43, 51, 0.10484014078528503], [44, 45, 0.1428476457962804], [46, 47, 0.7894887398121777], [46, 54, 0.434103883628408], [48, 49, 0.7827346858661435], [48, 56, 0.9465625820006315], [49, 50, 0.6991141224774614], [50, 51, 0.9722216748686187], [51, 52, 0.2676408161150202], [51, 59, 0.7364112302396548], [52, 53, 0.2749418088861558], [52, 60, 0.4552427337985385], [53, 54, 0.3701769227946373], [54, 55, 0.10161320795851081], [54, 62, 0.05674865914893934], [15, 23, 0.12063355019513], [31, 39, 0.735520215965603], [47, 55, 0.029059604879499767], [56, 57, 0.4753419761484222], [57, 58, 0.2500843266074595], [58, 59, 0.29545176587894606], [59, 60, 0.6147562911845397], [60, 61, 0.9007048267054919], [62, 63, 0.07410103071845608]], "oriented": false, "discover": false, "dist": true, "mode": "map"}