{"pos": [[0, 0], [0, 1], [0, 2], [0, 3], [0, 4], [0, 5], [0, 6], [0, 7], [1, 0], [1, 1], [1, 2], [1, 3], [1, 4], [1, 5], [1, 6], [1, 7], [2, 0], [2, 1], [2, 2], [2, 3], [2, 4], [2, 5], [2, 6], [2, 7], [3, 0], [3, 1], [3, 2], [3, 3], [3, 4], [3, 5], [3, 6], [3, 7], [4, 0], [4, 1], [4, 2], [4, 3], [4, 4], [4, 5], [4, 6], [4, 7], [5, 0], [5, 1], [5, 2], [5, 3], [5, 4], [5, 5], [5, 6], [5, 7], [6, 0], [6, 1], [6, 2], [6, 3], [6, 4], [6, 5], [6, 6], [6, 7], [7, 0], [7, 1], [7, 2], [7, 3], [7, 4], [7, 5], [7, 6], [7, 7]], "edges": [[0, 1, 0.6626016387014759], [0, 8, 0.044028498014961115], [1, 2, 0.14397617025490894], [1, 9, 0.7416529385799225], [2, 3, 0.24648373854267136], [2, 10, 0.2388462732211618], [3, 4, 0.5550633850688963], [3, 11, 0.12495853712373117], [4, 5, 0.9515324407496206], [4, 12, 0.7905130215413982], [5, 6, 0.11620294321378422], [5, 13, 0.991426963986932], [6, 7, 0.7890186092392972], [6, 14, 0.7328627846861717], [8, 16, 0.9318548333293053], [9, 10, 0.6460791665863748], [9, 17, 0.17005956806727074], [10, 11, 0.0333801135012215], [10, 18, 0.07948143069733726], [12, 20, 0.5741669801398793], [13, 14, 0.01620966999571105], [13, 21, 0.16524218087992837], [17, 18, 0.9507494390885796], [17, 25, 0.9023577687888329], [18, 19, 0.057614652267462874], [18, 26, 0.7500961239213721], [20, 21, 0.2980349477657813], [21, 22, 0.9939633322590335], [21, 29, 0.26051230468443465], [22, 23, 0.07288486163411478], [22, 30, 0.24572402665606963], [24, 25, 0.8849275865226804], [24, 32, 0.8638993822487068], [25, 26, 0.39901111203080497], [25, 33, 0.6250632951020804], [26, 27, 0.43228778863328055], [26, 34, 0.2834434058329788], [28, 29, 0.34697570910313225], [29, 30, 0.4108107907807149], [29, 37, 0.2420655748872338], [30, 38, 0.5813516931838316], [32, 40, 0.09564286715410009], [33, 41, 0.49549467479980713], [34, 35, 0.9521551412744017], [35, 36, 0.07020457208261055], [37, 38, 0.6624350675828596], [37, 45, 0.6193343481963712], [38, 39, 0.578123661513609], [38, 46, 0.517387025588399], [40, 41, 0.164174374690229], [41, 42, 0.45382429226244825], [41, 49, 0.11338867209782044], [42, 43, 0.20196434101241423], [42, 50, 0.5341398996993046], [43, 44, 0.9549885331893585], [43, 51, 0.5327529821749075], [44, 45, 0.26655456812492706], [44, 52, 0.1298856623804625], [45, 46, 0.2958354720026716], [45, 53, 0.7390739792363762], [46, 47, 0.5081883862991392], [48, 49, 0.8350151800110833], [48, 56, 0.7688899515219113], [49, 50, 0.893500703939984], [49, 57, 0.8222358590746012], [50, 51, 0.9171873586207754], [50, 58, 0.11344266449299101], [51, 59, 0.8856411813330008], [52, 60, 0.7491970676264224], [53, 54, 0.919309151712141], [53, 61, 0.20462798370634994], [54, 55, 0.5714535880147119], [7, 15, 0.020855892801483145], [15, 23, 0.75334853712428], [23, 31, 0.3653180393996214], [47, 55, 0.06520027571564602], [55, 63, 0.8625584488367498], [56, 57, 0.7379572651838419], [57, 58, 0.25301846861747335], [61, 62, 0.9374155998792385], [62, 63, 0.901954192758793]], "oriented": false, "discover": false, "dist": true, "mode": "map"}