{"pos": [[0, 0], [0, 1], [0, 2], [0, 3], [0, 4], [0, 5], [0, 6], [0, 7], [1, 0], [1, 1], [1, 2], [1, 3], [1, 4], [1, 5], [1, 6], [1, 7], [2, 0], [2, 1], [2, 2], [2, 3], [2, 4], [2, 5], [2, 6], [2, 7], [3, 0], [3, 1], [3, 2], [3, 3], [3, 4], [3, 5], [3, 6], [3, 7], [4, 0], [4, 1], [4, 2], [4, 3], [4, 4], [4, 5], [4, 6], [4, 7], [5, 0], [5, 1], [5, 2], [5, 3], [5, 4], [5, 5], [5, 6], [5, 7], [6, 0], [6, 1], [6, 2], [6, 3], [6, 4], [6, 5], [6, 6], [6, 7], [7, 0], [7, 1], [7, 2], [7, 3], [7, 4], [7, 5], [7, 6], [7, 7]], "edges": [[0, 1, 0.5961855428969424], [0, 8, 0.9441980268991026], [1, 2, 0.2367046625877116], [1, 9, 0.4118731300409577], [2, 3, 0.6954153170470652], [2, 10, 0.097719954383094], [3, 4, 0.6934276513273984], [4, 5, 0.17637391072989939], [5, 6, 0.4566025560287724], [5, 13, 0.4498583825651006], [6, 7, 0.8125637246878107], [8, 9, 0.14145984906903297], [8, 16, 0.06108537119858204], [10, 11, 0.08947512828377402], [10, 18, 0.8412652052525784], [11, 12, 0.2504673080335632], [12, 20, 0.3589317457789625], [13, 14, 0.22648187748962734], [13, 21, 0.36633341023955], [14, 22, 0.26583899604892947], [16, 17, 0.5096430965183616], [16, 24, 0.8763253047160767], [17, 18, 0.012390701856258124], [18, 19, 0.7216834123373209], [18, 26, 0.23104615448961952], [19, 27, 0.6810980376669726], [20, 21, 0.7206513456018078], [20, 28, 0.5557435597732516], [21, 22, 0.9332676881222833], [21, 29, 0.49225816784684884], [22, 23, 0.6850176526804034], [22, 30, 0.18961788564276405], [24, 32, 0.30155389852910486], [25, 26, 0.18648600063445342], [25, 33, 0.10635843448096816], [26, 27, 0.39885745268393846], [26, 34, 0.22392049650148516], [27, 28, 0.6324664836652474], [27, 35, 0.5278226790976184], [28, 36, 0.8755302653193315], [29, 30, 0.5536695190495499], [29, 37, 0.7396526212652513], [30, 38, 0.15675444514306114], [32, 33, 0.23455040248223324], [32, 40, 0.5508686988951774], [33, 41, 0.8046639730377245], [34, 42, 0.8300507194626271], [35, 43, 0.6909530086376792], [36, 37, 0.07848562995492403], [36, 44, 0.8953232544853279], [37, 38, 0.7933948812008326], [37, 45, 0.24170155608023203], [38, 39, 0.7885642904650649], [40, 41, 0.29049662042955193], [40, 48, 0.6501105420489731], [41, 49, 0.9850425087143927], [42, 50, 0.8189983080150924], [43, 44, 0.9265519302776278], [43, 51, 0.3969976325122332], [45, 46, 0.87906762841216], [45, 53, 0.732259473575712], [46, 47, 0.37263406574331825], [46, 54, 0.46684395911387466], [48, 49, 0.5028435215153612], [49, 50, 0.37773213368952574], [49, 57, 0.31873870814917094], [50, 58, 0.3994864833751166], [51, 52, 0.886639197596023], [51, 59, 0.7524664530002282], [52, 53, 0.3883389763194748], [53, 61, 0.26426976919349465], [54, 55, 0.9053294304882193], [54, 62, 0.05164081880803395], [7, 15, 0.5783834593822862], [23, 31, 0.8554541003563851], [31, 39, 0.376282119687924], [47, 55, 0.9874520097283926], [56, 57, 0.49140051908478466], [58, 59, 0.829728742213849], [59, 60, 0.9587381593266999], [62, 63, 0.13207478688287244]], "oriented": false, "discover": false, "dist": true, "mode": "map"}