{"pos": [[0, 0], [0, 1], [0, 2], [0, 3], [0, 4], [0, 5], [0, 6], [0, 7], [1, 0], [1, 1], [1, 2], [1, 3], [1, 4], [1, 5], [1, 6], [1, 7], [2, 0], [2, 1], [2, 2], [2, 3], [2, 4], [2, 5], [2, 6], [2, 7], [3, 0], [3, 1], [3, 2], [3, 3], [3, 4], [3, 5], [3, 6], [3, 7], [4, 0], [4, 1], [4, 2], [4, 3], [4, 4], [4, 5], [4, 6], [4, 7], [5, 0], [5, 1], [5, 2], [5, 3], [5, 4], [5, 5], [5, 6], [5, 7], [6, 0], [6, 1], [6, 2], [6, 3], [6, 4], [6, 5], [6, 6], [6, 7], [7, 0], [7, 1], [7, 2], [7, 3], [7, 4], [7, 5], [7, 6], [7, 7]], "edges": [[0, 1, 0.6550458844855179], [0, 8, 0.699685320395042], [1, 2, 0.08599575312367291], [1, 9, 0.550345280756665], [2, 3, 0.0510765634735002], [2, 10, 0.6496970399601716], [3, 4, 0.7883638334921792], [3, 11, 0.8804302639984687], [4, 5, 0.04465118619175701], [4, 12, 0.4727014562172789], [5, 6, 0.22577776710341668], [5, 13, 0.8672324927413029], [6, 7, 0.273073102180977], [6, 14, 0.7661043793751969], [8, 16, 0.3356696644709629], [9, 17, 0.09008665713708575], [10, 11, 0.8840200238450567], [10, 18, 0.17414368954658932], [11, 19, 0.7739638201397397], [13, 14, 0.7193650037851548], [13, 21, 0.30742042517584056], [14, 15, 0.61933986499301], [14, 22, 0.018295247591023966], [16, 17, 0.341053107234622], [17, 18, 0.4428631683909612], [17, 25, 0.17087502193468695], [18, 19, 0.2783459599969541], [18, 26, 0.0984860223354771], [19, 20, 0.47311377755835493], [19, 27, 0.9653904052870589], [20, 21, 0.3104366914327106], [20, 28, 0.326095785949428], [21, 22, 0.04753095067951851], [22, 23, 0.8851307375226344], [22, 30, 0.6296591971764363], [24, 25, 0.749766776012502], [24, 32, 0.0316761162670568], [25, 33, 0.9683381459104659], [26, 27, 0.3847151890570256], [26, 34, 0.5533936929370057], [27, 28, 0.3769390533038601], [27, 35, 0.03402881997037066], [28, 29, 0.3458429465450147], [30, 38, 0.33177687672243306], [32, 33, 0.13463302835537405], [32, 40, 0.0021376380785789184], [33, 34, 0.2946950021896416], [33, 41, 0.5899011271709503], [34, 42, 0.8291985967058794], [35, 36, 0.46761400305604894], [35, 43, 0.08930076689422961], [36, 37, 0.49085435773181674], [36, 44, 0.9622555374452637], [37, 38, 0.20488926149909914], [37, 45, 0.6566537041388143], [38, 39, 0.9536140241254883], [38, 46, 0.05965435809228237], [40, 48, 0.7990446088683094], [41, 49, 0.40865413564225606], [42, 50, 0.8907005489990195], [43, 44, 0.22816604444892707], [43, 51, 0.6609227134491821], [44, 52, 0.3481477757906889], [46, 54, 0.5750619902699623], [48, 49, 0.4879162460652078], [49, 50, 0.620356764695464], [50, 58, 0.27557296038779866], [51, 59, 0.6220303391125832], [52, 53, 0.2505818390475565], [52, 60, 0.7081271416821929], [53, 61, 0.6733175780148845], [54, 55, 0.9378109852750123], [54, 62, 0.16250803631916988], [23, 31, 0.25947824038210443], [39, 47, 0.3357439185930432], [47, 55, 0.218148103124979], [56, 57, 0.049326470037327486], [57, 58, 0.8916048791084381], [58, 59, 0.8582870776716882], [61, 62, 0.40779702287332165], [62, 63, 0.7572492075174058]], "oriented": false, "discover": false, "dist": true, "mode": "map"}