{"pos": [[0, 0], [0, 1], [0, 2], [0, 3], [0, 4], [0, 5], [0, 6], [0, 7], [1, 0], [1, 1], [1, 2], [1, 3], [1, 4], [1, 5], [1, 6], [1, 7], [2, 0], [2, 1], [2, 2], [2, 3], [2, 4], [2, 5], [2, 6], [2, 7], [3, 0], [3, 1], [3, 2], [3, 3], [3, 4], [3, 5], [3, 6], [3, 7], [4, 0], [4, 1], [4, 2], [4, 3], [4, 4], [4, 5], [4, 6], [4, 7], [5, 0], [5, 1], [5, 2], [5, 3], [5, 4], [5, 5], [5, 6], [5, 7], [6, 0], [6, 1], [6, 2], [6, 3], [6, 4], [6, 5], [6, 6], [6, 7], [7, 0], [7, 1], [7, 2], [7, 3], [7, 4], [7, 5], [7, 6], [7, 7]], "edges": [[0, 1, 0.9695978276092831], [0, 8, 0.8894434809926623], [1, 2, 0.646655915818119], [1, 9, 0.38044066241393626], [2, 3, 0.0666035271581672], [3, 4, 0.14695060431565943], [3, 11, 0.4949852807090659], [4, 5, 0.6080628127021775], [4, 12, 0.6955869644777509], [5, 6, 0.7497064944777723], [5, 13, 0.7628262409716471], [6, 7, 0.005637362111611477], [6, 14, 0.48179302702765925], [8, 9, 0.4373650054325512], [8, 16, 0.9705667059054559], [9, 10, 0.2510310710555872], [9, 17, 0.43152974435772296], [10, 18, 0.5282890436620387], [11, 19, 0.4457155419526616], [12, 13, 0.6502943466698694], [14, 15, 0.9968946302970537], [14, 22, 0.5682826374731434], [16, 24, 0.33451544131912736], [17, 18, 0.6627972078870192], [17, 25, 0.8245844311273132], [19, 20, 0.9412419925900688], [19, 27, 0.33899642324552837], [20, 28, 0.2564677713934097], [21, 22, 0.947992955545693], [21, 29, 0.3260806361985664], [22, 23, 0.5303350154187625], [22, 30, 0.7210069995221356], [24, 32, 0.7288150760486594], [25, 26, 0.7594335640512083], [25, 33, 0.3297217429717023], [26, 27, 0.9534005066567588], [27, 28, 0.06632224885905391], [27, 35, 0.9610079276815762], [28, 29, 0.5285863126460689], [28, 36, 0.2537580818014692], [30, 38, 0.30476308200766355], [32, 33, 0.35269910878529365], [32, 40, 0.5720979649642093], [33, 41, 0.19818928155449644], [34, 35, 0.9873583293098736], [34, 42, 0.21243339558745733], [35, 36, 0.9170735969392793], [35, 43, 0.14168481061147342], [36, 37, 0.4046295638474001], [36, 44, 0.03148966645112472], [37, 38, 0.5530630468630139], [37, 45, 0.3062643132456089], [38, 39, 0.3850564425033359], [38, 46, 0.13653024910572098], [40, 48, 0.14011832174426686], [41, 42, 0.2393047383008846], [41, 49, 0.12980817097585962], [42, 43, 0.6672767659152353], [42, 50, 0.5852054365095969], [43, 44, 0.28635671014103925], [43, 51, 0.6586538080061952], [44, 45, 0.647598647989481], [44, 52, 0.2029655166290879], [46, 47, 0.42473489674940446], [48, 49, 0.0026855683567712507], [48, 56, 0.8844962927352993], [49, 57, 0.03587019043279738], [50, 58, 0.9061904152352815], [52, 53, 0.5618298988677709], [52, 60, 0.1085328540303262], [53, 54, 0.5195916620876553], [54, 62, 0.6153356802290199], [7, 15, 0.8742690950766483], [15, 23, 0.8553989672359963], [23, 31, 0.9992530699290685], [31, 39, 0.9278170988317958], [47, 55, 0.12386225937441009], [55, 63, 0.8526015475141439], [58, 59, 0.050240669182009756], [59, 60, 0.06257372253295246], [60, 61, 0.5947299609747847]], "oriented": false, "discover": false, "dist": true, "mode": "map"}