{"pos": [[0, 0], [0, 1], [0, 2], [0, 3], [0, 4], [0, 5], [0, 6], [0, 7], [0, 8], [1, 0], [1, 1], [1, 2], [1, 3], [1, 4], [1, 5], [1, 6], [1, 7], [1, 8], [2, 0], [2, 1], [2, 2], [2, 3], [2, 4], [2, 5], [2, 6], [2, 7], [2, 8], [3, 0], [3, 1], [3, 2], [3, 3], [3, 4], [3, 5], [3, 6], [3, 7], [3, 8], [4, 0], [4, 1], [4, 2], [4, 3], [4, 4], [4, 5], [4, 6], [4, 7], [4, 8], [5, 0], [5, 1], [5, 2], [5, 3], [5, 4], [5, 5], [5, 6], [5, 7], [5, 8], [6, 0], [6, 1], [6, 2], [6, 3], [6, 4], [6, 5], [6, 6], [6, 7], [6, 8], [7, 0], [7, 1], [7, 2], [7, 3], [7, 4], [7, 5], [7, 6], [7, 7], [7, 8], [8, 0], [8, 1], [8, 2], [8, 3], [8, 4], [8, 5], [8, 6], [8, 7], [8, 8]], "edges": [[0, 9, 0.6783735135013509], [1, 2, 0.06041264818791858], [1, 10, 0.2385084840445767], [2, 3, 0.7133885882014616], [2, 11, 0.0906014298060519], [3, 4, 0.9420716390871907], [3, 12, 0.8695975001291393], [4, 13, 0.2729025783800443], [5, 6, 0.7280114327263778], [5, 14, 0.1657061160736485], [7, 8, 0.14996146426605572], [7, 16, 0.05486837846080961], [9, 10, 0.06687289697048326], [9, 18, 0.8577360406824043], [10, 11, 0.3145733907747116], [10, 19, 0.5578263547908353], [11, 12, 0.9613444111167215], [11, 20, 0.16875647065934407], [12, 13, 0.023408173162310697], [12, 21, 0.5913203654622439], [13, 14, 0.7549253180018867], [15, 24, 0.36304116715071455], [16, 25, 0.2532867209690045], [18, 19, 0.9371982992676833], [18, 27, 0.6353320181216399], [19, 20, 0.4319284669729717], [19, 28, 0.8932695201769197], [20, 29, 0.35109150171336756], [21, 22, 0.4480034747986268], [21, 30, 0.15509337428574865], [22, 23, 0.6076233408144018], [22, 31, 0.571154136205315], [23, 24, 0.436289687822465], [23, 32, 0.6121919201690155], [24, 25, 0.08298617004278064], [25, 26, 0.8931824790965143], [27, 28, 0.9993191611900428], [27, 36, 0.9832933957074386], [28, 29, 0.6991431832726568], [28, 37, 0.13660681612390946], [29, 38, 0.6230471253876985], [31, 40, 0.6536753088408993], [32, 33, 0.48759090410712924], [32, 41, 0.23673261089831732], [33, 34, 0.04689800715998471], [33, 42, 0.25836040502487057], [34, 35, 0.24902194749825535], [36, 37, 0.42748918054719387], [36, 45, 0.0711144338370151], [37, 46, 0.43585371082546254], [38, 39, 0.6188433876098989], [39, 40, 0.2555388149956015], [39, 48, 0.5876740786096228], [40, 41, 0.528152650711936], [40, 49, 0.6905004871517008], [41, 50, 0.9838069838493928], [42, 43, 0.9256651270992269], [42, 51, 0.38182779675947476], [43, 52, 0.6763830872876199], [46, 47, 0.48543272072749144], [46, 55, 0.38872890537041604], [48, 49, 0.15339181122691437], [48, 57, 0.14197742898067678], [49, 58, 0.7466765502636847], [50, 51, 0.042347581120905864], [50, 59, 0.05594309171429823], [51, 52, 0.07963370397721181], [51, 60, 0.3529848594055839], [52, 61, 0.7482398887149136], [54, 55, 0.2037945990291138], [54, 63, 0.10050661376544123], [55, 56, 0.3384327493756014], [55, 64, 0.47279717048360814], [56, 57, 0.3973722607612793], [56, 65, 0.5943756766897039], [57, 66, 0.40788418234703605], [58, 59, 0.4985247420785316], [58, 67, 0.2989653594573146], [60, 69, 0.5037040535274299], [61, 62, 0.8423108439051094], [61, 70, 0.3546085056640118], [63, 64, 0.45500714536344367], [64, 65, 0.40839682337399397], [64, 73, 0.8058814250489251], [66, 75, 0.35551335954802776], [67, 68, 0.9706134782005065], [67, 76, 0.8152934116314153], [68, 69, 0.07232707454485676], [68, 77, 0.8047690448166762], [69, 78, 0.7088153044808893], [70, 71, 0.1289500635281613], [8, 17, 0.011088441535085924], [35, 44, 0.7466429681184792], [44, 53, 0.0014046760644267353], [53, 62, 0.09509698706117409], [62, 71, 0.7587195305269344], [71, 80, 0.9635463715245227], [72, 73, 0.4029572410675657], [73, 74, 0.47821092473656734], [74, 75, 0.5212801968417196], [75, 76, 0.8079086958104658], [76, 77, 0.674094311807799], [77, 78, 0.27689834761288545], [78, 79, 0.6190747299516571]], "oriented": false, "discover": false, "dist": true, "mode": "map"}