{"pos": [[0, 0], [0, 1], [0, 2], [0, 3], [0, 4], [0, 5], [0, 6], [0, 7], [1, 0], [1, 1], [1, 2], [1, 3], [1, 4], [1, 5], [1, 6], [1, 7], [2, 0], [2, 1], [2, 2], [2, 3], [2, 4], [2, 5], [2, 6], [2, 7], [3, 0], [3, 1], [3, 2], [3, 3], [3, 4], [3, 5], [3, 6], [3, 7], [4, 0], [4, 1], [4, 2], [4, 3], [4, 4], [4, 5], [4, 6], [4, 7], [5, 0], [5, 1], [5, 2], [5, 3], [5, 4], [5, 5], [5, 6], [5, 7], [6, 0], [6, 1], [6, 2], [6, 3], [6, 4], [6, 5], [6, 6], [6, 7], [7, 0], [7, 1], [7, 2], [7, 3], [7, 4], [7, 5], [7, 6], [7, 7]], "edges": [[0, 1, 0.25836728699280453], [0, 8, 0.29405770021366584], [1, 2, 0.5843407188848397], [2, 3, 0.13741786643303322], [2, 10, 0.851525380580792], [3, 4, 0.976040963690743], [3, 11, 0.70244750617248], [4, 5, 0.20905481035750595], [4, 12, 0.6382730476094399], [5, 6, 0.14932559357890396], [5, 13, 0.8252499102417961], [6, 7, 0.23571326175216667], [8, 9, 0.8556155369841287], [8, 16, 0.074983801404502], [9, 17, 0.411357370106162], [10, 11, 0.5730618430294548], [11, 12, 0.3253000592306289], [11, 19, 0.5694873127035207], [12, 13, 0.3681846338194237], [12, 20, 0.5640993309117869], [13, 14, 0.818158879182719], [13, 21, 0.007106183699451929], [16, 17, 0.030294904202139428], [16, 24, 0.5891736036162335], [17, 18, 0.49850367994128797], [17, 25, 0.3813431396872198], [18, 26, 0.9832793438324436], [19, 27, 0.7991036517298542], [20, 21, 0.8296541947089923], [20, 28, 0.9359801197426378], [21, 22, 0.4713776951566774], [21, 29, 0.7323202087459945], [22, 23, 0.3824941337015929], [22, 30, 0.17086127049665523], [24, 32, 0.3576490071492028], [25, 26, 0.27266145725767355], [28, 36, 0.5861314072933408], [29, 30, 0.5334908766854529], [30, 38, 0.46789014398281337], [32, 33, 0.7807227378817007], [32, 40, 0.6458232078541711], [33, 34, 0.567977041274836], [34, 35, 0.8234066996491839], [34, 42, 0.21922962120880052], [36, 37, 0.7646857813461655], [36, 44, 0.515698703178566], [37, 38, 0.4708671231538568], [38, 39, 0.7776478885468553], [38, 46, 0.9519605546272756], [40, 48, 0.7310001407390437], [41, 42, 0.39453951843654234], [42, 43, 0.6595742683397273], [42, 50, 0.9658050890627905], [43, 44, 0.10855205002209734], [44, 45, 0.49151152794052644], [44, 52, 0.6770760954111708], [45, 53, 0.7159825943433398], [46, 47, 0.0324009126894913], [46, 54, 0.833626620436965], [48, 49, 0.15415236489047468], [48, 56, 0.7270950136262435], [49, 50, 0.3147595378570047], [49, 57, 0.3595882367319092], [50, 51, 0.8179070984030937], [50, 58, 0.9309401491917684], [51, 59, 0.8802610843069427], [52, 60, 0.8783629460566662], [53, 54, 0.46117353152698937], [53, 61, 0.4022796324097023], [54, 55, 0.1690308276406307], [54, 62, 0.09150207328641025], [7, 15, 0.5979237123836904], [15, 23, 0.00541629211187955], [23, 31, 0.220130018316806], [31, 39, 0.4692949340984157], [39, 47, 0.1985006713487174], [56, 57, 0.8693714473527425], [57, 58, 0.6465681331723445], [60, 61, 0.09688564123870913], [61, 62, 0.45851646913289634], [62, 63, 0.8390018056076546]], "oriented": false, "discover": false, "dist": true, "mode": "map"}