{"pos": [[0, 0], [0, 1], [0, 2], [0, 3], [0, 4], [0, 5], [0, 6], [0, 7], [0, 8], [1, 0], [1, 1], [1, 2], [1, 3], [1, 4], [1, 5], [1, 6], [1, 7], [1, 8], [2, 0], [2, 1], [2, 2], [2, 3], [2, 4], [2, 5], [2, 6], [2, 7], [2, 8], [3, 0], [3, 1], [3, 2], [3, 3], [3, 4], [3, 5], [3, 6], [3, 7], [3, 8], [4, 0], [4, 1], [4, 2], [4, 3], [4, 4], [4, 5], [4, 6], [4, 7], [4, 8], [5, 0], [5, 1], [5, 2], [5, 3], [5, 4], [5, 5], [5, 6], [5, 7], [5, 8], [6, 0], [6, 1], [6, 2], [6, 3], [6, 4], [6, 5], [6, 6], [6, 7], [6, 8], [7, 0], [7, 1], [7, 2], [7, 3], [7, 4], [7, 5], [7, 6], [7, 7], [7, 8], [8, 0], [8, 1], [8, 2], [8, 3], [8, 4], [8, 5], [8, 6], [8, 7], [8, 8]], "edges": [[0, 1, 0.8533573751577336], [0, 9, 0.5878536276352133], [1, 2, 0.25330517518773066], [1, 10, 0.04925704767256789], [2, 3, 0.1996364686765304], [2, 11, 0.42720164118230786], [3, 4, 0.865392247581528], [3, 12, 0.3544930059224848], [4, 5, 0.47057658898349175], [5, 6, 0.8853407745443694], [6, 7, 0.3234434921945063], [6, 15, 0.9946431719102363], [7, 8, 0.3233063586082586], [7, 16, 0.13239899129742283], [9, 18, 0.17796475620764785], [10, 19, 0.8797917900205727], [11, 20, 0.7516199638138231], [12, 13, 0.3473429390015923], [12, 21, 0.19159447800704377], [13, 14, 0.08073058273692957], [13, 22, 0.16579829668859036], [14, 23, 0.1926583153374657], [15, 24, 0.5740008313434015], [16, 17, 0.49347276762705694], [16, 25, 0.5588945357239344], [18, 27, 0.18840388195838476], [19, 28, 0.73052599168681], [20, 21, 0.3367526864839444], [20, 29, 0.5141220119867111], [21, 22, 0.8810184887268014], [22, 31, 0.7346011226496573], [24, 25, 0.4333208568909698], [24, 33, 0.4553928842110514], [25, 34, 0.08458510417631748], [27, 36, 0.779350588367041], [28, 29, 0.714367244840299], [29, 30, 0.8949025802310723], [29, 38, 0.6908559599576138], [30, 31, 0.17088250043745878], [31, 40, 0.9465208944892037], [32, 33, 0.1636806510087333], [33, 42, 0.9902292701649428], [34, 35, 0.2104546398757836], [34, 43, 0.9349799773844378], [36, 37, 0.45349736773779903], [36, 45, 0.8620961466734811], [37, 46, 0.2773912979766088], [38, 39, 0.772219540380956], [38, 47, 0.7244391608178727], [39, 40, 0.30813114417895304], [39, 48, 0.5763934285954007], [40, 41, 0.38209209745065187], [40, 49, 0.6356274152766944], [41, 42, 0.5465675089625301], [41, 50, 0.00726007744610202], [42, 51, 0.1285142013659336], [43, 44, 0.36919864687304116], [43, 52, 0.8815938164992829], [45, 46, 0.5789927733943205], [45, 54, 0.1133383458536531], [46, 47, 0.21668687675769827], [46, 55, 0.6690429189804743], [47, 56, 0.08325983212411137], [48, 57, 0.32063106290560095], [49, 50, 0.23528997785792605], [50, 51, 0.507805814775284], [51, 60, 0.8407044126549926], [52, 53, 0.7803523217294764], [52, 61, 0.09104170426945224], [54, 55, 0.9378296679109908], [54, 63, 0.8722358782276945], [56, 57, 0.24069781771778664], [56, 65, 0.023504870249081544], [57, 58, 0.05125632336729957], [58, 59, 0.11114707227248355], [58, 67, 0.3168134853061385], [59, 60, 0.3981661357739532], [60, 61, 0.7279023994094371], [60, 69, 0.24159367273604504], [61, 62, 0.31149852673288436], [61, 70, 0.18027185506985954], [63, 72, 0.033958574468125], [64, 65, 0.5661241500248169], [65, 66, 0.9313617851876208], [65, 74, 0.9637131365955335], [67, 68, 0.9881263283953247], [67, 76, 0.09859728806077961], [68, 69, 0.9740866970770706], [68, 77, 0.37341986067494803], [69, 70, 0.2277618778075643], [69, 78, 0.8789673768941407], [70, 79, 0.4638390873058571], [8, 17, 0.7343604993380995], [17, 26, 0.9441971660607359], [26, 35, 0.9210106754356567], [35, 44, 0.4219353726184403], [44, 53, 0.11399660390855337], [53, 62, 0.6567799266422487], [62, 71, 0.41641642842734106], [73, 74, 0.2964993062014255], [74, 75, 0.8849796099217315], [75, 76, 0.3959219240847859], [77, 78, 0.30060908894982374], [79, 80, 0.8939355391278448]], "oriented": false, "discover": false, "dist": true, "mode": "map"}