{"pos": [[0, 0], [0, 1], [0, 2], [0, 3], [0, 4], [0, 5], [0, 6], [0, 7], [0, 8], [1, 0], [1, 1], [1, 2], [1, 3], [1, 4], [1, 5], [1, 6], [1, 7], [1, 8], [2, 0], [2, 1], [2, 2], [2, 3], [2, 4], [2, 5], [2, 6], [2, 7], [2, 8], [3, 0], [3, 1], [3, 2], [3, 3], [3, 4], [3, 5], [3, 6], [3, 7], [3, 8], [4, 0], [4, 1], [4, 2], [4, 3], [4, 4], [4, 5], [4, 6], [4, 7], [4, 8], [5, 0], [5, 1], [5, 2], [5, 3], [5, 4], [5, 5], [5, 6], [5, 7], [5, 8], [6, 0], [6, 1], [6, 2], [6, 3], [6, 4], [6, 5], [6, 6], [6, 7], [6, 8], [7, 0], [7, 1], [7, 2], [7, 3], [7, 4], [7, 5], [7, 6], [7, 7], [7, 8], [8, 0], [8, 1], [8, 2], [8, 3], [8, 4], [8, 5], [8, 6], [8, 7], [8, 8]], "edges": [[0, 1, 0.006901565680122346], [0, 9, 0.30559080042052766], [1, 2, 0.3435295532905278], [2, 3, 0.7203052848548568], [2, 11, 0.6345399153031364], [3, 4, 0.5735077225015818], [3, 12, 0.9724345594082366], [4, 5, 0.4323132302360041], [4, 13, 0.21042948252245897], [5, 6, 0.46599450602180537], [5, 14, 0.9601183926351479], [6, 7, 0.09962251306309322], [7, 8, 0.5886650852625304], [7, 16, 0.42483973056768476], [9, 10, 0.7998593088036149], [9, 18, 0.03629289578413197], [10, 11, 0.6572718807197009], [11, 12, 0.18163016020779044], [11, 20, 0.2441506295582806], [12, 21, 0.6809505577234184], [13, 14, 0.061928395959462534], [13, 22, 0.9608239191564389], [14, 15, 0.06544244711040459], [14, 23, 0.07557929299002664], [15, 16, 0.33929423496202327], [15, 24, 0.3447754718125733], [16, 17, 0.9373429695771553], [16, 25, 0.7478769276304914], [18, 19, 0.6334233684498364], [18, 27, 0.05934702743278508], [19, 20, 0.8836336025144037], [21, 30, 0.47386019811204994], [22, 31, 0.7809166614161377], [24, 25, 0.4974028668015251], [24, 33, 0.0006171530647288703], [25, 26, 0.07654333000128699], [25, 34, 0.7865933782882866], [27, 28, 0.6466008343709065], [27, 36, 0.20538449258187363], [28, 29, 0.18769314800011905], [28, 37, 0.12539391902703823], [29, 30, 0.19499407440965344], [29, 38, 0.8461647071020163], [30, 31, 0.08339449411476674], [31, 32, 0.7217064629523805], [31, 40, 0.2551675376141548], [32, 33, 0.7070438639388613], [32, 41, 0.39903167974672005], [33, 34, 0.4786244571856927], [33, 42, 0.591741097321589], [34, 35, 0.030694405646481737], [34, 43, 0.5331149371710637], [36, 45, 0.30156973417518484], [37, 38, 0.7607548926340231], [37, 46, 0.3827844579360501], [38, 39, 0.22413954247030243], [38, 47, 0.8452410952873802], [39, 48, 0.8100789327789739], [40, 41, 0.6722465897457368], [40, 49, 0.06623844813021962], [42, 51, 0.16554273267591013], [43, 52, 0.7884336327735948], [45, 46, 0.3163329973930489], [45, 54, 0.5019520746649188], [48, 57, 0.6975633168149769], [49, 50, 0.46191613880889915], [49, 58, 0.6103467281351245], [51, 52, 0.8543095946332131], [52, 53, 0.42569576366634576], [52, 61, 0.7425589056441082], [54, 55, 0.32068348230623256], [54, 63, 0.7982022941695786], [55, 56, 0.7726301137889868], [56, 57, 0.9599180875123602], [56, 65, 0.8188794120039709], [57, 58, 0.6185586782994315], [58, 59, 0.3493869016940613], [58, 67, 0.5230076331547417], [59, 68, 0.5413053810465491], [60, 61, 0.16004674323072743], [61, 62, 0.6415674666225128], [61, 70, 0.6350305407789717], [63, 64, 0.4793524394664598], [63, 72, 0.6791355768748154], [64, 65, 0.16327889574001409], [64, 73, 0.22006820494991908], [65, 66, 0.13406051616798598], [66, 67, 0.16507411948982786], [66, 75, 0.5678893628482162], [67, 68, 0.25533346686637737], [67, 76, 0.6957329241974678], [68, 69, 0.03714390754717589], [69, 78, 0.29414924215142213], [70, 79, 0.37996142940828526], [17, 26, 0.12559719333458075], [26, 35, 0.2530110232951611], [35, 44, 0.2691511595388413], [53, 62, 0.023393258647433024], [62, 71, 0.5535348000061809], [71, 80, 0.5813447694170393], [72, 73, 0.9419660667221041], [73, 74, 0.07434306661589418], [74, 75, 0.1012688593589608], [76, 77, 0.7216584777939897]], "oriented": false, "discover": false, "dist": true, "mode": "map"}