{"pos": [[0, 0], [0, 1], [0, 2], [0, 3], [0, 4], [0, 5], [0, 6], [0, 7], [0, 8], [1, 0], [1, 1], [1, 2], [1, 3], [1, 4], [1, 5], [1, 6], [1, 7], [1, 8], [2, 0], [2, 1], [2, 2], [2, 3], [2, 4], [2, 5], [2, 6], [2, 7], [2, 8], [3, 0], [3, 1], [3, 2], [3, 3], [3, 4], [3, 5], [3, 6], [3, 7], [3, 8], [4, 0], [4, 1], [4, 2], [4, 3], [4, 4], [4, 5], [4, 6], [4, 7], [4, 8], [5, 0], [5, 1], [5, 2], [5, 3], [5, 4], [5, 5], [5, 6], [5, 7], [5, 8], [6, 0], [6, 1], [6, 2], [6, 3], [6, 4], [6, 5], [6, 6], [6, 7], [6, 8], [7, 0], [7, 1], [7, 2], [7, 3], [7, 4], [7, 5], [7, 6], [7, 7], [7, 8], [8, 0], [8, 1], [8, 2], [8, 3], [8, 4], [8, 5], [8, 6], [8, 7], [8, 8]], "edges": [[0, 1, 0.8364359977959175], [1, 2, 0.6896786065849072], [1, 10, 0.3585695009725114], [2, 3, 0.9160950105374777], [2, 11, 0.22410161120444494], [3, 4, 0.22900224177369588], [3, 12, 0.014877721105720387], [4, 5, 0.05962809585336759], [4, 13, 0.5539069506376891], [5, 6, 0.649596759977509], [6, 7, 0.4072840798999864], [6, 15, 0.7607136297549855], [7, 8, 0.012746740314440674], [9, 10, 0.7142528443235057], [10, 19, 0.2287876730895142], [12, 21, 0.5478070808127554], [13, 14, 0.14653471250034178], [13, 22, 0.9604030621124705], [14, 15, 0.6666814192934052], [14, 23, 0.9783475149151094], [15, 16, 0.9931604677236403], [16, 17, 0.30581281378225356], [16, 25, 0.19620119953113813], [18, 19, 0.7753375139954842], [18, 27, 0.5700752113226102], [19, 20, 0.599075632278579], [19, 28, 0.4453711358724969], [20, 21, 0.31336916860114683], [20, 29, 0.6574029056612612], [21, 22, 0.823798889649873], [21, 30, 0.7114101444528151], [22, 23, 0.9724531902608966], [22, 31, 0.7177826124389967], [23, 24, 0.03117301205174694], [23, 32, 0.5000353625005184], [24, 25, 0.7527185246240501], [24, 33, 0.0056167463235978765], [25, 26, 0.8584416248498014], [25, 34, 0.035148177090094324], [27, 36, 0.3891761598419329], [28, 29, 0.6465671388540084], [28, 37, 0.5951146613078092], [29, 30, 0.20506865501865745], [29, 38, 0.48694326569535307], [30, 39, 0.09185186912759502], [31, 40, 0.2426680285762859], [32, 33, 0.18251953727717374], [33, 34, 0.6078187095695432], [33, 42, 0.3439509477325522], [34, 43, 0.7648934805995974], [36, 37, 0.11354007044361292], [37, 46, 0.038326080871538326], [38, 47, 0.5911973332147353], [39, 40, 0.7156781540977943], [39, 48, 0.9179048394313751], [40, 49, 0.9056070847902822], [41, 42, 0.4808223389272226], [41, 50, 0.5053370538785523], [42, 43, 0.8875077988784537], [42, 51, 0.9406762358031562], [43, 44, 0.9598227889410749], [43, 52, 0.7324482161884396], [45, 46, 0.8573227865569195], [46, 47, 0.3233654250064283], [46, 55, 0.4173535654860304], [47, 48, 0.8335492850741045], [48, 49, 0.7718842000688296], [49, 58, 0.5651807120138658], [50, 59, 0.26949889080489364], [51, 60, 0.5220988175489255], [52, 53, 0.1528001298206595], [52, 61, 0.34465442984327177], [54, 55, 0.015665599540534036], [55, 56, 0.3792524419514426], [55, 64, 0.06778098769665619], [56, 65, 0.06897676716026901], [57, 58, 0.19073835604336387], [58, 59, 0.7576849305425571], [58, 67, 0.9750993557758043], [60, 69, 0.7269533543275456], [61, 62, 0.09526586642273815], [61, 70, 0.9149821795938359], [63, 64, 0.4571621577445504], [63, 72, 0.19609279970686366], [64, 73, 0.8672171324688444], [65, 66, 0.40606445965859994], [66, 67, 0.315028441093713], [66, 75, 0.3516130466334626], [67, 68, 0.5645818785124922], [67, 76, 0.5983957561915381], [68, 77, 0.31753781644593404], [69, 78, 0.4126092818572673], [70, 71, 0.45934511837366987], [70, 79, 0.8172538498055085], [8, 17, 0.9718922620101873], [17, 26, 0.04081650376869117], [26, 35, 0.8600088295944133], [44, 53, 0.5073521604248996], [53, 62, 0.9830934553948968], [71, 80, 0.26343575241815986], [72, 73, 0.7765765102894809], [73, 74, 0.07427698571869379], [76, 77, 0.7545354800839565], [79, 80, 0.543304021776237]], "oriented": false, "discover": false, "dist": true, "mode": "map"}