{"pos": [[0, 0], [0, 1], [0, 2], [0, 3], [0, 4], [0, 5], [0, 6], [0, 7], [0, 8], [1, 0], [1, 1], [1, 2], [1, 3], [1, 4], [1, 5], [1, 6], [1, 7], [1, 8], [2, 0], [2, 1], [2, 2], [2, 3], [2, 4], [2, 5], [2, 6], [2, 7], [2, 8], [3, 0], [3, 1], [3, 2], [3, 3], [3, 4], [3, 5], [3, 6], [3, 7], [3, 8], [4, 0], [4, 1], [4, 2], [4, 3], [4, 4], [4, 5], [4, 6], [4, 7], [4, 8], [5, 0], [5, 1], [5, 2], [5, 3], [5, 4], [5, 5], [5, 6], [5, 7], [5, 8], [6, 0], [6, 1], [6, 2], [6, 3], [6, 4], [6, 5], [6, 6], [6, 7], [6, 8], [7, 0], [7, 1], [7, 2], [7, 3], [7, 4], [7, 5], [7, 6], [7, 7], [7, 8], [8, 0], [8, 1], [8, 2], [8, 3], [8, 4], [8, 5], [8, 6], [8, 7], [8, 8]], "edges": [[0, 1, 0.6441296117853282], [0, 9, 0.6745224454206801], [1, 2, 0.3826055119840618], [1, 10, 0.16028906607567006], [2, 3, 0.785507514111717], [2, 11, 0.5650667438848407], [3, 4, 0.4711571288756772], [4, 5, 0.08270387206235874], [4, 13, 0.99439878604557], [5, 6, 0.14841268310407307], [5, 14, 0.22544860693786695], [6, 7, 0.37058442554287896], [6, 15, 0.5340698906614119], [7, 8, 0.781518206645301], [9, 18, 0.88921124526408], [10, 19, 0.6504073861805238], [11, 12, 0.3141398466805344], [11, 20, 0.6492048224395168], [12, 13, 0.8013553740446646], [13, 14, 0.17300956341377272], [13, 22, 0.675215989571888], [14, 15, 0.9580687720768372], [15, 16, 0.9957753967499432], [15, 24, 0.46010075309247045], [16, 17, 0.8732374813766641], [19, 20, 0.5092403940467071], [19, 28, 0.6261755453512224], [20, 21, 0.4017632429826786], [20, 29, 0.360677536519323], [22, 23, 0.11439682627528214], [22, 31, 0.46418615257789464], [23, 24, 0.7910064335734617], [23, 32, 0.0458863579451565], [24, 25, 0.6978215020807185], [24, 33, 0.7015990082820123], [25, 26, 0.7864300895402576], [27, 28, 0.08818127512409768], [27, 36, 0.6942983255596384], [28, 29, 0.1212315507611309], [28, 37, 0.17166508802887748], [29, 30, 0.319249389537102], [29, 38, 0.17289852923947424], [30, 31, 0.693848756401794], [31, 32, 0.3125953464232143], [32, 33, 0.6508768019225909], [32, 41, 0.6311360800052613], [33, 34, 0.09758374346873577], [34, 35, 0.0669174350303231], [34, 43, 0.461922132413481], [36, 45, 0.9646121940855947], [37, 46, 0.477147729292808], [38, 39, 0.9045360854965862], [38, 47, 0.9492647244452684], [39, 40, 0.501209399011372], [39, 48, 0.09622635653286093], [40, 41, 0.30458014572498093], [40, 49, 0.7439589874823747], [41, 42, 0.8017269553314698], [41, 50, 0.7592792024703783], [42, 51, 0.9018991710368857], [43, 44, 0.13535586262276167], [43, 52, 0.7946091379974586], [46, 55, 0.6776638059064405], [47, 56, 0.03723474254730441], [48, 57, 0.571266777036319], [49, 58, 0.45725685736800825], [50, 59, 0.2807322944577024], [51, 52, 0.0909811870129692], [51, 60, 0.8996521468777731], [52, 53, 0.3270014897431237], [52, 61, 0.7968486845093266], [54, 55, 0.10024423640014879], [54, 63, 0.17203713234354379], [55, 64, 0.6295152251720274], [56, 65, 0.5312633310146334], [57, 58, 0.21162381483816461], [57, 66, 0.6004281282883536], [58, 59, 0.8362406369718853], [59, 68, 0.2286899121713536], [60, 69, 0.4779546456971281], [63, 64, 0.770669565315488], [63, 72, 0.6089993789458427], [64, 65, 0.34435120855095713], [64, 73, 0.5686796116704732], [65, 74, 0.4440773879742834], [66, 75, 0.6635480132808964], [67, 68, 0.9407712472563374], [68, 69, 0.5581972337940003], [68, 77, 0.3911693218059834], [69, 70, 0.8427934054919093], [69, 78, 0.2617073660935423], [70, 71, 0.22311183240877008], [70, 79, 0.851097963497096], [17, 26, 0.0050660046691701766], [26, 35, 0.2515760338461557], [35, 44, 0.3197568568606841], [53, 62, 0.6439056205209113], [71, 80, 0.8054506562289799], [73, 74, 0.47188346447604157], [74, 75, 0.2472204661489832], [75, 76, 0.09963306383573389], [76, 77, 0.8092198562707726], [78, 79, 0.6783534057995934], [79, 80, 0.8010108558561353]], "oriented": false, "discover": false, "dist": true, "mode": "map"}