{"pos": [[0, 0], [0, 1], [0, 2], [0, 3], [0, 4], [0, 5], [0, 6], [0, 7], [0, 8], [1, 0], [1, 1], [1, 2], [1, 3], [1, 4], [1, 5], [1, 6], [1, 7], [1, 8], [2, 0], [2, 1], [2, 2], [2, 3], [2, 4], [2, 5], [2, 6], [2, 7], [2, 8], [3, 0], [3, 1], [3, 2], [3, 3], [3, 4], [3, 5], [3, 6], [3, 7], [3, 8], [4, 0], [4, 1], [4, 2], [4, 3], [4, 4], [4, 5], [4, 6], [4, 7], [4, 8], [5, 0], [5, 1], [5, 2], [5, 3], [5, 4], [5, 5], [5, 6], [5, 7], [5, 8], [6, 0], [6, 1], [6, 2], [6, 3], [6, 4], [6, 5], [6, 6], [6, 7], [6, 8], [7, 0], [7, 1], [7, 2], [7, 3], [7, 4], [7, 5], [7, 6], [7, 7], [7, 8], [8, 0], [8, 1], [8, 2], [8, 3], [8, 4], [8, 5], [8, 6], [8, 7], [8, 8]], "edges": [[0, 1, 0.3006662912078002], [0, 9, 0.23862492203345909], [1, 2, 0.7305454427952663], [1, 10, 0.2157065894033383], [2, 3, 0.1482496874443895], [2, 11, 0.3735063435845941], [3, 4, 0.8833882621879497], [3, 12, 0.18611176498753623], [4, 5, 0.417774874328231], [4, 13, 0.8359198344478719], [5, 6, 0.4683972395007694], [6, 7, 0.8328952723078822], [6, 15, 0.7869498649287751], [7, 8, 0.7366673417469729], [9, 18, 0.3703072733557269], [10, 11, 0.925056307307875], [10, 19, 0.6042508165333658], [12, 21, 0.48547938592178375], [13, 14, 0.4549732457229779], [13, 22, 0.12256251914278093], [14, 23, 0.7963928429406286], [15, 16, 0.06599620173776921], [15, 24, 0.31075834588172657], [16, 25, 0.6918468567319701], [19, 20, 0.10809021972585409], [19, 28, 0.6780475019727817], [20, 21, 0.9368063580656819], [20, 29, 0.41767383130512403], [21, 22, 0.0077103064555617], [21, 30, 0.5991764919263519], [22, 23, 0.38226233269934884], [22, 31, 0.4433312004730089], [23, 24, 0.7401882516244189], [24, 33, 0.16797302957950366], [25, 26, 0.8355149015255738], [25, 34, 0.7026758649046455], [27, 28, 0.8134470364645485], [27, 36, 0.5431518143692724], [28, 29, 0.03770420775659855], [28, 37, 0.6240267907662242], [29, 38, 0.683307285676329], [30, 31, 0.910408639091787], [30, 39, 0.9977572682784223], [31, 32, 0.767401290173804], [32, 33, 0.05030597413322091], [32, 41, 0.8810984881241993], [34, 43, 0.8759852932775055], [36, 45, 0.9248442256789685], [37, 38, 0.7828561030785648], [37, 46, 0.004797752642515696], [38, 39, 0.08315294748618463], [38, 47, 0.3349737484676504], [39, 40, 0.783145559098779], [39, 48, 0.6370178277981122], [40, 41, 0.32735057807456835], [40, 49, 0.8409052281297317], [41, 42, 0.035939235375977874], [41, 50, 0.40403890415588695], [42, 51, 0.3086389932055901], [45, 46, 0.49946488953485146], [46, 47, 0.16096189545453043], [46, 55, 0.8733816853736737], [47, 48, 0.05979246303458674], [48, 57, 0.21259300175156048], [49, 50, 0.6775597805417837], [51, 52, 0.3104834749202281], [52, 53, 0.9659907509043066], [52, 61, 0.47920219959439736], [54, 55, 0.10014550564418334], [54, 63, 0.11168311325694569], [55, 64, 0.9029151439086233], [56, 57, 0.1575304083277328], [57, 58, 0.5246123246896693], [57, 66, 0.5728096692780394], [58, 59, 0.61640586966684], [59, 60, 0.3352433025582673], [63, 64, 0.13581428788505112], [63, 72, 0.6551917384860968], [64, 65, 0.9019468336847389], [64, 73, 0.6796086840354413], [65, 66, 0.8299237788060807], [65, 74, 0.3278831683737665], [66, 67, 0.5114704527590904], [66, 75, 0.05029760898703306], [67, 68, 0.6077117442687439], [67, 76, 0.880898678598853], [68, 69, 0.9533804226104854], [68, 77, 0.37992479613933083], [69, 70, 0.795782754332125], [69, 78, 0.9763348869649274], [70, 79, 0.9112300078713993], [8, 17, 0.23416386031337633], [26, 35, 0.43951658781455605], [35, 44, 0.9107653980019366], [44, 53, 0.2597761563385672], [53, 62, 0.09610267711335307], [62, 71, 0.19111522851567342], [71, 80, 0.7491737965187288], [72, 73, 0.5451450404399402], [73, 74, 0.3408118946442754], [74, 75, 0.24267870866225305], [76, 77, 0.02716298016712837], [77, 78, 0.4060402066760651], [78, 79, 0.17504865390281155]], "oriented": false, "discover": false, "dist": true, "mode": "map"}