{"pos": [[0, 0], [0, 1], [0, 2], [0, 3], [0, 4], [0, 5], [0, 6], [0, 7], [0, 8], [1, 0], [1, 1], [1, 2], [1, 3], [1, 4], [1, 5], [1, 6], [1, 7], [1, 8], [2, 0], [2, 1], [2, 2], [2, 3], [2, 4], [2, 5], [2, 6], [2, 7], [2, 8], [3, 0], [3, 1], [3, 2], [3, 3], [3, 4], [3, 5], [3, 6], [3, 7], [3, 8], [4, 0], [4, 1], [4, 2], [4, 3], [4, 4], [4, 5], [4, 6], [4, 7], [4, 8], [5, 0], [5, 1], [5, 2], [5, 3], [5, 4], [5, 5], [5, 6], [5, 7], [5, 8], [6, 0], [6, 1], [6, 2], [6, 3], [6, 4], [6, 5], [6, 6], [6, 7], [6, 8], [7, 0], [7, 1], [7, 2], [7, 3], [7, 4], [7, 5], [7, 6], [7, 7], [7, 8], [8, 0], [8, 1], [8, 2], [8, 3], [8, 4], [8, 5], [8, 6], [8, 7], [8, 8]], "edges": [[0, 1, 0.47372127594468205], [0, 9, 0.9427711488824355], [1, 2, 0.28375634084743484], [2, 3, 0.6028197947217866], [2, 11, 0.25368217198783716], [3, 4, 0.5179200302033462], [4, 5, 0.9214949944174394], [4, 13, 0.45097169479441324], [5, 6, 0.9090741444080609], [5, 14, 0.757300331495206], [6, 7, 0.11225036078294504], [6, 15, 0.13780394022918763], [7, 8, 0.05916507356316836], [7, 16, 0.7368489083518056], [9, 10, 0.7283970644301578], [9, 18, 0.16165074245992228], [10, 11, 0.5620555610249374], [10, 19, 0.9664523543700556], [11, 12, 0.39470129491404515], [11, 20, 0.7735028152936341], [13, 14, 0.7864830085698977], [13, 22, 0.10727641660882303], [14, 15, 0.7859503824602246], [14, 23, 0.35295357260984994], [15, 24, 0.3390165566119532], [16, 17, 0.3663144228269074], [16, 25, 0.6166429117698051], [18, 27, 0.3832008604360303], [19, 20, 0.4202671840505393], [19, 28, 0.7999710042470929], [20, 29, 0.7326847541763623], [21, 30, 0.3587485228375803], [22, 23, 0.8821946924502111], [23, 24, 0.2634354963655221], [23, 32, 0.484688597044864], [27, 28, 0.5789797528359019], [27, 36, 0.23873397758126125], [28, 29, 0.6770835379652361], [29, 30, 0.8774153351197456], [29, 38, 0.7328469190235796], [30, 31, 0.23506491117127326], [30, 39, 0.7958285151800536], [32, 33, 0.8118653507489104], [32, 41, 0.25263129166200515], [33, 34, 0.8270319493436052], [34, 35, 0.3484837634849116], [34, 43, 0.4862505311844978], [36, 37, 0.7046305918888914], [36, 45, 0.8181435007004061], [37, 46, 0.5350055448306804], [38, 39, 0.042857625047049486], [38, 47, 0.12848541489722298], [39, 40, 0.9585066726252318], [39, 48, 0.4478302461033511], [40, 49, 0.7298482759415064], [41, 42, 0.4598945758610682], [41, 50, 0.8250331525032909], [42, 51, 0.6826849990011032], [43, 44, 0.8576274490711827], [45, 54, 0.5631049152286385], [46, 55, 0.35718885672970735], [47, 56, 0.5120751569153545], [50, 51, 0.5195267225347079], [50, 59, 0.371297743805304], [51, 52, 0.9084193932598863], [51, 60, 0.07227726850170535], [52, 53, 0.497005636707898], [52, 61, 0.6888725296500152], [54, 55, 0.43108714556948957], [54, 63, 0.043976952709581685], [55, 56, 0.6906121259554275], [55, 64, 0.2887022664261598], [56, 57, 0.8019493920534302], [56, 65, 0.36761380189024395], [57, 58, 0.9492718677987977], [57, 66, 0.9795174781707746], [58, 59, 0.7126521141461467], [58, 67, 0.3952071605636619], [59, 68, 0.043858568910410956], [60, 69, 0.2723538606063437], [61, 70, 0.2773372393789708], [63, 64, 0.8191672506210146], [63, 72, 0.8073117358079616], [65, 66, 0.582756120724589], [65, 74, 0.398364853377985], [66, 67, 0.6554354328325125], [66, 75, 0.0736007084182343], [67, 76, 0.16314936639822397], [68, 77, 0.22408642684367264], [69, 78, 0.19990027846083358], [70, 71, 0.6823391687939377], [70, 79, 0.46035663767989843], [17, 26, 0.6288300665284761], [26, 35, 0.951515300219672], [35, 44, 0.32510134947416136], [44, 53, 0.8147823176262687], [53, 62, 0.9305249464990704], [72, 73, 0.749587863947289], [73, 74, 0.028489199061387804], [74, 75, 0.768821292432015], [75, 76, 0.7828352395044201], [77, 78, 0.22198288416071588], [78, 79, 0.7518041265790573], [79, 80, 0.920212118471661]], "oriented": false, "discover": false, "dist": true, "mode": "map"}