{"pos": [[0, 0], [0, 1], [0, 2], [0, 3], [0, 4], [0, 5], [0, 6], [0, 7], [1, 0], [1, 1], [1, 2], [1, 3], [1, 4], [1, 5], [1, 6], [1, 7], [2, 0], [2, 1], [2, 2], [2, 3], [2, 4], [2, 5], [2, 6], [2, 7], [3, 0], [3, 1], [3, 2], [3, 3], [3, 4], [3, 5], [3, 6], [3, 7], [4, 0], [4, 1], [4, 2], [4, 3], [4, 4], [4, 5], [4, 6], [4, 7], [5, 0], [5, 1], [5, 2], [5, 3], [5, 4], [5, 5], [5, 6], [5, 7], [6, 0], [6, 1], [6, 2], [6, 3], [6, 4], [6, 5], [6, 6], [6, 7], [7, 0], [7, 1], [7, 2], [7, 3], [7, 4], [7, 5], [7, 6], [7, 7]], "edges": [[0, 1, 0.29511277821935744], [0, 8, 0.2079351511112102], [1, 2, 0.9497464681068689], [2, 3, 0.7745900830633927], [2, 10, 0.8889752001762667], [3, 4, 0.27976853962547077], [3, 11, 0.5883873156681695], [4, 5, 0.7572157883754714], [4, 12, 0.9125441142471576], [5, 6, 0.6630665604785589], [5, 13, 0.11312631596038458], [6, 7, 0.9244641695985976], [6, 14, 0.3623507263222897], [8, 9, 0.19862757095839434], [8, 16, 0.41326599974638856], [10, 11, 0.4080460328232619], [10, 18, 0.1939773070696028], [11, 12, 0.4305375277956659], [11, 19, 0.11011784341581776], [12, 20, 0.1446078914343828], [14, 15, 0.9080384763222966], [14, 22, 0.5110619168417909], [16, 17, 0.33368739922531643], [16, 24, 0.0466207605509833], [18, 26, 0.9714384381609733], [19, 20, 0.3569766615455636], [20, 21, 0.5328859365500842], [20, 28, 0.824321198045226], [21, 29, 0.8487026858862404], [22, 23, 0.48964759860105955], [22, 30, 0.36448785250239246], [24, 25, 0.6763659121782303], [24, 32, 0.1515077466136735], [25, 26, 0.40538705159093513], [26, 27, 0.7318656646149805], [27, 28, 0.8530919829176167], [28, 36, 0.6648895138951189], [29, 30, 0.09310527343079289], [29, 37, 0.46093837556270634], [30, 31, 0.8137166137402192], [30, 38, 0.10509324972350176], [32, 33, 0.3587828423775046], [32, 40, 0.34241726238067605], [33, 34, 0.791291758289847], [34, 35, 0.7248452328596258], [35, 43, 0.599239271179496], [36, 44, 0.09535366587834271], [37, 45, 0.5692869804158864], [38, 39, 0.39544810943380604], [38, 46, 0.730603654159406], [40, 41, 0.25669030552898664], [40, 48, 0.13289970116155825], [41, 42, 0.7556505586229604], [41, 49, 0.1273221050404918], [43, 44, 0.5782495705791703], [43, 51, 0.11689382427251149], [44, 45, 0.06170692769629749], [46, 54, 0.6159027610299346], [48, 56, 0.6580480681002164], [49, 50, 0.7645841215540443], [49, 57, 0.1511745527158378], [50, 51, 0.5292868786489369], [50, 58, 0.7887675527111307], [51, 52, 0.4125310855137556], [52, 53, 0.5912135431331652], [52, 60, 0.5522778797809351], [53, 54, 0.0739626083897359], [53, 61, 0.7448050297695907], [54, 62, 0.5978466789838949], [23, 31, 0.9760456993126495], [31, 39, 0.2885635457351293], [39, 47, 0.12966989022388076], [47, 55, 0.9559526645007662], [55, 63, 0.040115594293826495], [56, 57, 0.8441599221094447], [57, 58, 0.13797794659804286], [58, 59, 0.7047587768456703], [59, 60, 0.09041901398439944], [60, 61, 0.9019958345513787], [61, 62, 0.13894765923701602], [62, 63, 0.08633383737631872]], "oriented": false, "discover": false, "dist": true, "mode": "map"}