{"pos": [[0, 0], [0, 1], [0, 2], [0, 3], [0, 4], [0, 5], [0, 6], [0, 7], [1, 0], [1, 1], [1, 2], [1, 3], [1, 4], [1, 5], [1, 6], [1, 7], [2, 0], [2, 1], [2, 2], [2, 3], [2, 4], [2, 5], [2, 6], [2, 7], [3, 0], [3, 1], [3, 2], [3, 3], [3, 4], [3, 5], [3, 6], [3, 7], [4, 0], [4, 1], [4, 2], [4, 3], [4, 4], [4, 5], [4, 6], [4, 7], [5, 0], [5, 1], [5, 2], [5, 3], [5, 4], [5, 5], [5, 6], [5, 7], [6, 0], [6, 1], [6, 2], [6, 3], [6, 4], [6, 5], [6, 6], [6, 7], [7, 0], [7, 1], [7, 2], [7, 3], [7, 4], [7, 5], [7, 6], [7, 7]], "edges": [[0, 1, 0.4534172470144612], [0, 8, 0.8584489589784332], [1, 9, 0.055210222474881054], [2, 10, 0.9264243594065831], [3, 4, 0.15854599995579477], [3, 11, 0.0007478036319046311], [4, 5, 0.9703628545760105], [5, 6, 0.6208701583926197], [6, 7, 0.8351764516603661], [8, 9, 0.6832568433010638], [9, 17, 0.8070457561766733], [10, 11, 0.21479901345334818], [10, 18, 0.16559004047151782], [11, 12, 0.5450115566231858], [12, 13, 0.6797438398773124], [12, 20, 0.07422505846132865], [13, 14, 0.8947285424079102], [14, 15, 0.34197769689367985], [14, 22, 0.9208384575078313], [16, 17, 0.5132506201935735], [17, 18, 0.16915566843114616], [17, 25, 0.7062454203576621], [18, 26, 0.08225514923286048], [19, 20, 0.20814091188575645], [19, 27, 0.5604043694797949], [21, 29, 0.5169128467482458], [24, 25, 0.7837685643858904], [25, 26, 0.07285808349796141], [25, 33, 0.8423106309092957], [26, 27, 0.03675591994067018], [26, 34, 0.9026831247190289], [27, 28, 0.16807437474132614], [28, 29, 0.6439002015892401], [28, 36, 0.4483650843755689], [29, 30, 0.6670559714742353], [29, 37, 0.1536602716788137], [30, 31, 0.8302027729741706], [30, 38, 0.9914223869442614], [32, 33, 0.8845764230634884], [32, 40, 0.4576973293144455], [33, 41, 0.37332881998235234], [34, 35, 0.16650859574907828], [34, 42, 0.41838101135446637], [35, 43, 0.19143624198184772], [36, 37, 0.18629666514503496], [36, 44, 0.972003992932078], [37, 45, 0.409803984967831], [38, 39, 0.3558059420596664], [38, 46, 0.5059655259512794], [40, 41, 0.3919286905808278], [40, 48, 0.4643924779060675], [41, 42, 0.6870685977857075], [41, 49, 0.24230241649585138], [42, 43, 0.7370565185141906], [42, 50, 0.8970695730372661], [43, 51, 0.909483910796503], [44, 45, 0.7307325927588302], [44, 52, 0.0796294481917782], [45, 53, 0.6848650922143383], [46, 47, 0.6821097504243797], [46, 54, 0.5933581426042249], [48, 49, 0.11895515179838101], [48, 56, 0.25954918063027155], [49, 50, 0.5980203825409804], [49, 57, 0.43044277654442986], [50, 51, 0.5141935934038749], [50, 58, 0.9228591071022949], [51, 52, 0.7852443411690381], [51, 59, 0.8686390912508871], [52, 60, 0.2971209221634281], [53, 54, 0.7731802135470585], [54, 55, 0.7355163301228991], [54, 62, 0.37162554355486765], [7, 15, 0.3225972487222456], [15, 23, 0.30917657415110456], [39, 47, 0.2364578896631101], [47, 55, 0.03847633316409693], [55, 63, 0.8902042043184097], [56, 57, 0.5510937370690938], [60, 61, 0.9461958328557241], [62, 63, 0.9769791738288426]], "oriented": false, "discover": false, "dist": true, "mode": "map"}