{"pos": [[0, 0], [0, 1], [0, 2], [0, 3], [0, 4], [0, 5], [0, 6], [0, 7], [1, 0], [1, 1], [1, 2], [1, 3], [1, 4], [1, 5], [1, 6], [1, 7], [2, 0], [2, 1], [2, 2], [2, 3], [2, 4], [2, 5], [2, 6], [2, 7], [3, 0], [3, 1], [3, 2], [3, 3], [3, 4], [3, 5], [3, 6], [3, 7], [4, 0], [4, 1], [4, 2], [4, 3], [4, 4], [4, 5], [4, 6], [4, 7], [5, 0], [5, 1], [5, 2], [5, 3], [5, 4], [5, 5], [5, 6], [5, 7], [6, 0], [6, 1], [6, 2], [6, 3], [6, 4], [6, 5], [6, 6], [6, 7], [7, 0], [7, 1], [7, 2], [7, 3], [7, 4], [7, 5], [7, 6], [7, 7]], "edges": [[0, 1, 0.2637904602673272], [1, 9, 0.7088775030877768], [2, 3, 0.6076718241460741], [2, 10, 0.4964356443738389], [3, 4, 0.6348080399466135], [5, 6, 0.47850432100589635], [5, 13, 0.8374904184643024], [6, 7, 0.6662734776119761], [8, 9, 0.3401204011522937], [8, 16, 0.12240774958466372], [9, 10, 0.23716152174617466], [9, 17, 0.5256486565923865], [10, 11, 0.8919319881375238], [11, 12, 0.29022467672245167], [11, 19, 0.9793139577524033], [12, 13, 0.5855705192062027], [12, 20, 0.5996512325902176], [13, 14, 0.9435050734731768], [14, 15, 0.7790819761065118], [14, 22, 0.6059475744445081], [16, 24, 0.4817399143455434], [17, 18, 0.22243197346332133], [17, 25, 0.734882341184949], [18, 26, 0.7905790812045602], [19, 20, 0.6491279286358798], [19, 27, 0.9900813577357338], [20, 21, 0.6991480965835722], [20, 28, 0.36888800794655796], [21, 22, 0.5990351076922024], [22, 23, 0.06737895367005342], [24, 25, 0.6321567229412515], [24, 32, 0.9404536127923072], [25, 33, 0.07423536381567564], [26, 27, 0.6920586376674897], [26, 34, 0.7279105835648141], [27, 35, 0.1023670928900331], [28, 29, 0.472147714804131], [28, 36, 0.12072054065062965], [29, 30, 0.9647571015054275], [30, 31, 0.6104279492028127], [32, 40, 0.7247516402183041], [33, 34, 0.9141107416601181], [33, 41, 0.7848651225687331], [34, 35, 0.08336967900592973], [34, 42, 0.664456720110658], [35, 43, 0.7158553923191963], [36, 37, 0.81542908776795], [37, 38, 0.2633130740831049], [37, 45, 0.34560992696642057], [38, 39, 0.40514966603452285], [38, 46, 0.8708916659593465], [40, 41, 0.8674445074361705], [40, 48, 0.06612580565731196], [41, 49, 0.7807562235831036], [42, 43, 0.09553635437051866], [42, 50, 0.2023620442607541], [43, 44, 0.6134171413100721], [44, 45, 0.11822541789998553], [44, 52, 0.289906354795168], [45, 53, 0.5782601814680283], [46, 47, 0.7510849146149211], [46, 54, 0.12561220021882746], [48, 49, 0.519214646768928], [48, 56, 0.6569467580840729], [49, 57, 0.39520409128141276], [50, 51, 0.667040481817728], [51, 59, 0.862405746422015], [52, 60, 0.7124009194587919], [53, 54, 0.33050101715555047], [54, 55, 0.4427605006020928], [54, 62, 0.5780469382667632], [7, 15, 0.3530209080130201], [31, 39, 0.44387881834475584], [39, 47, 0.4391221797846616], [55, 63, 0.15857457118400742], [56, 57, 0.5370154452122498], [58, 59, 0.43813559482601505], [59, 60, 0.165784857325587], [60, 61, 0.9825586719163708], [61, 62, 0.7727313252633479]], "oriented": false, "discover": false, "dist": true, "mode": "map"}