{"pos": [[0, 0], [0, 1], [0, 2], [0, 3], [0, 4], [0, 5], [0, 6], [0, 7], [0, 8], [1, 0], [1, 1], [1, 2], [1, 3], [1, 4], [1, 5], [1, 6], [1, 7], [1, 8], [2, 0], [2, 1], [2, 2], [2, 3], [2, 4], [2, 5], [2, 6], [2, 7], [2, 8], [3, 0], [3, 1], [3, 2], [3, 3], [3, 4], [3, 5], [3, 6], [3, 7], [3, 8], [4, 0], [4, 1], [4, 2], [4, 3], [4, 4], [4, 5], [4, 6], [4, 7], [4, 8], [5, 0], [5, 1], [5, 2], [5, 3], [5, 4], [5, 5], [5, 6], [5, 7], [5, 8], [6, 0], [6, 1], [6, 2], [6, 3], [6, 4], [6, 5], [6, 6], [6, 7], [6, 8], [7, 0], [7, 1], [7, 2], [7, 3], [7, 4], [7, 5], [7, 6], [7, 7], [7, 8], [8, 0], [8, 1], [8, 2], [8, 3], [8, 4], [8, 5], [8, 6], [8, 7], [8, 8]], "edges": [[0, 1, 0.9214348581666164], [0, 9, 0.9608192033017319], [1, 2, 0.3052413060645529], [2, 3, 0.8436673180237596], [3, 4, 0.2815314186745065], [3, 12, 0.8739920776559705], [4, 5, 0.18622505252449117], [4, 13, 0.48928291868764384], [5, 6, 0.5867395552588526], [6, 7, 0.49531820583393016], [6, 15, 0.3465416874624093], [7, 8, 0.2888099421963942], [7, 16, 0.3786657844234177], [9, 10, 0.9289615047999434], [9, 18, 0.4711577605412677], [10, 19, 0.735450090695246], [11, 12, 0.8835591835486284], [12, 21, 0.5342246436754435], [13, 14, 0.4997147887926865], [13, 22, 0.6459583434930845], [14, 15, 0.6132148798972262], [14, 23, 0.29695439301419835], [15, 16, 0.48178130239373684], [15, 24, 0.8279313471997384], [16, 17, 0.7550436060531607], [16, 25, 0.734935176096005], [18, 27, 0.6884895459388507], [19, 20, 0.20168394937870382], [19, 28, 0.6688875618652829], [20, 21, 0.7316582022614353], [20, 29, 0.40844923345184425], [21, 22, 0.9035663835758887], [21, 30, 0.3532941177365654], [22, 31, 0.6756438799771713], [24, 25, 0.49246104203343055], [24, 33, 0.6284244388179114], [25, 26, 0.28614849398014464], [25, 34, 0.6280313657608858], [28, 29, 0.4742223513609718], [29, 30, 0.6234677969750595], [29, 38, 0.7941739173275445], [30, 31, 0.1394928493013644], [31, 40, 0.9104603661286214], [32, 33, 0.17071797741242478], [32, 41, 0.6904713650469095], [33, 42, 0.6469871123698459], [34, 35, 0.06103739374335804], [34, 43, 0.55607157972681], [36, 37, 0.9982786396696416], [36, 45, 0.7282286742332743], [37, 38, 0.029629950115037773], [37, 46, 0.07799051395277012], [38, 47, 0.0878459464161262], [39, 40, 0.23036781767963077], [40, 49, 0.508104185849093], [41, 42, 0.5191286731179489], [42, 43, 0.5794697937326136], [45, 46, 0.9948468052244144], [45, 54, 0.5059144791998551], [46, 47, 0.23576881368877678], [46, 55, 0.7013239381709726], [48, 49, 0.5248646224478123], [48, 57, 0.2340068110719854], [49, 50, 0.8202669269917113], [49, 58, 0.2882997829569802], [50, 51, 0.4314565936515171], [51, 52, 0.3185230525779412], [52, 53, 0.5979843080772981], [52, 61, 0.8002989083571141], [55, 64, 0.06212330093781682], [56, 57, 0.9682703505225515], [56, 65, 0.8194110838802938], [57, 58, 0.6932176408489322], [57, 66, 0.19327617066360514], [58, 59, 0.1595077042149493], [58, 67, 0.22609869516390158], [59, 60, 0.45990312988186344], [59, 68, 0.020620061457483074], [60, 61, 0.9746207264693854], [60, 69, 0.09044303830143208], [61, 62, 0.036077301848332466], [61, 70, 0.35954386685727635], [63, 64, 0.00556610017923953], [63, 72, 0.9686600063054706], [64, 73, 0.992022127750873], [65, 74, 0.14849436515874925], [66, 67, 0.6056042291782877], [66, 75, 0.6618874397136565], [67, 68, 0.5147481725917927], [67, 76, 0.9907700458308855], [68, 77, 0.32026234676984466], [70, 79, 0.4957270204383908], [8, 17, 0.9830980796612058], [17, 26, 0.739581471720612], [26, 35, 0.5763941169856873], [35, 44, 0.6470824489598922], [44, 53, 0.6065116445307428], [53, 62, 0.516851348973671], [62, 71, 0.24340130372061797], [71, 80, 0.9733329271423259], [73, 74, 0.9506207080006279], [76, 77, 0.46293547395808665], [77, 78, 0.9227056475707555], [78, 79, 0.30477605465861013]], "oriented": false, "discover": false, "dist": true, "mode": "map"}