{"pos": [[0, 0], [0, 1], [0, 2], [0, 3], [0, 4], [0, 5], [0, 6], [0, 7], [0, 8], [1, 0], [1, 1], [1, 2], [1, 3], [1, 4], [1, 5], [1, 6], [1, 7], [1, 8], [2, 0], [2, 1], [2, 2], [2, 3], [2, 4], [2, 5], [2, 6], [2, 7], [2, 8], [3, 0], [3, 1], [3, 2], [3, 3], [3, 4], [3, 5], [3, 6], [3, 7], [3, 8], [4, 0], [4, 1], [4, 2], [4, 3], [4, 4], [4, 5], [4, 6], [4, 7], [4, 8], [5, 0], [5, 1], [5, 2], [5, 3], [5, 4], [5, 5], [5, 6], [5, 7], [5, 8], [6, 0], [6, 1], [6, 2], [6, 3], [6, 4], [6, 5], [6, 6], [6, 7], [6, 8], [7, 0], [7, 1], [7, 2], [7, 3], [7, 4], [7, 5], [7, 6], [7, 7], [7, 8], [8, 0], [8, 1], [8, 2], [8, 3], [8, 4], [8, 5], [8, 6], [8, 7], [8, 8]], "edges": [[0, 1, 0.7673620370126886], [0, 9, 0.16265021848073458], [1, 2, 0.6161223526674275], [1, 10, 0.3659713126440963], [2, 3, 0.19827052275592383], [2, 11, 0.7009012954646499], [3, 4, 0.18496858815493256], [3, 12, 0.5891447578670651], [4, 5, 0.41668826640277445], [5, 6, 0.3806625456595567], [5, 14, 0.3445267613501277], [6, 7, 0.9716258351242846], [6, 15, 0.23189351572170147], [7, 8, 0.4541906846449153], [7, 16, 0.6949782235446854], [10, 19, 0.10069516436181825], [11, 12, 0.14691625744761405], [11, 20, 0.4560711550751314], [12, 13, 0.7941201901191847], [12, 21, 0.8700915582174035], [13, 22, 0.03029874571261415], [15, 24, 0.4174112679803137], [16, 25, 0.5065833743633623], [18, 19, 0.0014956134522511322], [19, 20, 0.5667233163502035], [19, 28, 0.15697811387104854], [20, 21, 0.47996442459757904], [20, 29, 0.7611628505726249], [21, 22, 0.5400358524147263], [21, 30, 0.9557357291805378], [22, 23, 0.6500991762377794], [24, 25, 0.611168192768718], [25, 26, 0.8215241651131571], [25, 34, 0.3542519621085557], [27, 28, 0.4593302967472046], [27, 36, 0.9100115525356905], [28, 37, 0.9084741569200936], [29, 30, 0.21022809952013455], [30, 31, 0.7149415664291152], [30, 39, 0.19055301560372362], [31, 32, 0.3999155290303873], [32, 41, 0.30880920987455673], [33, 34, 0.724192239457301], [33, 42, 0.4798099674804027], [34, 43, 0.5868516224376771], [36, 45, 0.29342611885880543], [37, 38, 0.3690119910278372], [37, 46, 0.8963357137881873], [39, 40, 0.20808353569731486], [40, 41, 0.94416670561799], [41, 50, 0.33409722037481726], [42, 43, 0.7815172955974459], [42, 51, 0.7239300121207191], [43, 52, 0.33897449651778755], [45, 54, 0.9663215853464151], [46, 47, 0.12526476477585147], [46, 55, 0.02622237302258501], [47, 48, 0.2493809039257251], [48, 49, 0.5450738921748586], [49, 58, 0.5460171624127752], [50, 51, 0.04428587472490697], [50, 59, 0.5474620826194404], [51, 52, 0.4799181256574049], [51, 60, 0.5931178009721], [52, 53, 0.2405974317250935], [52, 61, 0.4105692832185446], [54, 55, 0.7351825101312114], [54, 63, 0.4004781381151704], [55, 56, 0.6024178967590746], [55, 64, 0.17247308405024353], [56, 57, 0.7906484444862635], [56, 65, 0.2262996377238553], [57, 58, 0.3656024806747641], [58, 59, 0.8245296146032935], [58, 67, 0.21050240070702775], [59, 60, 0.11569329733823108], [59, 68, 0.19520647981279116], [60, 61, 0.6412884790802652], [60, 69, 0.7769225096252482], [61, 62, 0.3157429304173869], [61, 70, 0.8263516277249937], [63, 64, 0.7681423517686911], [63, 72, 0.891133456201223], [64, 65, 0.7184163504243191], [64, 73, 0.6271847247655103], [65, 66, 0.7218502589470911], [67, 68, 0.8741110556427183], [67, 76, 0.018964872651088815], [68, 77, 0.1415727079574295], [69, 70, 0.13195319424838636], [69, 78, 0.5347819076848925], [70, 79, 0.2514365662879686], [8, 17, 0.16667382913898465], [17, 26, 0.2930306061462712], [26, 35, 0.2416894949829833], [35, 44, 0.6424939543580194], [44, 53, 0.7632887867381254], [62, 71, 0.500045812865384], [72, 73, 0.5530240618264723], [73, 74, 0.8686225092783804], [74, 75, 0.6678685824494965], [75, 76, 0.7537857198305135], [76, 77, 0.34073705636846907], [79, 80, 0.3206526149383876]], "oriented": false, "discover": false, "dist": true, "mode": "map"}