{"pos": [[0, 0], [0, 1], [0, 2], [0, 3], [0, 4], [0, 5], [0, 6], [0, 7], [1, 0], [1, 1], [1, 2], [1, 3], [1, 4], [1, 5], [1, 6], [1, 7], [2, 0], [2, 1], [2, 2], [2, 3], [2, 4], [2, 5], [2, 6], [2, 7], [3, 0], [3, 1], [3, 2], [3, 3], [3, 4], [3, 5], [3, 6], [3, 7], [4, 0], [4, 1], [4, 2], [4, 3], [4, 4], [4, 5], [4, 6], [4, 7], [5, 0], [5, 1], [5, 2], [5, 3], [5, 4], [5, 5], [5, 6], [5, 7], [6, 0], [6, 1], [6, 2], [6, 3], [6, 4], [6, 5], [6, 6], [6, 7], [7, 0], [7, 1], [7, 2], [7, 3], [7, 4], [7, 5], [7, 6], [7, 7]], "edges": [[0, 1, 0.8303463669781437], [0, 8, 0.11243272405029503], [1, 2, 0.5856809657743791], [1, 9, 0.8723236015089619], [2, 3, 0.10593874060685182], [2, 10, 0.5956439215283003], [3, 4, 0.8845249491454509], [3, 11, 0.08122669904860369], [4, 5, 0.17248462605488513], [4, 12, 0.17520246258399452], [5, 6, 0.6368394659568644], [5, 13, 0.6973093097422509], [6, 7, 0.40895310733558543], [8, 16, 0.8106584418681655], [9, 17, 0.624519703163259], [10, 11, 0.03417340069637198], [10, 18, 0.9693916445700004], [11, 12, 0.5639127825794287], [11, 19, 0.6827666643187189], [12, 20, 0.8722764294386908], [13, 14, 0.7239007662925012], [13, 21, 0.39142465338585486], [14, 15, 0.12173051707233817], [16, 17, 0.9940276720448539], [16, 24, 0.13808498553433668], [17, 25, 0.1935546096831796], [18, 19, 0.22069487996573556], [18, 26, 0.5572984696094246], [19, 20, 0.9441828753067139], [19, 27, 0.20664563768655198], [21, 22, 0.9646717131715378], [21, 29, 0.4187004578851595], [22, 23, 0.261961060517245], [24, 25, 0.4711650276989129], [24, 32, 0.5012553129332245], [26, 27, 0.2931212741741417], [26, 34, 0.2322818037251645], [27, 28, 0.5822718855315463], [27, 35, 0.6084443945957064], [28, 29, 0.37489802848844234], [28, 36, 0.9498613326428368], [29, 30, 0.7871391942113207], [30, 31, 0.6277614717599913], [32, 33, 0.006904861760865577], [32, 40, 0.5218709474644377], [33, 34, 0.5017786159630437], [33, 41, 0.8499612050196262], [34, 42, 0.12495646801878668], [35, 36, 0.7606707266334911], [36, 37, 0.5730414034195629], [36, 44, 0.19153119479297664], [37, 38, 0.6250440638583203], [37, 45, 0.2822002479047736], [38, 39, 0.26261590535871393], [40, 41, 0.2065376530276929], [40, 48, 0.3683515232437907], [41, 42, 0.06094182943548998], [42, 43, 0.6707207256369402], [42, 50, 0.2939445663307301], [43, 51, 0.9566281668898794], [44, 45, 0.6371708535311668], [44, 52, 0.9307616012945992], [45, 46, 0.09974776587986411], [45, 53, 0.5853977425850125], [46, 47, 0.5462732131485406], [46, 54, 0.9439167307936377], [48, 49, 0.22951251770128978], [48, 56, 0.9838202993038547], [49, 57, 0.035685707233193975], [50, 58, 0.3889465451752001], [52, 60, 0.6149968469464755], [53, 61, 0.7613596438810185], [54, 55, 0.1441161994856014], [15, 23, 0.15683275506055605], [31, 39, 0.6827127354928615], [47, 55, 0.8410310773981765], [55, 63, 0.9321637757055766], [56, 57, 0.45774053426369443], [59, 60, 0.10356557436242075], [60, 61, 0.4468852193335374], [61, 62, 0.6928751108197346]], "oriented": false, "discover": false, "dist": true, "mode": "map"}