{"pos": [[0, 0], [0, 1], [0, 2], [0, 3], [0, 4], [0, 5], [0, 6], [0, 7], [1, 0], [1, 1], [1, 2], [1, 3], [1, 4], [1, 5], [1, 6], [1, 7], [2, 0], [2, 1], [2, 2], [2, 3], [2, 4], [2, 5], [2, 6], [2, 7], [3, 0], [3, 1], [3, 2], [3, 3], [3, 4], [3, 5], [3, 6], [3, 7], [4, 0], [4, 1], [4, 2], [4, 3], [4, 4], [4, 5], [4, 6], [4, 7], [5, 0], [5, 1], [5, 2], [5, 3], [5, 4], [5, 5], [5, 6], [5, 7], [6, 0], [6, 1], [6, 2], [6, 3], [6, 4], [6, 5], [6, 6], [6, 7], [7, 0], [7, 1], [7, 2], [7, 3], [7, 4], [7, 5], [7, 6], [7, 7]], "edges": [[0, 1, 0.8301266637694049], [1, 2, 0.8223758842399203], [1, 9, 0.10366757063243626], [2, 10, 0.5941692669605858], [3, 4, 0.8518520818165459], [3, 11, 0.6165779543002822], [4, 12, 0.23332532016527385], [5, 13, 0.23552685830691122], [6, 7, 0.23624827936762605], [6, 14, 0.7411564581824387], [8, 9, 0.4239683471959085], [8, 16, 0.35573239134446866], [9, 10, 0.5579328632532364], [9, 17, 0.0010230780764929337], [10, 11, 0.4333856802701427], [10, 18, 0.5772854787549991], [11, 12, 0.8655029435169559], [11, 19, 0.7345306044789337], [12, 13, 0.4924190542627058], [12, 20, 0.9577038130366575], [13, 14, 0.026113267043584742], [13, 21, 0.4980494885307295], [14, 15, 0.5176514483033754], [14, 22, 0.7541694767383925], [16, 24, 0.7142571888448256], [17, 18, 0.09834997306258086], [18, 26, 0.44826850812253205], [20, 28, 0.9512170789219109], [21, 22, 0.0902557376718982], [21, 29, 0.355627974465604], [22, 23, 0.39800850720435077], [24, 25, 0.5300723899075902], [24, 32, 0.938052099855], [25, 26, 0.28181663531951784], [26, 27, 0.5204274406304153], [26, 34, 0.3612572768913176], [27, 28, 0.4612770630599585], [27, 35, 0.7089954464995359], [28, 36, 0.3130341516693306], [29, 30, 0.38741469274057505], [29, 37, 0.7110219134587517], [30, 38, 0.3007675648175031], [32, 33, 0.5657239549428994], [32, 40, 0.6313046206729016], [33, 41, 0.8602158897455949], [34, 42, 0.34278009562798695], [35, 36, 0.9908572443695], [35, 43, 0.2629231143353664], [36, 37, 0.22826176273226384], [36, 44, 0.3323773646142888], [37, 38, 0.48735900494066464], [37, 45, 0.8902313668469737], [38, 39, 0.3542605821811746], [38, 46, 0.2164628941246377], [40, 48, 0.19841147397697267], [41, 49, 0.820645779268231], [42, 50, 0.5433818811503027], [43, 51, 0.32518456129543083], [44, 52, 0.7692149158385861], [45, 46, 0.8742187087037138], [45, 53, 0.12664278958151876], [46, 54, 0.7140336335719314], [48, 49, 0.6913412497282426], [48, 56, 0.5841396402092128], [49, 50, 0.08460823359220015], [49, 57, 0.6305247828244086], [50, 58, 0.8955685269696233], [51, 52, 0.5589819676619727], [52, 53, 0.4018762334186349], [52, 60, 0.15675244814864553], [53, 61, 0.970042319802721], [54, 55, 0.32111739443536724], [7, 15, 0.6664268371706509], [15, 23, 0.5240010742632408], [23, 31, 0.1927429867524103], [39, 47, 0.05449976208291263], [47, 55, 0.49588942732212515], [55, 63, 0.10774760742184397], [57, 58, 0.7443489755304757], [59, 60, 0.8759750358976153], [61, 62, 0.4081158732728728]], "oriented": false, "discover": false, "dist": true, "mode": "map"}