{"pos": [[0, 0], [0, 1], [0, 2], [0, 3], [0, 4], [0, 5], [0, 6], [0, 7], [1, 0], [1, 1], [1, 2], [1, 3], [1, 4], [1, 5], [1, 6], [1, 7], [2, 0], [2, 1], [2, 2], [2, 3], [2, 4], [2, 5], [2, 6], [2, 7], [3, 0], [3, 1], [3, 2], [3, 3], [3, 4], [3, 5], [3, 6], [3, 7], [4, 0], [4, 1], [4, 2], [4, 3], [4, 4], [4, 5], [4, 6], [4, 7], [5, 0], [5, 1], [5, 2], [5, 3], [5, 4], [5, 5], [5, 6], [5, 7], [6, 0], [6, 1], [6, 2], [6, 3], [6, 4], [6, 5], [6, 6], [6, 7], [7, 0], [7, 1], [7, 2], [7, 3], [7, 4], [7, 5], [7, 6], [7, 7]], "edges": [[0, 1, 0.4659190634784681], [0, 8, 0.5543802718234506], [1, 2, 0.27735516654607006], [1, 9, 0.8807952075511919], [2, 3, 0.8733977925467761], [2, 10, 0.14991018744594664], [3, 4, 0.1505692023251437], [3, 11, 0.8856782673794322], [4, 5, 0.7615200239824086], [5, 6, 0.47733051294618445], [5, 13, 0.4749248648276949], [6, 7, 0.30905858407938047], [8, 9, 0.4277604181946554], [8, 16, 0.39985570086900935], [9, 17, 0.7395571329296191], [10, 11, 0.6486709834732226], [11, 12, 0.9858640803488871], [11, 19, 0.017863537529756], [12, 13, 0.19939753618849876], [13, 14, 0.2972894014524654], [13, 21, 0.36785283376874023], [14, 15, 0.33524476213286414], [16, 24, 0.22199124517210067], [17, 18, 0.6400542648778808], [18, 19, 0.689116790804801], [19, 27, 0.8112108544581293], [20, 21, 0.4866902878047835], [20, 28, 0.6250959732853728], [21, 22, 0.14821923197653408], [21, 29, 0.3201651335636758], [22, 23, 0.18279938016587183], [22, 30, 0.6620762300613547], [25, 26, 0.029353672108816786], [26, 27, 0.7809669887461761], [26, 34, 0.5332446945242374], [27, 28, 0.05056985112164014], [27, 35, 0.43008849813696337], [28, 29, 0.8923902224188812], [29, 30, 0.6824319269017005], [29, 37, 0.5402287295989953], [30, 31, 0.7978957554213018], [32, 33, 0.31638076049799757], [32, 40, 0.6995258496803182], [33, 34, 0.3973879276662574], [35, 36, 0.919531908091951], [35, 43, 0.7234929958387946], [36, 37, 0.2686203764071966], [37, 38, 0.4274545151489243], [37, 45, 0.23931072439099843], [40, 41, 0.433193461158214], [40, 48, 0.41960292531566934], [41, 42, 0.3357962829372082], [41, 49, 0.7806793344709237], [42, 43, 0.08752664120916032], [42, 50, 0.8125306106990207], [43, 44, 0.40838521678382045], [43, 51, 0.1459226212553768], [44, 45, 0.7096301147469236], [44, 52, 0.4311739893667226], [45, 46, 0.7700736643846965], [45, 53, 0.44442822568815143], [46, 47, 0.9546382915087102], [46, 54, 0.21351412447686735], [49, 57, 0.7835600755951757], [50, 51, 0.5125023576930829], [50, 58, 0.5411192063437226], [51, 59, 0.577393644115989], [52, 53, 0.940333805524476], [52, 60, 0.5691554329610383], [53, 54, 0.2121735396315666], [53, 61, 0.9283517187337986], [54, 55, 0.5669137597126611], [54, 62, 0.9061702918616652], [15, 23, 0.299763681859909], [31, 39, 0.3482363183136522], [39, 47, 0.254779261873344], [47, 55, 0.49638073052779486], [55, 63, 0.021456450452888798], [56, 57, 0.11508904930500463], [60, 61, 0.34369441286426095], [62, 63, 0.8160837505222619]], "oriented": false, "discover": false, "dist": true, "mode": "map"}