{"pos": [[0, 0], [0, 1], [0, 2], [0, 3], [0, 4], [0, 5], [0, 6], [0, 7], [1, 0], [1, 1], [1, 2], [1, 3], [1, 4], [1, 5], [1, 6], [1, 7], [2, 0], [2, 1], [2, 2], [2, 3], [2, 4], [2, 5], [2, 6], [2, 7], [3, 0], [3, 1], [3, 2], [3, 3], [3, 4], [3, 5], [3, 6], [3, 7], [4, 0], [4, 1], [4, 2], [4, 3], [4, 4], [4, 5], [4, 6], [4, 7], [5, 0], [5, 1], [5, 2], [5, 3], [5, 4], [5, 5], [5, 6], [5, 7], [6, 0], [6, 1], [6, 2], [6, 3], [6, 4], [6, 5], [6, 6], [6, 7], [7, 0], [7, 1], [7, 2], [7, 3], [7, 4], [7, 5], [7, 6], [7, 7]], "edges": [[0, 1, 0.08168744836791608], [0, 8, 0.4457621335577048], [1, 2, 0.4027540296884561], [1, 9, 0.894170286674662], [2, 3, 0.5073285130530361], [2, 10, 0.014515247378816154], [3, 4, 0.3782739342751169], [3, 11, 0.5579233556891723], [4, 5, 0.5803147566833735], [5, 6, 0.4025582022093952], [5, 13, 0.18311311965361643], [6, 7, 0.02131216914418166], [6, 14, 0.14774944734468654], [8, 9, 0.6412099909502152], [8, 16, 0.8797683413805291], [10, 11, 0.32247638105796994], [11, 12, 0.7110350753733253], [11, 19, 0.02919883710528237], [12, 20, 0.29965672909192387], [13, 14, 0.32453331677267216], [13, 21, 0.30103258877218375], [14, 15, 0.2930487107049631], [14, 22, 0.1146814818067804], [16, 17, 0.6311319251222531], [16, 24, 0.7939189808702201], [17, 18, 0.16762782364296902], [17, 25, 0.26744890447910785], [18, 26, 0.17945557999110484], [19, 20, 0.20033065963727137], [20, 21, 0.9480119993652557], [20, 28, 0.18196684037271227], [21, 29, 0.63090652702104], [22, 23, 0.3765191795497316], [22, 30, 0.8891706719925184], [24, 25, 0.27803917162522007], [24, 32, 0.8278387480125675], [25, 33, 0.7308500317059146], [26, 27, 0.48269782042223464], [26, 34, 0.6815243084429796], [27, 35, 0.724341374387328], [29, 30, 0.18934575323673308], [29, 37, 0.5534696297098055], [30, 38, 0.9507948732554549], [32, 40, 0.17420282989895242], [34, 35, 0.019512591908627752], [34, 42, 0.05059645104721944], [35, 36, 0.11074994133837901], [35, 43, 0.25992916823477485], [36, 44, 0.4547471414168991], [37, 38, 0.44954485699652147], [37, 45, 0.9699524812081198], [40, 41, 0.5548006209537004], [40, 48, 0.8697169803116238], [41, 42, 0.5911465605443027], [41, 49, 0.06516171836219231], [42, 43, 0.43008267016434665], [42, 50, 0.4309521995148411], [44, 45, 0.23023659034638988], [45, 46, 0.10962980136815448], [45, 53, 0.07643051511413401], [48, 49, 0.043864532309133786], [48, 56, 0.12545538262327982], [49, 50, 0.8057232942026789], [50, 51, 0.37950879893949274], [50, 58, 0.25085708048125654], [51, 59, 0.7545458930593929], [52, 53, 0.7173905429486723], [52, 60, 0.03893272281888427], [53, 61, 0.6097362134303818], [54, 55, 0.2158954343287519], [54, 62, 0.16473391986792374], [15, 23, 0.4400402460037306], [23, 31, 0.295855179826674], [31, 39, 0.07392714502748476], [39, 47, 0.2698992129146838], [47, 55, 0.7889845570234888], [55, 63, 0.5452495495958577], [56, 57, 0.9322558703286156], [58, 59, 0.25977141417659455], [59, 60, 0.27271922592854725], [61, 62, 0.4213121224628187]], "oriented": false, "discover": false, "dist": true, "mode": "map"}