{"pos": [[0, 0], [0, 1], [0, 2], [0, 3], [0, 4], [0, 5], [0, 6], [0, 7], [1, 0], [1, 1], [1, 2], [1, 3], [1, 4], [1, 5], [1, 6], [1, 7], [2, 0], [2, 1], [2, 2], [2, 3], [2, 4], [2, 5], [2, 6], [2, 7], [3, 0], [3, 1], [3, 2], [3, 3], [3, 4], [3, 5], [3, 6], [3, 7], [4, 0], [4, 1], [4, 2], [4, 3], [4, 4], [4, 5], [4, 6], [4, 7], [5, 0], [5, 1], [5, 2], [5, 3], [5, 4], [5, 5], [5, 6], [5, 7], [6, 0], [6, 1], [6, 2], [6, 3], [6, 4], [6, 5], [6, 6], [6, 7], [7, 0], [7, 1], [7, 2], [7, 3], [7, 4], [7, 5], [7, 6], [7, 7]], "edges": [[0, 1, 0.8188405745383087], [0, 8, 0.9831815931817449], [1, 2, 0.12602537685087944], [1, 9, 0.05872258132438557], [2, 3, 0.29323844445696645], [3, 4, 0.6809919522030103], [4, 5, 0.613673564760143], [5, 6, 0.30317506199760746], [6, 7, 0.7700887013122648], [6, 14, 0.7815869766139024], [8, 16, 0.698855032149877], [9, 10, 0.16775082614363201], [10, 11, 0.040515318031398406], [10, 18, 0.26544927090914394], [11, 12, 0.23035371665195903], [11, 19, 0.2414331689488256], [12, 13, 0.07701390751234516], [12, 20, 0.3499220073731064], [13, 14, 0.44906714194513486], [13, 21, 0.3197840670773566], [14, 15, 0.5427974095152683], [14, 22, 0.9217325349228018], [16, 17, 0.6298050760839706], [17, 25, 0.30511317057847065], [18, 19, 0.021392563566546507], [19, 20, 0.6499933416260119], [19, 27, 0.8735018557623676], [20, 21, 0.36703335692063954], [20, 28, 0.15734460295444896], [21, 29, 0.7479451224497278], [22, 23, 0.6468657645355705], [22, 30, 0.8103337541263405], [24, 25, 0.8331887770657758], [24, 32, 0.38736133021853814], [25, 26, 0.49434991895960534], [25, 33, 0.027163070638395848], [26, 27, 0.7648831487994939], [29, 37, 0.06591911438517828], [30, 31, 0.28020300404842347], [30, 38, 0.19210477800706427], [32, 33, 0.25009879081842723], [33, 34, 0.07709208837870052], [33, 41, 0.3718229572417773], [34, 35, 0.014420004934335262], [34, 42, 0.18896067918298232], [35, 36, 0.19190665209619862], [37, 45, 0.9413256079639282], [38, 46, 0.8653361511659878], [40, 41, 0.5207810600729931], [40, 48, 0.6995705780323429], [41, 49, 0.9232617310447111], [42, 43, 0.042347331032827173], [42, 50, 0.8024392636372155], [43, 44, 0.3632640735843773], [43, 51, 0.10221649738641903], [44, 45, 0.9008783255227238], [45, 46, 0.5502048963832845], [45, 53, 0.5992782277162613], [46, 54, 0.9375904086098903], [48, 49, 0.7110838009513897], [48, 56, 0.4471780180470625], [49, 50, 0.5218208164658238], [49, 57, 0.7356044632107137], [50, 58, 0.7065386623360316], [51, 52, 0.350772554710726], [51, 59, 0.7225904764190025], [52, 53, 0.018263837409985717], [52, 60, 0.3778022401248745], [53, 54, 0.2295692729415103], [54, 55, 0.47680193944788984], [7, 15, 0.40970036131735954], [15, 23, 0.1375237347326771], [31, 39, 0.8575984801194547], [39, 47, 0.15678714713123842], [55, 63, 0.5386172068117884], [56, 57, 0.5622593261275699], [57, 58, 0.1878179502371068], [59, 60, 0.5711172688194166], [60, 61, 0.9628050934287431], [61, 62, 0.009107055561580868], [62, 63, 0.7028281285970488]], "oriented": false, "discover": false, "dist": true, "mode": "map"}