{"pos": [[0, 0], [0, 1], [0, 2], [0, 3], [0, 4], [0, 5], [0, 6], [0, 7], [1, 0], [1, 1], [1, 2], [1, 3], [1, 4], [1, 5], [1, 6], [1, 7], [2, 0], [2, 1], [2, 2], [2, 3], [2, 4], [2, 5], [2, 6], [2, 7], [3, 0], [3, 1], [3, 2], [3, 3], [3, 4], [3, 5], [3, 6], [3, 7], [4, 0], [4, 1], [4, 2], [4, 3], [4, 4], [4, 5], [4, 6], [4, 7], [5, 0], [5, 1], [5, 2], [5, 3], [5, 4], [5, 5], [5, 6], [5, 7], [6, 0], [6, 1], [6, 2], [6, 3], [6, 4], [6, 5], [6, 6], [6, 7], [7, 0], [7, 1], [7, 2], [7, 3], [7, 4], [7, 5], [7, 6], [7, 7]], "edges": [[0, 1, 0.9577459803930987], [0, 8, 0.2122137811535375], [1, 2, 0.9403309056320562], [2, 3, 0.8355247384493143], [2, 10, 0.44677346304156196], [3, 4, 0.8322039653939607], [3, 11, 0.2171204041415964], [4, 5, 0.2933753483153104], [4, 12, 0.34227075369727555], [5, 6, 0.590048249751391], [5, 13, 0.3035557679699513], [6, 7, 0.669892080913903], [6, 14, 0.00806001442559845], [8, 9, 0.8938999853189604], [8, 16, 0.4675207094001923], [9, 10, 0.17718854554951136], [9, 17, 0.3843670592675227], [10, 11, 0.7153202754612761], [10, 18, 0.9244267061359381], [11, 19, 0.8885661911446272], [12, 13, 0.7336776383375452], [12, 20, 0.3386336238593064], [13, 21, 0.34533898554642584], [14, 15, 0.8607670276202413], [14, 22, 0.5963244328858237], [16, 17, 0.5681659654034245], [16, 24, 0.8366376067809974], [17, 18, 0.34382417769155704], [18, 19, 0.5438854231504863], [18, 26, 0.5661700909889124], [19, 20, 0.52076924226044], [19, 27, 0.09022957493263306], [20, 21, 0.004279707660364673], [21, 22, 0.8535895366397154], [21, 29, 0.2047721592042585], [22, 23, 0.805755734708804], [22, 30, 0.8733299570252231], [24, 25, 0.44512445123970457], [24, 32, 0.11680731151735324], [26, 34, 0.2576251314181911], [27, 28, 0.33678799583395613], [27, 35, 0.04144110390640521], [28, 29, 0.9071789738171654], [29, 37, 0.4100591572551997], [30, 31, 0.9498742804491255], [30, 38, 0.8147547023386023], [32, 33, 0.1532364244766491], [32, 40, 0.48245807753275616], [34, 42, 0.27731999372216], [35, 36, 0.02276365281193604], [35, 43, 0.24007566536613534], [36, 37, 0.5206905409720874], [36, 44, 0.29612350763969386], [37, 38, 0.6604017686905531], [37, 45, 0.4878957797062117], [38, 46, 0.46106396997284194], [40, 41, 0.3813174389938523], [40, 48, 0.4456872220467408], [41, 42, 0.2871681340000982], [41, 49, 0.673722517350078], [44, 45, 0.5903760476609006], [44, 52, 0.47470169452616795], [45, 53, 0.6951236834876996], [46, 47, 0.7851342660397438], [46, 54, 0.7633431721961211], [48, 49, 0.1249061781896007], [48, 56, 0.33758671670589324], [49, 50, 0.7919250795061903], [50, 51, 0.7822416675231112], [51, 59, 0.7497827893126728], [54, 55, 0.6683866784692205], [54, 62, 0.8946297652483767], [15, 23, 0.7420084624413268], [31, 39, 0.06959754308295918], [39, 47, 0.28538845798948076], [55, 63, 0.013256967137478592], [56, 57, 0.3478146655622578], [57, 58, 0.3287467117719529], [58, 59, 0.47257294266480543], [59, 60, 0.971445838188691], [60, 61, 0.35274053052637544]], "oriented": false, "discover": false, "dist": true, "mode": "map"}