{"pos": [[0, 0], [0, 1], [0, 2], [0, 3], [0, 4], [0, 5], [0, 6], [0, 7], [0, 8], [1, 0], [1, 1], [1, 2], [1, 3], [1, 4], [1, 5], [1, 6], [1, 7], [1, 8], [2, 0], [2, 1], [2, 2], [2, 3], [2, 4], [2, 5], [2, 6], [2, 7], [2, 8], [3, 0], [3, 1], [3, 2], [3, 3], [3, 4], [3, 5], [3, 6], [3, 7], [3, 8], [4, 0], [4, 1], [4, 2], [4, 3], [4, 4], [4, 5], [4, 6], [4, 7], [4, 8], [5, 0], [5, 1], [5, 2], [5, 3], [5, 4], [5, 5], [5, 6], [5, 7], [5, 8], [6, 0], [6, 1], [6, 2], [6, 3], [6, 4], [6, 5], [6, 6], [6, 7], [6, 8], [7, 0], [7, 1], [7, 2], [7, 3], [7, 4], [7, 5], [7, 6], [7, 7], [7, 8], [8, 0], [8, 1], [8, 2], [8, 3], [8, 4], [8, 5], [8, 6], [8, 7], [8, 8]], "edges": [[0, 1, 0.9437863224192509], [0, 9, 0.7360916508301398], [1, 2, 0.005854070179334814], [1, 10, 0.47985454003336636], [2, 3, 0.768096702653298], [2, 11, 0.1004782564380674], [3, 4, 0.9699160029839662], [3, 12, 0.6132086769641167], [4, 5, 0.14056760499137566], [6, 7, 0.5658881484094308], [6, 15, 0.12780661681231442], [7, 8, 0.9029679155884942], [7, 16, 0.49798920545719294], [9, 10, 0.6318688253737444], [9, 18, 0.4757024672582033], [10, 11, 0.976997472634901], [10, 19, 0.3127329093980755], [11, 12, 0.23295774847125406], [11, 20, 0.6762018307886672], [12, 13, 0.2873477428289952], [12, 21, 0.7832581468184556], [13, 14, 0.3312189398354958], [13, 22, 0.5653283810837886], [14, 15, 0.8039251402204388], [14, 23, 0.6813268230523277], [15, 16, 0.4403787588046758], [15, 24, 0.09645400660819092], [16, 17, 0.8991886352400432], [16, 25, 0.2587417577125751], [18, 27, 0.601200881866361], [19, 20, 0.8830616676221852], [19, 28, 0.2379201594068201], [20, 21, 0.7531965205834841], [20, 29, 0.4687004615001422], [21, 22, 0.5491829751709747], [21, 30, 0.8239060239332185], [22, 23, 0.26724316178937235], [22, 31, 0.37390492817601706], [23, 32, 0.3656214317308535], [24, 25, 0.04152143798972896], [24, 33, 0.08579750224671345], [25, 26, 0.8017050268911355], [27, 36, 0.7521214964044485], [28, 29, 0.6965919866803015], [28, 37, 0.008043406373192674], [29, 30, 0.8691525365693732], [29, 38, 0.8432708805166617], [30, 31, 0.3563054526833711], [31, 40, 0.7955993784881421], [32, 41, 0.29973642940693435], [33, 34, 0.6365537068336476], [33, 42, 0.5264389222185415], [34, 35, 0.748545591821331], [34, 43, 0.11334037719886747], [36, 45, 0.7888881266907356], [37, 38, 0.8765566341398596], [38, 39, 0.5400459279879908], [38, 47, 0.3581401746318623], [40, 49, 0.9112798081381213], [41, 50, 0.6575813990664486], [42, 43, 0.5064650625788062], [42, 51, 0.5560522761147954], [43, 44, 0.7384473786937814], [45, 46, 0.3666252289358646], [45, 54, 0.9582550879684278], [47, 48, 0.8796759456088138], [48, 49, 0.5221131941339747], [49, 50, 0.9119738841626878], [51, 60, 0.09790776169086202], [52, 53, 0.32074305738628217], [52, 61, 0.37807611201737834], [54, 55, 0.24500206210607245], [54, 63, 0.3906947664170055], [55, 56, 0.6576952758374], [55, 64, 0.8457293228686917], [56, 57, 0.471344868018988], [56, 65, 0.21041342241944117], [57, 58, 0.26101946334100357], [57, 66, 0.48870290798401916], [58, 59, 0.9850594298062086], [58, 67, 0.7580257655429883], [59, 68, 0.20794430477045533], [60, 61, 0.9583087301883639], [60, 69, 0.01654699624463074], [61, 62, 0.07922719035055859], [61, 70, 0.8699297592173707], [63, 72, 0.6575596298723249], [64, 73, 0.7037735508816254], [65, 74, 0.42442425734102585], [67, 68, 0.9069808144591119], [67, 76, 0.32142979620815026], [68, 77, 0.27745158998637875], [69, 78, 0.017173575736972868], [70, 71, 0.3250812567991975], [70, 79, 0.15251915219961987], [44, 53, 0.5474326599444764], [53, 62, 0.4485699146247123], [72, 73, 0.15629324416366985], [74, 75, 0.6097649379467296], [75, 76, 0.38151753588329695], [76, 77, 0.2514452801621345], [77, 78, 0.09381300159192485], [78, 79, 0.27309816297752243], [79, 80, 0.5149705962952552]], "oriented": false, "discover": false, "dist": true, "mode": "map"}