{"pos": [[0, 0], [0, 1], [0, 2], [0, 3], [0, 4], [0, 5], [0, 6], [0, 7], [0, 8], [1, 0], [1, 1], [1, 2], [1, 3], [1, 4], [1, 5], [1, 6], [1, 7], [1, 8], [2, 0], [2, 1], [2, 2], [2, 3], [2, 4], [2, 5], [2, 6], [2, 7], [2, 8], [3, 0], [3, 1], [3, 2], [3, 3], [3, 4], [3, 5], [3, 6], [3, 7], [3, 8], [4, 0], [4, 1], [4, 2], [4, 3], [4, 4], [4, 5], [4, 6], [4, 7], [4, 8], [5, 0], [5, 1], [5, 2], [5, 3], [5, 4], [5, 5], [5, 6], [5, 7], [5, 8], [6, 0], [6, 1], [6, 2], [6, 3], [6, 4], [6, 5], [6, 6], [6, 7], [6, 8], [7, 0], [7, 1], [7, 2], [7, 3], [7, 4], [7, 5], [7, 6], [7, 7], [7, 8], [8, 0], [8, 1], [8, 2], [8, 3], [8, 4], [8, 5], [8, 6], [8, 7], [8, 8]], "edges": [[0, 1, 0.057533938503624094], [0, 9, 0.23779343353243576], [2, 3, 0.568962257111518], [2, 11, 0.8435670387742223], [3, 4, 0.47547447981161073], [3, 12, 0.5390965782539919], [4, 5, 0.5630970075591314], [4, 13, 0.6473524420698674], [5, 6, 0.18496397999015401], [5, 14, 0.7494026349047467], [7, 8, 0.21039957852183266], [9, 10, 0.41753576001356296], [9, 18, 0.27956636950087876], [10, 11, 0.6019354742646517], [10, 19, 0.022308140764567996], [11, 20, 0.24806097549577344], [12, 13, 0.543133347564039], [13, 14, 0.39615963114530517], [13, 22, 0.2654370819380909], [14, 15, 0.2886001227733471], [14, 23, 0.6711854649381475], [15, 16, 0.4577056991022995], [15, 24, 0.3378967646462835], [16, 17, 0.9940091263160236], [18, 19, 0.6256135437526681], [18, 27, 0.7964249613933999], [19, 20, 0.46165234871119065], [21, 30, 0.535347471525398], [22, 31, 0.28643850454029607], [23, 32, 0.5332636326718688], [24, 33, 0.09396797896281606], [25, 34, 0.8903072967480506], [27, 28, 0.5445984725968472], [27, 36, 0.463888253395106], [28, 29, 0.12432207173660592], [28, 37, 0.838547142815071], [29, 30, 0.9247712272195308], [29, 38, 0.5098068415314182], [30, 39, 0.4564237199199388], [31, 32, 0.40858600563201275], [31, 40, 0.2827696040410871], [32, 33, 0.8835505508393883], [32, 41, 0.39377509347911266], [33, 34, 0.7732556225545321], [33, 42, 0.10184726481136908], [34, 35, 0.566735944858562], [34, 43, 0.022684652573087938], [36, 37, 0.3275708409437236], [36, 45, 0.6539754982698791], [37, 38, 0.5582905825970301], [38, 47, 0.1735690215085005], [39, 40, 0.8966624370144706], [41, 50, 0.6917983350214805], [42, 51, 0.27497571596865045], [43, 52, 0.1281600373036046], [45, 46, 0.005502930709998299], [45, 54, 0.15146610265363059], [46, 55, 0.3395194250930528], [47, 56, 0.2529132457580796], [48, 49, 0.688449744197894], [48, 57, 0.35957219716977395], [49, 50, 0.4557363425388754], [49, 58, 0.5938133760580199], [50, 51, 0.9099212094280115], [50, 59, 0.18486084356189814], [51, 60, 0.2175896752463612], [52, 53, 0.8068172504261311], [52, 61, 0.4440848909999119], [54, 55, 0.06193139065338593], [54, 63, 0.5201354038732505], [55, 64, 0.037406813313361154], [56, 65, 0.6019471874816508], [57, 66, 0.808921655881071], [58, 59, 0.04929129464296422], [58, 67, 0.7893836691017756], [59, 60, 0.3390951694077894], [59, 68, 0.5301388429082422], [61, 70, 0.8344800693858475], [63, 72, 0.8752240314785166], [64, 65, 0.9137799228003125], [64, 73, 0.8343088154598822], [65, 66, 0.5204032963686746], [65, 74, 0.05351181287649609], [66, 67, 0.7734413544998158], [66, 75, 0.4313044940870141], [67, 68, 0.045121321685173466], [67, 76, 0.4042084742751061], [68, 69, 0.8517932621043863], [68, 77, 0.5461065300888351], [69, 70, 0.6554758694832795], [69, 78, 0.2108396752448909], [8, 17, 0.3244989666888588], [17, 26, 0.05233039445254972], [26, 35, 0.18610336446869657], [35, 44, 0.9918299383413159], [44, 53, 0.2740908280754334], [53, 62, 0.644964612566714], [62, 71, 0.44582055855598224], [71, 80, 0.8965263957761799], [72, 73, 0.8132221613446664], [75, 76, 0.46949711810037265], [76, 77, 0.4419565374465986], [77, 78, 0.8254677844442578], [79, 80, 0.5188104293436905]], "oriented": false, "discover": false, "dist": true, "mode": "map"}