{"pos": [[0, 0], [0, 1], [0, 2], [0, 3], [0, 4], [0, 5], [0, 6], [0, 7], [1, 0], [1, 1], [1, 2], [1, 3], [1, 4], [1, 5], [1, 6], [1, 7], [2, 0], [2, 1], [2, 2], [2, 3], [2, 4], [2, 5], [2, 6], [2, 7], [3, 0], [3, 1], [3, 2], [3, 3], [3, 4], [3, 5], [3, 6], [3, 7], [4, 0], [4, 1], [4, 2], [4, 3], [4, 4], [4, 5], [4, 6], [4, 7], [5, 0], [5, 1], [5, 2], [5, 3], [5, 4], [5, 5], [5, 6], [5, 7], [6, 0], [6, 1], [6, 2], [6, 3], [6, 4], [6, 5], [6, 6], [6, 7], [7, 0], [7, 1], [7, 2], [7, 3], [7, 4], [7, 5], [7, 6], [7, 7]], "edges": [[0, 1, 0.40367215876789175], [0, 8, 0.4158832040262147], [1, 2, 0.8909434704081397], [1, 9, 0.9716298185124745], [2, 3, 0.83046721177312], [2, 10, 0.3017566553156241], [3, 4, 0.21273169006759385], [3, 11, 0.02809217966913291], [4, 5, 0.281835010071228], [5, 6, 0.5487276839696558], [5, 13, 0.06723684491809723], [6, 7, 0.9464719048851473], [6, 14, 0.2021560020794132], [8, 9, 0.6719046483064058], [9, 10, 0.00793819601834933], [9, 17, 0.24841552575834414], [10, 11, 0.07734950871568946], [11, 12, 0.17704520971905247], [11, 19, 0.17582172585825073], [12, 13, 0.04797776965187195], [12, 20, 0.0752800161764915], [13, 14, 0.9472250146921977], [14, 15, 0.5435753809783238], [14, 22, 0.05797848987374776], [16, 17, 0.509954915832878], [16, 24, 0.6946492505148771], [17, 18, 0.36220651839631357], [17, 25, 0.842840471379341], [18, 19, 0.2735795777971821], [18, 26, 0.7507026162199626], [19, 20, 0.5427685970187014], [20, 21, 0.8382421278061103], [20, 28, 0.4589696990252422], [21, 29, 0.5613627543057742], [24, 25, 0.7041087691628557], [25, 33, 0.4434898951254168], [26, 27, 0.579260557374364], [26, 34, 0.9133287333652642], [27, 28, 0.6211736383937719], [27, 35, 0.31847892776675857], [28, 36, 0.9529031201153438], [29, 30, 0.25342017907342684], [29, 37, 0.7602365854063979], [30, 31, 0.039748453866649935], [30, 38, 0.7528355097213945], [32, 33, 0.3051586141940483], [33, 34, 0.2241476362660817], [33, 41, 0.6985973992947349], [34, 42, 0.9653779398142696], [36, 44, 0.2665768873418851], [37, 45, 0.6715898045398988], [38, 39, 0.9007088605753981], [38, 46, 0.3171245071828165], [40, 41, 0.2649411484270987], [40, 48, 0.7517354515731476], [41, 49, 0.39001917674263964], [42, 43, 0.8338980589465005], [43, 51, 0.007370455505014251], [44, 45, 0.3375713578831878], [44, 52, 0.9961358858218154], [45, 46, 0.3207840598261833], [45, 53, 0.36624442223230647], [46, 47, 0.15698994877641936], [46, 54, 0.17136468296312712], [48, 56, 0.8298123791227114], [49, 50, 0.4194647131703938], [49, 57, 0.011752011169041343], [50, 58, 0.9232871229489462], [51, 52, 0.5271664398717979], [51, 59, 0.38296673737526266], [53, 61, 0.7039617305444649], [54, 55, 0.7054783455094146], [15, 23, 0.2687991853281816], [23, 31, 0.8766531779372116], [55, 63, 0.6199009176828009], [57, 58, 0.672110842858385], [58, 59, 0.27557738432983825], [59, 60, 0.011277518040672674], [61, 62, 0.42646748333967455], [62, 63, 0.7431947651561823]], "oriented": false, "discover": false, "dist": true, "mode": "map"}