{"pos": [[0, 0], [0, 1], [0, 2], [0, 3], [0, 4], [0, 5], [0, 6], [0, 7], [1, 0], [1, 1], [1, 2], [1, 3], [1, 4], [1, 5], [1, 6], [1, 7], [2, 0], [2, 1], [2, 2], [2, 3], [2, 4], [2, 5], [2, 6], [2, 7], [3, 0], [3, 1], [3, 2], [3, 3], [3, 4], [3, 5], [3, 6], [3, 7], [4, 0], [4, 1], [4, 2], [4, 3], [4, 4], [4, 5], [4, 6], [4, 7], [5, 0], [5, 1], [5, 2], [5, 3], [5, 4], [5, 5], [5, 6], [5, 7], [6, 0], [6, 1], [6, 2], [6, 3], [6, 4], [6, 5], [6, 6], [6, 7], [7, 0], [7, 1], [7, 2], [7, 3], [7, 4], [7, 5], [7, 6], [7, 7]], "edges": [[0, 1, 0.14236032690135125], [0, 8, 0.17389413522525543], [1, 2, 0.5549581277718708], [1, 9, 0.9976823321635006], [2, 3, 0.6273633564983414], [2, 10, 0.5098907849965842], [3, 4, 0.03125047420928739], [3, 11, 0.3280189325803823], [4, 5, 0.579231504982312], [5, 6, 0.5741915481669959], [6, 7, 0.14551486930627433], [6, 14, 0.5745000731777637], [8, 16, 0.15537428173731005], [9, 17, 0.7114828897222433], [10, 18, 0.015261443660550711], [11, 12, 0.01701962581729488], [11, 19, 0.72858065150063], [12, 13, 0.756220733612363], [12, 20, 0.30380116476029717], [13, 14, 0.06763655508447175], [14, 15, 0.5459570213333167], [16, 17, 0.33076050859481265], [16, 24, 0.4442798248133021], [17, 25, 0.9896781068684561], [18, 19, 0.7782703346035837], [18, 26, 0.7623747977630556], [19, 27, 0.7734706578546552], [20, 21, 0.230641419627029], [20, 28, 0.37323036041678503], [21, 22, 0.08966094063154051], [21, 29, 0.86580231806308], [22, 23, 0.4057997930898274], [22, 30, 0.7345664834451924], [24, 32, 0.2553461237464191], [25, 33, 0.6576707319966496], [26, 34, 0.7463302908488529], [27, 28, 0.805473080891001], [27, 35, 0.12860511670934072], [28, 29, 0.9817184481682307], [29, 30, 0.5959237632488456], [29, 37, 0.7533111112164551], [30, 31, 0.03875178192634354], [32, 33, 0.6054952600154746], [32, 40, 0.04426301726377313], [33, 34, 0.09367939653067814], [33, 41, 0.08805021803808055], [34, 42, 0.8869161494052793], [35, 36, 0.04731214482741497], [36, 37, 0.12935865472710883], [37, 38, 0.8101726996489239], [37, 45, 0.8073072375509764], [38, 39, 0.512076758230935], [40, 41, 0.3022261879722188], [40, 48, 0.6999390411133288], [41, 42, 0.07325601795794623], [42, 43, 0.018192890636102854], [43, 44, 0.5730411272965992], [43, 51, 0.8893373006480566], [45, 46, 0.036243125836303625], [45, 53, 0.8877764391952071], [46, 47, 0.4509113553065005], [46, 54, 0.5677574566045493], [48, 49, 0.2709842367101948], [48, 56, 0.731463844569194], [49, 50, 0.8754641830740539], [50, 51, 0.6528609642922111], [51, 52, 0.7143529798591818], [51, 59, 0.697038051969002], [52, 60, 0.6904915322887377], [53, 61, 0.17092651618451038], [15, 23, 0.2510474918845046], [31, 39, 0.3626782839410325], [39, 47, 0.4206938290766643], [47, 55, 0.8394169947801153], [56, 57, 0.2810091958565243], [57, 58, 0.5141886272866143], [58, 59, 0.7870422987523773], [59, 60, 0.0752639959360425], [60, 61, 0.5879429105178896], [61, 62, 0.688201714997939], [62, 63, 0.04629431517314686]], "oriented": false, "discover": false, "dist": true, "mode": "map"}